MMS Id,subject_clean,genres
99118347201421.0,child literature american popular prose children juvenile young,"['Popular Culture & Media', 'Children & Young Adult']"
9927597611601420.0,child literature children juvenile young,['Children & Young Adult']
99228073301421.0,child literature education high children juvenile young education teaching,['Children & Young Adult']
99142252501421.0,child literature children juvenile young,['Children & Young Adult']
9943560901421.0,child literature children juvenile young,['Children & Young Adult']
9933188901421.0,toy and movable book child literature english children juvenile young,['Children & Young Adult']
9945261501421.0,book and read literature interest,['Holocaust & Jewish Studies']
9932780201421.0,wit and humor juvenile child children juvenile young comedy humor,"['Comedy & Humor', 'Children & Young Adult']"
9994682301421.0,child literature character and characteristic children juvenile young,['Children & Young Adult']
9927674936901420.0,child literature death and children juvenile young,['Children & Young Adult']
9927749500101420.0,child literature fantasy fiction fantastic the criticism interpretation etc children juvenile young,"['Science Fiction & Fantasy', 'Children & Young Adult']"
9987843701421.0,child literature history children juvenile young,['Children & Young Adult']
9924655430001420.0,child literature english american homicide crime popular culture and society social value murder children juvenile young,"['Popular Culture & Media', 'Children & Young Adult']"
99135491801421.0,child literature children juvenile young,['Children & Young Adult']
9994777801421.0,child literature children juvenile young,['Children & Young Adult']
99133575301421.0,child literature racism textbook children juvenile young,['Children & Young Adult']
9927715112801420.0,child literature american race racism children juvenile young,"['Journalism & Politics', 'Children & Young Adult']"
9957949701421.0,child literature sexism girl boy play toy children juvenile young,['Children & Young Adult']
9970576001421.0,child literature translate and interpreting children juvenile young,"['Holocaust & Jewish Studies', 'Children & Young Adult']"
9927814302501420.0,barry lynda child literature girl violence criticism interpretation etc children juvenile young,['Children & Young Adult']
9928292058101420.0,child literature young adult gender identity queer theory philosophical concept children juvenile young,"['Holocaust & Jewish Studies', 'Children & Young Adult']"
9970368001421.0,child literature children juvenile young,['Children & Young Adult']
9987836801421.0,infant child literature children juvenile young,['Children & Young Adult']
9927757312001420.0,child book literature illustrate print and read criticism interpretation etc history children juvenile young,"['Holocaust & Jewish Studies', 'Children & Young Adult']"
99111248101421.0,child literature children juvenile young,['Children & Young Adult']
9994680501421.0,child literature american children juvenile young,['Children & Young Adult']
99199507701421.0,child literature young adult children juvenile young,['Children & Young Adult']
9986645201421.0,child literature young adult fantasy children juvenile young,['Children & Young Adult']
9968362501421.0,child literature children juvenile young,['Children & Young Adult']
99133581501421.0,child literature children juvenile young,['Children & Young Adult']
9927686196401420.0,young adult literature teenager,['Children & Young Adult']
99144078701421.0,child literature children juvenile young,['Children & Young Adult']
9927838514001420.0,child literature illustrate book criticism interpretation etc children juvenile young,['Children & Young Adult']
9987838701421.0,child literature children juvenile young,['Children & Young Adult']
9984673301421.0,child literature children juvenile young,['Children & Young Adult']
99133851501421.0,literature child american african author artist americans black illustrator children juvenile young,['Children & Young Adult']
9927597604101420.0,child book literature children juvenile young,['Children & Young Adult']
99225571801421.0,illustrate child book literature illustration picture for children juvenile young,['Children & Young Adult']
99107391901421.0,child literature english children juvenile young,['Children & Young Adult']
99201515801421.0,child literature young adult read children juvenile young,['Children & Young Adult']
99149920601421.0,child literature children juvenile young,['Children & Young Adult']
9927769807501420.0,child literature narration rhetoric criticism interpretation etc children juvenile young,"['Poetry', 'Children & Young Adult']"
9970876801421.0,child literature american children juvenile young,['Children & Young Adult']
9927674941201420.0,authorship author and publisher art american work realization,"['Comedy & Humor', 'Journalism & Politics']"
9931809601421.0,poetry,['Poetry']
9965250201421.0,poetry modern,['Poetry']
99117958601421.0,poetry modern,['Poetry']
99119932701421.0,poetic english poetry,"['Poetry', 'Broadcasting & Television']"
9985985901421.0,poetry poet,"['Poetry', 'Science Fiction & Fantasy']"
99146446201421.0,poetry,['Poetry']
9928018548501420.0,poetry poetic glossary vocabulary etc dictionary,"['Poetry', 'Broadcasting & Television']"
9942836901421.0,poetry poetic,"['Poetry', 'Broadcasting & Television']"
9967148101421.0,poetry poet,"['Poetry', 'Science Fiction & Fantasy']"
9943173701421.0,english poetry,['Poetry']
998141301421.0,english poetry,['Poetry']
9951787301421.0,poetry english,['Poetry']
9929919001421.0,poetry english closure rhetoric,['Poetry']
9924740610001420.0,poetry poetic,"['Poetry', 'Broadcasting & Television']"
9927558058301420.0,poetry,['Poetry']
9927452700001420.0,poetic poetry,"['Poetry', 'Broadcasting & Television']"
9965792901421.0,poetry criticism,['Poetry']
9927621709601420.0,poetic poetry,"['Poetry', 'Broadcasting & Television']"
99220416301421.0,literature and technology creation literary artistic etc creative writing author the internet modernism poetic,"['Journalism & Politics', 'Documentary']"
99149094101421.0,poetry heidegger martin,"['Poetry', 'Journalism & Politics']"
99149514401421.0,thought and think language poetry,['Poetry']
9933535201421.0,poetry criticism,['Poetry']
99146796001421.0,poetry,['Poetry']
9965793201421.0,glover richard poetry epic,"['Poetry', 'Modernism & Postmodernism']"
9927590359201420.0,poetry philosophy,"['Gender & Sexuality Identity', 'Poetry']"
9956277301421.0,poetry english,['Poetry']
9927726504401420.0,hemans gray thomas wolfe poetry recitation education education teaching,"['Poetry', 'Film & Theater']"
9928344155401420.0,poetry poet blank verse literary criticism,"['Poetry', 'Science Fiction & Fantasy']"
9958133001421.0,poetry,['Poetry']
9995214101421.0,english literature,['Film & Theater']
9956277401421.0,poetry,['Poetry']
99218708401421.0,freedom and art poetry creative writing,"['Poetry', 'Journalism & Politics']"
9927568601801420.0,poetic poetry,"['Poetry', 'Broadcasting & Television']"
99149199201421.0,poetic literature and moral culture globalization politic,"['Journalism & Politics', 'Popular Culture & Media', 'Broadcasting & Television', 'Film & Theater', 'Documentary']"
9927665671601420.0,poetry creative writing,"['Poetry', 'Journalism & Politics']"
9944179001421.0,plato nietzsche friedrich wilhelm poetic orpheus,['Broadcasting & Television']
9958221201421.0,poetry aesthetic,['Poetry']
9932135901421.0,poetic,['Broadcasting & Television']
9933427901421.0,poetic mimesis literature tragedy comedy,"['Broadcasting & Television', 'Horror & Mystery', 'Documentary']"
9973856201421.0,poetry aesthetic rhetoric ancient,['Poetry']
9965793401421.0,poetry,['Poetry']
9932526101421.0,poetic aesthetic ancient tragedy,"['Broadcasting & Television', 'Horror & Mystery']"
9927505694601420.0,poetic,['Broadcasting & Television']
9924750070001420.0,poetry,['Poetry']
9927475612201420.0,poetic,['Broadcasting & Television']
99207833201421.0,poetry,['Poetry']
99207585801421.0,poetry,['Poetry']
9930889501421.0,poetic imagery psychology literature figure speech,"['Science Fiction & Fantasy', 'Broadcasting & Television']"
9927504314101420.0,poetic poetry poet,"['Poetry', 'Science Fiction & Fantasy', 'Broadcasting & Television']"
9956277501421.0,poetic english language,"['Poetry', 'Broadcasting & Television']"
9944921801421.0,poetic,['Broadcasting & Television']
99134521201421.0,poetic poetry,"['Poetry', 'Broadcasting & Television']"
99148941301421.0,poetry poetic criticism interpretation etc,"['Poetry', 'Broadcasting & Television']"
99207922801421.0,poetic poetry,"['Poetry', 'Broadcasting & Television']"
9927493901801420.0,poetry,['Poetry']
9928109556201420.0,poetry poetic criticism interpretation etc history literary,"['Poetry', 'Broadcasting & Television']"
9927452510001420.0,poetry virtue literature,['Poetry']
9928005911501420.0,poetry poetic collection,"['Poetry', 'Broadcasting & Television']"
9931837701421.0,poetry author and reader response criticism,"['Poetry', 'Science Fiction & Fantasy']"
99146385701421.0,poetic versification literary form,"['Broadcasting & Television', 'Documentary']"
9942871101421.0,poetic,['Broadcasting & Television']
9951858801421.0,poetic rhythm psychoanalysis and literature,"['Holocaust & Jewish Studies', 'Broadcasting & Television']"
99219499501421.0,genette poetic criticism,['Broadcasting & Television']
9927588693301420.0,poetry,['Poetry']
9927945714001420.0,poetic,['Broadcasting & Television']
9925477030001420.0,poet poetry,"['Poetry', 'Science Fiction & Fantasy']"
9928154754601420.0,place philosophy memory historical poetry,"['Gender & Sexuality Identity', 'Poetry', 'Holocaust & Jewish Studies', 'Comedy & Humor']"
9931906601421.0,poetry,['Poetry']
9929257901421.0,free verse poetry modern poetic,"['Poetry', 'Broadcasting & Television']"
99207690601421.0,poetry creation literary artistic etc poetic,"['Poetry', 'Broadcasting & Television', 'Documentary']"
99226559601421.0,poetry,['Poetry']
9927493891201420.0,poetry american,['Poetry']
9958023601421.0,,[]
99227117501421.0,poetry,['Poetry']
99198378201421.0,poetry,['Poetry']
99133417901421.0,poetry,['Poetry']
99134275901421.0,poetry,['Poetry']
99217673801421.0,computer poetry interactive multimedia hypertext system,"['Poetry', 'Documentary']"
99201795001421.0,poetry html document markup language electronic book,"['Poetry', 'Electronic & Digital Media']"
99148797301421.0,title poem rhetoric,['Poetry']
9988597001421.0,poetry translate and interpreting leopardi giacomo,"['Poetry', 'Holocaust & Jewish Studies']"
9994745001421.0,poetry,['Poetry']
99220729401421.0,poetry,['Poetry']
99149610301421.0,poetry,['Poetry']
9928459382101420.0,poetry poetic,"['Poetry', 'Broadcasting & Television']"
9925477490001420.0,wordsworth nature literature romanticism,['Film & Theater']
99148797101421.0,philosophy and theory literature literary study not limit date poetry criticism religion,"['Gender & Sexuality Identity', 'Poetry']"
9967093501421.0,poetry ethic literature emmanuel bakhtin mandelʹshtam osip celan paul,"['Poetry', 'Documentary', 'Mass Media & Communication']"
9981010301421.0,poetry phenomenology and literature wittgenstein ludwig kraus karl paul,"['Poetry', 'Mass Media & Communication']"
9932068501421.0,poetry modern philosophy mind myth literature language and knowledge theory,"['Gender & Sexuality Identity', 'Poetry']"
99217681301421.0,williams micheal hill geoffrey theology literature christianity,"['Film & Theater', 'Documentary']"
9927674943201420.0,religious poetry christian religion literature god,"['Poetry', 'Film & Theater', 'Popular Culture & Media']"
9927556405101420.0,poetry nationalism literature war and criticism interpretation etc,"['Journalism & Politics', 'Film & Theater', 'Poetry']"
9932740001421.0,poetry literature and history narration rhetoric,['Poetry']
9927452710001420.0,poetic literary movement cold war poetry community activist,"['Poetry', 'Journalism & Politics']"
99141707201421.0,dante alighieri spenser edmund crane hart homosexuality literature poetry,"['Gender & Sexuality Identity', 'Poetry']"
9927895893201420.0,metaphor poetry psychology and literature,"['Poetry', 'Science Fiction & Fantasy']"
9927886513801420.0,poetry modern copying process digital medium literature and technology criticism interpretation etc,"['Poetry', 'Documentary']"
9927502695901420.0,war poetry english french german world,"['Poetry', 'Holocaust & Jewish Studies', 'Journalism & Politics']"
99199403101421.0,war poetry,"['Poetry', 'Journalism & Politics']"
9988600201421.0,poetry and child children juvenile young,['Children & Young Adult']
9944774201421.0,,[]
9985797501421.0,poetry motherhood and the art woman literature,"['Gender & Sexuality Identity', 'Poetry', 'Mass Media & Communication']"
99228072801421.0,poetry and the internet,"['Poetry', 'Modernism & Postmodernism']"
99220361101421.0,poetry creative writing secondary education science literature language experience approach interdisciplinary education teaching,"['Poetry', 'Journalism & Politics']"
99140537501421.0,poetry modern,['Poetry']
9933428101421.0,poetry reader response criticism read,"['Poetry', 'Science Fiction & Fantasy', 'Holocaust & Jewish Studies']"
9945792301421.0,poetry,['Poetry']
99146832001421.0,poetry,['Poetry']
99146832101421.0,poetry,['Poetry']
9929889801421.0,poetry,['Poetry']
99133404301421.0,poetry,['Poetry']
99148934301421.0,poetry literature,['Poetry']
9956277701421.0,poetry fiction rhetoric,"['Poetry', 'Science Fiction & Fantasy']"
99214724001421.0,poetry poetic diary,"['Poetry', 'Broadcasting & Television']"
9976135401421.0,poetry,['Poetry']
9931289001421.0,poetry pictura poesis aesthetic,['Poetry']
9927589323401420.0,poetry kitsch banality philosophy literature,"['Gender & Sexuality Identity', 'Poetry']"
9927687803401420.0,poetry,['Poetry']
9931487101421.0,poetry criticism,['Poetry']
99206884001421.0,poetry modern,['Poetry']
9927597513401420.0,poetry modern romanticism poetic,"['Poetry', 'Holocaust & Jewish Studies', 'Broadcasting & Television']"
99116591501421.0,poetry modern philosophy literature,"['Gender & Sexuality Identity', 'Poetry']"
9958594601421.0,petrarca francesco love poetry european romance language,"['Poetry', 'Film & Theater', 'Modernism & Postmodernism']"
9943010701421.0,european poetry pictura poesis aesthetic painting renaissance,"['Poetry', 'Modernism & Postmodernism']"
99115736801421.0,european poetry,"['Poetry', 'Modernism & Postmodernism']"
9944392201421.0,augustine tasso torquato spenser edmund milton poetry modern creation literature redemption,"['Poetry', 'Documentary']"
9928340415301420.0,poetry modern romanticism literature form expression literary criticism,"['Poetry', 'Holocaust & Jewish Studies']"
99117164201421.0,european poetry,"['Poetry', 'Modernism & Postmodernism']"
9927586161501420.0,european poetry world war poet revolution social change nationalism internationalism europe,"['Science Fiction & Fantasy', 'Modernism & Postmodernism']"
9927902011701420.0,poetry poet literary criticism interpretation etc,"['Poetry', 'Science Fiction & Fantasy']"
9932413101421.0,poetry modern symbolism literary movement literature,"['Poetry', 'Journalism & Politics']"
99200072801421.0,poetry modern,['Poetry']
9943860301421.0,poetry modern scottish american identity psychology literature home,"['Poetry', 'Science Fiction & Fantasy']"
9951513101421.0,odyssea european poetry poet,"['Poetry', 'Science Fiction & Fantasy', 'Modernism & Postmodernism']"
99206143801421.0,ruin literature city and town poetry modern,['Poetry']
99227167301421.0,poetry modern modernism literature,"['Poetry', 'Modernism & Postmodernism']"
9927919511501420.0,poetry modern,['Poetry']
9925478030001420.0,poetry modern modernism literature,"['Poetry', 'Modernism & Postmodernism']"
99119635401421.0,poetry modernism literature symbolism literary movement,"['Journalism & Politics', 'Modernism & Postmodernism', 'Poetry']"
99207558101421.0,poetry benjamin walter multilingualism and literature,"['Poetry', 'Mass Media & Communication']"
9928004508101420.0,poetry modern poetic criticism interpretation etc,"['Poetry', 'Broadcasting & Television']"
9928051597001420.0,poetry modern literature and globalization,"['Poetry', 'Film & Theater']"
9943583201421.0,poetry literary style,"['Poetry', 'Journalism & Politics']"
9928344826801420.0,america poetry literary criticism,['Poetry']
99207284801421.0,epic poetry,"['Poetry', 'Modernism & Postmodernism']"
99198396601421.0,epic poetry woman literature,"['Gender & Sexuality Identity', 'Poetry', 'Modernism & Postmodernism']"
9932927601421.0,epic poetry literature and history literary form,"['Gender & Sexuality Identity', 'Poetry', 'Modernism & Postmodernism']"
99219072901421.0,epic poetry literature classical,"['Poetry', 'Modernism & Postmodernism']"
99133350701421.0,epic poetry european god literature,"['Poetry', 'Modernism & Postmodernism']"
9933404601421.0,folk poetry oral tradition,"['Poetry', 'Journalism & Politics']"
9951846801421.0,folk poetry medieval oral tradition formulaic analysis,"['Journalism & Politics', 'Film & Theater', 'Poetry']"
9945273301421.0,folk poetry folksong metaphor oral tradition,"['Poetry', 'Journalism & Politics']"
99207073501421.0,lyric poetry russian polish politic and literature,"['Gender & Sexuality Identity', 'Poetry', 'Journalism & Politics']"
9927489611701420.0,lyric poetry,['Poetry']
99148788501421.0,lyric poetry poetic,"['Poetry', 'Broadcasting & Television']"
99135344001421.0,authorship literature modern,['Film & Theater']
99117277301421.0,authorship book and read author reader,"['Science Fiction & Fantasy', 'Holocaust & Jewish Studies']"
9932661901421.0,authorship english language,['Poetry']
9974093701421.0,jesus christ,[]
99207707601421.0,elegiac poetry,['Poetry']
9956598301421.0,elegiac poetry death literature sex orpheus,"['Poetry', 'Modernism & Postmodernism', 'Popular Culture & Media']"
9970038601421.0,man magazine,['Gender & Sexuality Identity']
9970843901421.0,authorship electronic publishing,['Electronic & Digital Media']
99199606001421.0,mock heroic literature english poetry french german,"['Gender & Sexuality Identity', 'Poetry', 'Holocaust & Jewish Studies']"
9951846201421.0,authorship copyright author and publisher french poetry renaissance,"['Gender & Sexuality Identity', 'Poetry', 'Journalism & Politics', 'Modernism & Postmodernism']"
9927714410501420.0,authorship invention rhetoric literature medieval english author criticism interpretation etc history,"['Poetry', 'Film & Theater']"
9951929901421.0,authorship literature,['Film & Theater']
9927880413501420.0,authorship,[]
99133186601421.0,authorship english language,['Poetry']
9932760401421.0,authorship,[]
99198319701421.0,write authorship,['Broadcasting & Television']
9928010001101420.0,goldberg natalie authorship interview,['Broadcasting & Television']
9927490562701420.0,authorship book and read comparative literature,"['Gender & Sexuality Identity', 'Holocaust & Jewish Studies']"
9927519871101420.0,creative writing,['Journalism & Politics']
9927827003901420.0,imaginary society authorship creation literary artistic etc fiction narration rhetoric,"['Poetry', 'Documentary']"
99226924701421.0,authorship prose literature creative nonfiction,['Film & Theater']
99215290401421.0,authorship,[]
9924669880001420.0,creative nonfiction autobiography essay prose literature,['Film & Theater']
99198393001421.0,authorship english language intercultural communication and culture,"['Poetry', 'Popular Culture & Media']"
9965737001421.0,authorship,[]
99205499901421.0,authorship creative writing,['Journalism & Politics']
9931531301421.0,authorship,[]
9927966512401420.0,authorship creative writing literature,['Journalism & Politics']
99125700301421.0,authorship literature and society,['Holocaust & Jewish Studies']
99199492801421.0,authorship english language historiography,"['Poetry', 'Journalism & Politics']"
9927556403801420.0,authorship creation literary artistic etc puzzle,['Documentary']
99115742301421.0,authorship place philosophy,"['Gender & Sexuality Identity', 'Comedy & Humor']"
99134274901421.0,authorship dissertation academic,[]
9927720745601420.0,authorship creative writing research,['Journalism & Politics']
99215644401421.0,authorship author and publisher academic writing,['Journalism & Politics']
9928125757101420.0,academic writing authorship author and publisher handbook manual,['Journalism & Politics']
9947027601421.0,authorship research bibliography reference book,['Electronic & Digital Media']
9928241359101420.0,scholarly publishing academic writing authorship,['Journalism & Politics']
9924633130001420.0,authorship fiction plot drama novel etc,['Documentary']
99119257801421.0,authorship author electronic book,['Electronic & Digital Media']
9927719406501420.0,authorship english language handbook and manual style,"['Poetry', 'Journalism & Politics']"
99134276101421.0,authorship,[]
9958428801421.0,authorship author and publisher,['Journalism & Politics']
9928147358801420.0,authorship edit english language,"['Poetry', 'Broadcasting & Television']"
99121863301421.0,authorship,[]
9956464801421.0,authorship,[]
9958036001421.0,author and publisher authorship,['Journalism & Politics']
9958634701421.0,authorship journalism,['Broadcasting & Television']
9927788772401420.0,manuscript preparation authorship journalism peer review publisher and publishing handbook manual,['Journalism & Politics']
9992146701421.0,authorship,[]
99225139801421.0,authorship bibliographical citation scholarly publishing academic writing,['Journalism & Politics']
9927719394301420.0,authorship creation literary artistic etc english language,"['Poetry', 'Documentary']"
9928299828501420.0,american literature literary criticism markson david cultural appropriation art violence authorship technology interpretation etc,"['Gender & Sexuality Identity', 'Film & Theater', 'Documentary']"
9927940312501420.0,miller adrienne woman author american periodical editor journalism esquire wallace david foster united states autobiography biography,"['Gender & Sexuality Identity', 'Film & Theater']"
99208102501421.0,onassis jacqueline kennedy book editor president spouse,"['Poetry', 'Electronic & Digital Media']"
9942400201421.0,authorship creation literary artistic etc age woman and literature,"['Gender & Sexuality Identity', 'Documentary']"
99220787401421.0,authorship,[]
9968672801421.0,authorship college teacher author academic writing,"['Journalism & Politics', 'Broadcasting & Television']"
9951845001421.0,authorship fear literature truth,['Film & Theater']
9933436501421.0,authorship,[]
9984633601421.0,european literature classical authorship,['Modernism & Postmodernism']
9956793201421.0,authorship artist,[]
9944436501421.0,authorship,[]
9942925001421.0,authorship,[]
9944453301421.0,authorship psychoanalysis and literature censorship,"['Holocaust & Jewish Studies', 'Journalism & Politics']"
9927496634101420.0,authorship creative writing,['Journalism & Politics']
9956912401421.0,sonnet literature,['Film & Theater']
9943583001421.0,poetry modern poetic,"['Poetry', 'Broadcasting & Television']"
9927781313301420.0,carroll lewis jabberwocky nonsense verse translate and interpreting criticism interpretation etc,['Holocaust & Jewish Studies']
99207586801421.0,sound poetry,"['Poetry', 'Broadcasting & Television']"
9927784577601420.0,author and publisher authorship edit,['Journalism & Politics']
9940729201421.0,dialogue authorship reader response criticism,"['Science Fiction & Fantasy', 'Popular Culture & Media']"
99107363001421.0,dialogue european literature,['Modernism & Postmodernism']
99112771801421.0,dialogue literature european,['Modernism & Postmodernism']
9928087470801420.0,creation literary artistic etc creative writing dialogue fiction motion picture authorship playwrite poetry,"['Journalism & Politics', 'Documentary']"
99146067201421.0,hebrew literature modern erotic,['Film & Theater']
9928091385101420.0,,[]
9932497101421.0,library congress perform art,['Film & Theater']
9928077990701420.0,perform art archive museum performance,['Film & Theater']
9931882101421.0,perform art,['Film & Theater']
9987752201421.0,entertainer dramatist composer,['Film & Theater']
9927571913601420.0,entertainer celebrity,"['Film & Theater', 'Mass Media & Communication']"
99199515901421.0,entertainer,['Film & Theater']
99119098001421.0,celebrity,['Mass Media & Communication']
99149404001421.0,perform art,['Film & Theater']
9928085278901420.0,autobiography genre ethnology perform art,"['Film & Theater', 'Documentary']"
9957361401421.0,perform art,['Film & Theater']
99220192101421.0,perform art electronic book,"['Electronic & Digital Media', 'Film & Theater']"
9927493659101420.0,perform art,['Film & Theater']
9947027801421.0,perform art,['Film & Theater']
9928076165401420.0,,[]
9931132401421.0,perform art,['Film & Theater']
9932400701421.0,perform art,['Film & Theater']
99200198301421.0,perform art,['Film & Theater']
9928083678701420.0,brooklyn academy music perform art hopkin karen brooks new york president state,['Journalism & Politics']
9956225401421.0,perform art,['Film & Theater']
9942924001421.0,perform art dance,"['Film & Theater', 'Modernism & Postmodernism']"
9932363201421.0,sex the perform art,"['Film & Theater', 'Popular Culture & Media']"
9942428601421.0,feminist theater performance art feminism and,"['Gender & Sexuality Identity', 'Film & Theater']"
9945149501421.0,feminism and theater feminist woman the,"['Gender & Sexuality Identity', 'Film & Theater']"
9943072801421.0,woman the theater feminism and drama act,"['Gender & Sexuality Identity', 'Film & Theater']"
9943772901421.0,woman the theater,['Film & Theater']
9929067401421.0,feminism and theater feminist literary criticism,"['Gender & Sexuality Identity', 'Film & Theater']"
9944316901421.0,woman the theater space and time literature sex role european drama,"['Gender & Sexuality Identity', 'Film & Theater', 'Popular Culture & Media', 'Modernism & Postmodernism']"
9945194601421.0,feminism and theater feminist drama,"['Gender & Sexuality Identity', 'Film & Theater']"
9967125601421.0,perform art radio audience television viewer,"['Film & Theater', 'Broadcasting & Television']"
9927879986501420.0,perform art audience england civilization history,['Film & Theater']
9927472911701420.0,perform art participatory theater,['Film & Theater']
99147578601421.0,actress blacklisting entertainer woman dramatist american author united states electronic book,"['Electronic & Digital Media', 'Film & Theater']"
9994607301421.0,blacklisting entertainer author communism,['Film & Theater']
9928037697001420.0,american literature united states african americans the perform art race relation,"['Journalism & Politics', 'Film & Theater']"
9928073053201420.0,black theater feminist people the woman great britain history source,"['Gender & Sexuality Identity', 'Film & Theater', 'Broadcasting & Television']"
9984532501421.0,black the perform art theater drama literature,['Film & Theater']
9927664705801420.0,african americans the perform art american literature harlem renaissance theater modernism aesthetics,"['Film & Theater', 'Modernism & Postmodernism']"
9927827001401420.0,black the perform art people,"['Film & Theater', 'Broadcasting & Television']"
9928083679301420.0,american fiction satire african americans the perform art criticism interpretation etc,"['Science Fiction & Fantasy', 'Film & Theater', 'Broadcasting & Television']"
9927732211501420.0,black people the perform art united states cuba haiti diplomatic relation race history,"['Journalism & Politics', 'Film & Theater', 'Broadcasting & Television']"
9927693495301420.0,african american woman entertainer americans the perform art united states,['Film & Theater']
9928085280301420.0,character and characteristic the perform art act authorship literature,"['Electronic & Digital Media', 'Film & Theater']"
9928085279501420.0,cultural relation drama festival theater and society,['Film & Theater']
99121844601421.0,perform art,['Film & Theater']
9927827001301420.0,gay and the perform art homosexuality theater hispanic american african critical pedagogy people performance united states,"['Gender & Sexuality Identity', 'Film & Theater']"
99128663901421.0,gay the perform art and theater,"['Gender & Sexuality Identity', 'Film & Theater']"
9928095972901420.0,gay the perform art english drama american people homosexuality theater criticism interpretation etc,"['Gender & Sexuality Identity', 'Film & Theater']"
99135070501421.0,gay the perform art jews homosexuality motion picture jewish drama literature,"['Gender & Sexuality Identity', 'Holocaust & Jewish Studies', 'Film & Theater']"
9927784574301420.0,gay and the perform art homosexuality theater american drama aids disease literature people united states,"['Gender & Sexuality Identity', 'Film & Theater']"
99117998801421.0,people with disability and the perform art,['Film & Theater']
9927620905501420.0,bel jérôme actor with disability people and the perform art theater society,['Film & Theater']
9928082785001420.0,irish americans the perform art revue travel theater united states history,"['Comedy & Humor', 'Film & Theater']"
99133829901421.0,jews the perform art motion picture television american drama literature,"['Holocaust & Jewish Studies', 'Film & Theater', 'Broadcasting & Television']"
9991652401421.0,jews the perform art popular culture comic book strip etc,"['Comics & Graphic Novels', 'Popular Culture & Media']"
99199409701421.0,sex the perform art lesbian music hall variety theater cabaret etc woman entertainer performance artist,"['Gender & Sexuality Identity', 'Film & Theater']"
9981006201421.0,perform art popular culture,"['Film & Theater', 'Popular Culture & Media']"
9928085278801420.0,feminism and the art metoo movement perform,"['Gender & Sexuality Identity', 'Journalism & Politics', 'Film & Theater']"
9927723201901420.0,american drama perform art group identity the psychic trauma theater united states historiography case study criticism interpretation etc,"['Journalism & Politics', 'Film & Theater']"
99227234401421.0,perform art,['Film & Theater']
9966680101421.0,perform art fame,['Film & Theater']
9927826306401420.0,perform art,['Film & Theater']
99116226901421.0,woman the theater perform art autobiography,['Film & Theater']
99111722401421.0,woman the theater perform art literature european drama,"['Film & Theater', 'Modernism & Postmodernism']"
99127757601421.0,woman the theater feminist drama english,"['Gender & Sexuality Identity', 'Film & Theater']"
9965908801421.0,feminism and theater drama woman the,"['Gender & Sexuality Identity', 'Film & Theater']"
9966963901421.0,woman the theater feminism and actress,"['Gender & Sexuality Identity', 'Film & Theater']"
9943583401421.0,woman comedian stand comedy,"['Comedy & Humor', 'Broadcasting & Television', 'Film & Theater']"
9966639901421.0,woman the perform art rite and ceremony intercultural communication,"['Film & Theater', 'Popular Culture & Media']"
9969184701421.0,woman the theater dramatist,['Film & Theater']
99219097401421.0,drama,['Film & Theater']
9927786912601420.0,author and publisher authorship literary agent,"['Journalism & Politics', 'Documentary']"
99220545701421.0,publishing,[]
99220545501421.0,publishing author and publisher demand printing electronic book,"['Electronic & Digital Media', 'Journalism & Politics']"
9933426601421.0,scholarly publishing philology,[]
9927880412901420.0,balzac dostoyevsky fyodor zola authorship economic and literature serialized fiction publisher publishing criticism interpretation etc history,"['Science Fiction & Fantasy', 'Journalism & Politics', 'Film & Theater']"
9928035897201420.0,book proposal scholarly publishing,['Electronic & Digital Media']
9973533201421.0,authorship autobiography american literature,['Film & Theater']
9989982801421.0,authorship scholarly publishing,[]
99141420801421.0,manuscript academic writing,['Journalism & Politics']
99119208801421.0,fiction edit,"['Science Fiction & Fantasy', 'Broadcasting & Television']"
9958671101421.0,oral tradition history indians america indigenous people,['Journalism & Politics']
9930723501421.0,edit criticism textual,['Broadcasting & Television']
9927686195401420.0,edit electronic publishing scholarly,"['Electronic & Digital Media', 'Broadcasting & Television']"
9927569213201420.0,edit authorship academic writing,['Journalism & Politics']
9927627805801420.0,edit print criticism textual proofread proof printing transmission text,['Broadcasting & Television']
99124020501421.0,edit translate and interpreting,"['Holocaust & Jewish Studies', 'Broadcasting & Television']"
9933846001421.0,edit criticism textual transmission text literature,"['Film & Theater', 'Broadcasting & Television']"
9985885201421.0,edit scholarly publishing,['Broadcasting & Television']
9944532801421.0,edit,['Broadcasting & Television']
9931294501421.0,edit criticism textual,['Broadcasting & Television']
9927803226901420.0,edit publisher and publishing essay,"['Journalism & Politics', 'Popular Culture & Media']"
9956934801421.0,edit,['Broadcasting & Television']
9933423401421.0,drama theater,['Film & Theater']
9932096801421.0,drama theater,['Film & Theater']
9957037001421.0,drama postmodernism literature,"['Film & Theater', 'Popular Culture & Media']"
9984563301421.0,drama english american commonwealth,['Film & Theater']
99146347401421.0,literary agent author and publisher watt pinker james,"['Journalism & Politics', 'Documentary']"
9956391601421.0,liepman ruth holocaust jewish literary agent,"['Holocaust & Jewish Studies', 'Documentary']"
9930818401421.0,drama,['Film & Theater']
99220687201421.0,drama tragedy,"['Film & Theater', 'Horror & Mystery']"
9930749901421.0,theater drama,['Film & Theater']
9930366501421.0,drama theater,['Film & Theater']
9958108801421.0,folk drama,['Film & Theater']
9932527601421.0,drama semiotics and literature theater,['Film & Theater']
99119937501421.0,literary landmark dickinson emily freud sigmund keller helen proust marcel,['Documentary']
9927556308801420.0,mccabe nancy child literature literary landmark children juvenile young,"['Gender & Sexuality Identity', 'Children & Young Adult']"
9988343101421.0,drama theater literature and society postcolonialism,"['Holocaust & Jewish Studies', 'Film & Theater']"
9965768801421.0,drama literature and society imperialism oppression psychology,"['Science Fiction & Fantasy', 'Holocaust & Jewish Studies', 'Film & Theater']"
9944443901421.0,drama theater literature and society politic,"['Holocaust & Jewish Studies', 'Film & Theater']"
9931390501421.0,theater and society intercultural communication drama,"['Film & Theater', 'Popular Culture & Media']"
9944180401421.0,drama act philosophy literature,"['Gender & Sexuality Identity', 'Film & Theater']"
99219100101421.0,drama theater performance religion and literature,"['Film & Theater', 'Popular Culture & Media']"
9927684204401420.0,book authorship,['Electronic & Digital Media']
9927583696901420.0,literary quarrel,['Documentary']
9927847612501420.0,anecdote european literature europe civilization enlightenment intellectual life criticism interpretation etc,"['Poetry', 'Film & Theater', 'Broadcasting & Television', 'Modernism & Postmodernism']"
9930990501421.0,authorship author,[]
9931207901421.0,drama future the literature utopias,['Film & Theater']
9930972601421.0,drama terrorism literature violence theater,"['Film & Theater', 'Broadcasting & Television']"
9945041801421.0,british library alchemy literature,['Film & Theater']
99129123501421.0,european drama france,"['Film & Theater', 'Modernism & Postmodernism']"
9992734501421.0,drama grotesque literature,['Film & Theater']
9927814910701420.0,holocaust jewish literature drama theater child survivor collective memory criticism interpretation etc history children juvenile young,"['Holocaust & Jewish Studies', 'Film & Theater', 'Children & Young Adult']"
9925505830001420.0,holocaust jewish literature underground movement drama world war,"['Holocaust & Jewish Studies', 'Journalism & Politics']"
99146811201421.0,drama memory literature,"['Holocaust & Jewish Studies', 'Film & Theater']"
99219099101421.0,drama money literature wealth commerce social class electronic book,"['Electronic & Digital Media', 'Children & Young Adult']"
99227067301421.0,human body literature reproduction motherhood technology electronic book,"['Electronic & Digital Media', 'Film & Theater']"
99219096801421.0,drama theater robot literature mimesis motion,"['Film & Theater', 'Documentary']"
99127917401421.0,drama science literature scientist,"['Science Fiction & Fantasy', 'Film & Theater']"
99207543001421.0,drama sex role the theater gender identity,"['Holocaust & Jewish Studies', 'Film & Theater', 'Popular Culture & Media']"
9927784574101420.0,drama theater time literature perform art criticism interpretation etc history,"['Gender & Sexuality Identity', 'Film & Theater']"
9928084381501420.0,drama criticism interpretation etc literary,"['Film & Theater', 'Documentary']"
9956389201421.0,drama woman literature sex role theater yiddish,"['Gender & Sexuality Identity', 'Film & Theater', 'Popular Culture & Media']"
9927743704801420.0,drama archetype psychology literature feminism and group identity myth woman author criticism interpretation etc,"['Gender & Sexuality Identity', 'Science Fiction & Fantasy', 'Modernism & Postmodernism']"
9927565411801420.0,theater drama,['Film & Theater']
9927597512801420.0,drama,['Film & Theater']
9965147101421.0,theater act drama,['Film & Theater']
9931398901421.0,theater drama,['Film & Theater']
9969849901421.0,drama theater motion picture parent,['Film & Theater']
99215193801421.0,drama,['Film & Theater']
9932695801421.0,theater drama,['Film & Theater']
9956715601421.0,drama perform art fascism and national socialism human body philosophy literature,"['Gender & Sexuality Identity', 'Film & Theater', 'Modernism & Postmodernism']"
9927580002101420.0,drama theater and society stage adaptation literature,['Film & Theater']
9957015101421.0,literature imitation parody,['Film & Theater']
9943392301421.0,originality literature authorship,['Film & Theater']
9927556396901420.0,drama playwrite,['Film & Theater']
9984866901421.0,playwrite,['Film & Theater']
9928084382701420.0,drama dramaturge,['Film & Theater']
9928083676801420.0,drama playwrite,['Film & Theater']
9927671205701420.0,drama playwrite,['Film & Theater']
99205377801421.0,playwrite drama,['Film & Theater']
9927556393001420.0,playwrite author and theater drama,['Film & Theater']
9943301901421.0,playwrite woman dramatist drama,['Film & Theater']
99145302701421.0,drama,['Film & Theater']
9956969401421.0,playwrite dramatist american,['Film & Theater']
9927804108201420.0,one act play theater criticism interpretation etc,"['Film & Theater', 'Broadcasting & Television']"
99116062801421.0,playwrite,['Film & Theater']
9928085281301420.0,drama criticism interpretation etc,['Film & Theater']
9965253501421.0,drama theater translate and interpreting,"['Holocaust & Jewish Studies', 'Film & Theater']"
9944449901421.0,drama,['Film & Theater']
9965726401421.0,playwrite television authorship motion picture radio,"['Film & Theater', 'Broadcasting & Television']"
9927788772601420.0,drama dramaturge theater,['Film & Theater']
99116064201421.0,playwrite,['Film & Theater']
9928082485401420.0,drama,['Film & Theater']
9928091384901420.0,chile theater and society drama,['Film & Theater']
99147173801421.0,plagiarism cheat education college student education teaching,"['Comedy & Humor', 'Popular Culture & Media']"
99135069401421.0,plagiarism education high electronic book education teaching,"['Electronic & Digital Media', 'Popular Culture & Media']"
99118496101421.0,plagiarism,['Popular Culture & Media']
9968739101421.0,plagiarism,['Popular Culture & Media']
9996058401421.0,plagiarism impostor and imposture learning scholarship,['Popular Culture & Media']
99207240501421.0,plagiarism cheat education internet research education teaching,"['Modernism & Postmodernism', 'Popular Culture & Media']"
99143711001421.0,plagiarism cheat education internet research education teaching,"['Modernism & Postmodernism', 'Popular Culture & Media']"
99183483101421.0,plagiarism,['Popular Culture & Media']
9965219901421.0,drama set literature place philosophy,"['Gender & Sexuality Identity', 'Comedy & Humor', 'Film & Theater']"
9944744901421.0,drama character and characteristic literature,"['Gender & Sexuality Identity', 'Electronic & Digital Media', 'Film & Theater']"
9928084380601420.0,stage direction,['Film & Theater']
99198400201421.0,offstage action drama narration rhetoric,"['Poetry', 'Film & Theater', 'Mass Media & Communication']"
99219097201421.0,drama,['Film & Theater']
99226420201421.0,drama american,['Film & Theater']
9933129701421.0,drama reader response criticism theater audience,"['Science Fiction & Fantasy', 'Film & Theater']"
9932047301421.0,dramatic criticism,[]
99133308701421.0,barthe theater,['Film & Theater']
9956306901421.0,jackson james albert theater critic african americans the perform art harlem renaissance new york,"['Journalism & Politics', 'Film & Theater', 'Mass Media & Communication']"
9930707801421.0,literary forgery and mystification mimesis literature law pictura poesis aesthetic,"['Holocaust & Jewish Studies', 'Documentary']"
9944481001421.0,authorship point view literature modern woman sex difference psychology identification,"['Poetry', 'Science Fiction & Fantasy', 'Popular Culture & Media']"
9927821797901420.0,literature drama stage adaptation playwrite theater criticism interpretation etc,['Film & Theater']
99219443901421.0,literature intertextuality parody,['Gender & Sexuality Identity']
9927597510501420.0,literature graphic novel,"['Comedy & Humor', 'Film & Theater']"
9927784574201420.0,literature drama stage adaptation theater criticism interpretation etc,['Film & Theater']
9927845537501420.0,literature film adaptation intertextuality criticism interpretation etc,['Film & Theater']
9927556304101420.0,literature,['Film & Theater']
9968037801421.0,anonym and pseudonym english american,[]
99143068101421.0,authorship edit information technology,"['Journalism & Politics', 'Broadcasting & Television', 'Documentary']"
99201714501421.0,citation electronic information resource,"['Electronic & Digital Media', 'Journalism & Politics']"
9956519801421.0,bibliographical citation,[]
99198366701421.0,bibliographical citation mla handbook for writer research paper manual etc,['Journalism & Politics']
99217596401421.0,bibliographical citation,[]
9927825710101420.0,report write authorship research academic writing bibliographical citation style manual handbook and,['Journalism & Politics']
99111826501421.0,bibliographical citation plagiarism,['Popular Culture & Media']
99145300901421.0,bibliographical citation plagiarism,['Popular Culture & Media']
99217299301421.0,zotero bibliographical citation electronic information resource,"['Electronic & Digital Media', 'Journalism & Politics']"
99118933301421.0,literary forgery and mystification,['Documentary']
9982119601421.0,authorship dispute literary style language and,"['Poetry', 'Journalism & Politics']"
9927839107301420.0,french literature african american hoax literary forgery and mystification criticism interpretation etc,['Gender & Sexuality Identity']
9928085174001420.0,forgery literature literary and mystification,['Gender & Sexuality Identity']
9927675585701420.0,literary forgery and mystification classical literature ancient christian early,"['Film & Theater', 'Documentary', 'Modernism & Postmodernism']"
9984788001421.0,multilingualism and literature language culture,"['Poetry', 'Popular Culture & Media']"
99119024301421.0,multilingualism and literature,['Film & Theater']
99199975401421.0,online authorship,['Broadcasting & Television']
99146845001421.0,nobel prize literature modern,['Gender & Sexuality Identity']
99134275301421.0,authorship creative writing,['Journalism & Politics']
99128219801421.0,authorship,[]
99125694701421.0,authorship woman author,['Gender & Sexuality Identity']
99276118601421.0,authorship creation literary artistic etc creative ability cognitive science,"['Science Fiction & Fantasy', 'Journalism & Politics', 'Documentary']"
9969247301421.0,authorship,[]
9927825711201420.0,quotation english history,['Documentary']
99208110701421.0,quotation literature epitaph,"['Film & Theater', 'Documentary']"
9928168959301420.0,author english literature american criticism interpretation etc,['Film & Theater']
9928226957801420.0,authorship write artificial intelligence,"['Journalism & Politics', 'Broadcasting & Television']"
9989427401421.0,writer block authorship author creation literary artistic etc,['Documentary']
9987798401421.0,writer block authorship,[]
9931616401421.0,rhetoric poetic,"['Poetry', 'Broadcasting & Television']"
9946923601421.0,rhetoric,['Poetry']
9928018554501420.0,drama criticism interpretation etc,['Film & Theater']
9958432101421.0,rhetoric ancient electronic book,"['Poetry', 'Electronic & Digital Media']"
9965879201421.0,,[]
9945143401421.0,,[]
9944104401421.0,machiavelli rhetoric politic and literature,"['Poetry', 'Journalism & Politics']"
9944666201421.0,,[]
9927826307201420.0,plato philosophy ancient rhetoric sophist greek,"['Gender & Sexuality Identity', 'Poetry']"
9930851701421.0,rhetoric ancient,['Poetry']
99128136901421.0,rhetoric,['Poetry']
9984423501421.0,campbell george rhetoric english language,"['Poetry', 'Film & Theater']"
9976142201421.0,european drama theater,"['Film & Theater', 'Modernism & Postmodernism']"
9968730301421.0,rhetoric,['Poetry']
99116229801421.0,authorship,[]
9932972701421.0,barthe foucault michel derrida jacque authorship criticism subjectivity,"['Gender & Sexuality Identity', 'Journalism & Politics']"
9991388601421.0,rhetoric criticism frost,['Poetry']
9931024001421.0,rhetoric narration,['Poetry']
99199488501421.0,rhetoric,['Poetry']
9956955601421.0,rhetoric humanism,['Poetry']
9951859601421.0,rhetoric example literature,['Poetry']
9983809601421.0,theater drama medieval legend literature,['Film & Theater']
9932210601421.0,drama medieval forensic oratory law literature theater,"['Poetry', 'Film & Theater']"
9932687601421.0,drama medieval liturgical theater and society christian latin modern christianity literature,['Film & Theater']
9927489568701420.0,perform art storytelle byzantine empire turkey,"['Science Fiction & Fantasy', 'Film & Theater']"
99111620601421.0,drama medieval perform art,['Film & Theater']
99133307601421.0,mystery and miracle play drama medieval christian saint literature,"['Film & Theater', 'Horror & Mystery', 'Broadcasting & Television']"
99116208201421.0,english drama criticism textual,"['Film & Theater', 'Broadcasting & Television']"
9927682984501420.0,american fiction creative writing high education literature education teaching,"['Journalism & Politics', 'Popular Culture & Media']"
9973961101421.0,creative writing high education education teaching,"['Journalism & Politics', 'Popular Culture & Media']"
99111313801421.0,composition language art write communication discourse analysis report rhetoric,['Poetry']
99227479501421.0,authorship creative writing,['Journalism & Politics']
99133573201421.0,european drama neoclassicism literature,"['Film & Theater', 'Modernism & Postmodernism']"
99127781401421.0,european drama theater print publisher and publishing,"['Film & Theater', 'Modernism & Postmodernism']"
9957039201421.0,rhetoric feminism and literature woman author,['Poetry']
9924499600001420.0,rhetoric renaissance,"['Poetry', 'Modernism & Postmodernism']"
9957879701421.0,rhetoric negation logic subjectivity sophist greek philosophy,"['Gender & Sexuality Identity', 'Poetry', 'Journalism & Politics']"
9927722610501420.0,rhetoric history,['Poetry']
9943693001421.0,drama european literature subjectivity patriarchy power social science psychoanalysis and,"['Science Fiction & Fantasy', 'Film & Theater', 'Modernism & Postmodernism']"
9930690201421.0,european drama illusion literature criticism,"['Film & Theater', 'Modernism & Postmodernism']"
9944732501421.0,rhetoric medieval narration,"['Poetry', 'Film & Theater']"
9927749893901420.0,rhetoric early work,"['Poetry', 'Comedy & Humor']"
9982131701421.0,drama modernism literature,"['Film & Theater', 'Modernism & Postmodernism']"
99227289601421.0,drama,['Film & Theater']
9985862901421.0,drama,['Film & Theater']
99219098201421.0,european drama mythology literature electronic book,"['Electronic & Digital Media', 'Film & Theater']"
99207691001421.0,european drama theater the absurd philosophy literature,"['Gender & Sexuality Identity', 'Film & Theater', 'Modernism & Postmodernism']"
99144109501421.0,drama theater,['Film & Theater']
9930494201421.0,drama,['Film & Theater']
9942921301421.0,drama gay man literature homosexuality and theater society,"['Gender & Sexuality Identity', 'Film & Theater']"
9969228201421.0,european drama beckett samuel,"['Film & Theater', 'Modernism & Postmodernism']"
9989823701421.0,drama absurd philosophy literature,"['Gender & Sexuality Identity', 'Film & Theater']"
9934430701421.0,drama experimental theater,['Film & Theater']
9932597601421.0,kennedy adrienne norman marsha castellanos rosario drama greek tragedy woman literature feminism and,['Gender & Sexuality Identity']
9931637501421.0,drama dialogue violence literature,"['Film & Theater', 'Popular Culture & Media']"
9965144401421.0,drama theater,['Film & Theater']
9988263501421.0,drama,['Film & Theater']
9943074101421.0,european drama,"['Film & Theater', 'Modernism & Postmodernism']"
99112835101421.0,drama theater,['Film & Theater']
9957534601421.0,iowa writers workshop authorship creative writing,['Journalism & Politics']
9943355401421.0,rhetoric critical theory,"['Poetry', 'Broadcasting & Television']"
9928280059501420.0,authorship author black african american interview essay,['Broadcasting & Television']
9995212101421.0,rhetoric,['Poetry']
99115741101421.0,rhetoric,['Poetry']
9927898503901420.0,experimental theater historical drama,"['Film & Theater', 'Popular Culture & Media']"
9927682373301420.0,historical drama theater england,"['Film & Theater', 'Popular Culture & Media']"
9951944301421.0,drama holocaust jewish literature jews,['Holocaust & Jewish Studies']
9928076976201420.0,holocaust jewish survivor nazi hunter war criminal drama,"['Holocaust & Jewish Studies', 'Documentary']"
99165800001421.0,atrocity literature drama holocaust jewish jews memory theater,"['Holocaust & Jewish Studies', 'Film & Theater']"
9956820801421.0,drama holocaust jewish literature jews,['Holocaust & Jewish Studies']
99124144401421.0,holocaust jewish,['Holocaust & Jewish Studies']
9951834701421.0,religious drama medieval,['Film & Theater']
99226546201421.0,creative writing authorship,['Journalism & Politics']
9930973701421.0,tragedy psychoanalysis and literature,"['Holocaust & Jewish Studies', 'Horror & Mystery']"
9965793301421.0,shakespeare tragedy,"['Film & Theater', 'Horror & Mystery']"
9927951810401420.0,tragedy history criticism interpretation etc,['Horror & Mystery']
9967034701421.0,tragedy comedy literature,"['Comedy & Humor', 'Film & Theater', 'Horror & Mystery']"
99199622201421.0,tragedy electronic book,"['Electronic & Digital Media', 'Horror & Mystery']"
9927671199201420.0,tragedy tragedi,['Horror & Mystery']
9931914701421.0,tragedy tragic the,['Horror & Mystery']
9956994901421.0,hegel georg wilhelm friedrich tragedy comedy,"['Comedy & Humor', 'Horror & Mystery']"
99143100301421.0,tragedy european drama,"['Film & Theater', 'Horror & Mystery', 'Modernism & Postmodernism']"
9928049996301420.0,tragedy european drama tragic the literature,"['Film & Theater', 'Horror & Mystery', 'Modernism & Postmodernism']"
99122828201421.0,tragic the tragedy,['Horror & Mystery']
9928085278201420.0,european drama tragedy enlightenment europe criticism interpretation etc,"['Film & Theater', 'Horror & Mystery', 'Modernism & Postmodernism']"
9932412101421.0,tragedy poetic,"['Broadcasting & Television', 'Horror & Mystery']"
9943298501421.0,tragicomedy drama,['Film & Theater']
9928085277801420.0,tragicomedy english drama melodrama criticism interpretation etc,"['Film & Theater', 'Documentary']"
9944596501421.0,melodrama motion picture,['Documentary']
9956303501421.0,melodrama drama,"['Film & Theater', 'Documentary']"
9924655220001420.0,comedy,['Comedy & Humor']
99199477201421.0,comedy comic the,"['Comedy & Humor', 'Comics & Graphic Novels']"
9945237001421.0,comedy comic the literature,"['Comedy & Humor', 'Film & Theater', 'Comics & Graphic Novels']"
9927861901101420.0,comedy,['Comedy & Humor']
9925505080001420.0,comedy,['Comedy & Humor']
99219099901421.0,comedy,['Comedy & Humor']
9970313801421.0,comedy,['Comedy & Humor']
9928407246301420.0,comedy popular culture comic the literature,['Popular Culture & Media']
9984533501421.0,european drama comedy tragedy literary form,"['Film & Theater', 'Documentary', 'Modernism & Postmodernism']"
99146076001421.0,comedy,['Comedy & Humor']
99134283201421.0,rhetoric,['Poetry']
9928129400401420.0,motion picture japan history,[]
9985482501421.0,masque anne woman the theater great britain,['Film & Theater']
9929058101421.0,farce,[]
99227169901421.0,burlesque theater stand comedy sketch,"['Comedy & Humor', 'Film & Theater', 'Broadcasting & Television']"
9928084382901420.0,burlesque theater striptease and society feminism new york state united states history,"['Journalism & Politics', 'Film & Theater']"
9932521001421.0,burlesque theater popular culture,"['Film & Theater', 'Popular Culture & Media']"
99125696501421.0,stripteaser,[]
9927731708101420.0,striptease,[]
9981736401421.0,stripteaser striptease,[]
9984523001421.0,striptease man,['Mass Media & Communication']
9933253701421.0,stripteaser,[]
9976850001421.0,striptease,[]
9927502659801420.0,striptease carnival,[]
9927731711901420.0,league exotic dancer united states stripteaser burlesque theater,['Film & Theater']
9995923101421.0,striptease,[]
9927993372501420.0,worley jennifer stripteaser women labor union member nightclub san francisco calif social condition california,"['Film & Theater', 'Children & Young Adult']"
99215289001421.0,detective and mystery play,"['Broadcasting & Television', 'Horror & Mystery']"
9928083677301420.0,horror play freak show criticism interpretation etc history horror gothic supernatural,['Horror & Mystery']
9928076166401420.0,clown handbook and manual,['Journalism & Politics']
99199575401421.0,vaudeville,['Film & Theater']
99199573601421.0,vaudeville theater,['Film & Theater']
9942993301421.0,music hall variety theater cabaret etc political satire german,"['Gender & Sexuality Identity', 'Broadcasting & Television']"
99118865101421.0,tropicana nightclub havana cuba music hall variety theater cabaret etc,['Gender & Sexuality Identity']
9928486492601420.0,music hall variety theater cabaret etc,['Gender & Sexuality Identity']
99199573401421.0,vaudeville,['Film & Theater']
9927719392601420.0,vaudeville female impersonator blackface entertainer gender expression racism united states,"['Journalism & Politics', 'Film & Theater']"
99142886601421.0,vaudeville entertainer,['Film & Theater']
99207466501421.0,wow cafe theatre new york music hall variety theater cabaret etc lesbian,"['Gender & Sexuality Identity', 'Journalism & Politics']"
9991549601421.0,vaudeville sex the perform art,"['Film & Theater', 'Popular Culture & Media']"
99199575101421.0,vaudeville woman entertainer,['Film & Theater']
9957786101421.0,vaudeville woman entertainer,['Film & Theater']
99119261601421.0,vaudeville,['Film & Theater']
99199573701421.0,vaudeville,['Film & Theater']
99199572501421.0,vaudeville music hall variety theater cabaret etc entertainer,"['Gender & Sexuality Identity', 'Film & Theater']"
9945200901421.0,music hall variety theater cabaret etc,['Gender & Sexuality Identity']
9995923501421.0,music hall variety theater cabaret etc,['Gender & Sexuality Identity']
9968550701421.0,music hall variety theater cabaret etc hysteria motion picture lewis jerry,['Gender & Sexuality Identity']
9927581503801420.0,comedian stand comedy television actor and actress motion picture united states,"['Comedy & Humor', 'Broadcasting & Television', 'Film & Theater']"
9927807211601420.0,comedy stand,"['Comedy & Humor', 'Broadcasting & Television']"
9927920607801420.0,stand comedy united states history routine,"['Comedy & Humor', 'Broadcasting & Television']"
9927726913001420.0,stand comedy participatory theater united states criticism interpretation etc,"['Comedy & Humor', 'Film & Theater', 'Broadcasting & Television']"
9927644009301420.0,stand comedy comedian,"['Comedy & Humor', 'Broadcasting & Television', 'Film & Theater']"
99199556501421.0,stand comedy,"['Comedy & Humor', 'Broadcasting & Television']"
9928071324701420.0,stand comedy united states intellectual life criticism interpretation etc,"['Poetry', 'Broadcasting & Television', 'Comedy & Humor']"
9928090773201420.0,impersonation entertainer drag show cross dressing gay popular culture queen king female impersonator male actor perform artist motion picture actress people history graphic novel nonfiction comic_strip,"['Comedy & Humor', 'Journalism & Politics', 'Popular Culture & Media']"
9928480970201420.0,drag performance gender expression identity music transgender people nonconforme woman black performer,"['Gender & Sexuality Identity', 'Holocaust & Jewish Studies', 'Film & Theater', 'Broadcasting & Television']"
99220312001421.0,minstrel show blackface entertainer music trickster rice tom,"['Gender & Sexuality Identity', 'Film & Theater']"
99227287001421.0,minstrel show african americans the perform art,['Film & Theater']
99133369601421.0,puppet theater,['Film & Theater']
9926850630001420.0,puppet theater literature history,['Film & Theater']
9965147301421.0,puppet theater experimental drama marionette literature robot modernism,"['Film & Theater', 'Modernism & Postmodernism']"
9951858601421.0,puppet theater popular culture representation philosophy,"['Gender & Sexuality Identity', 'Film & Theater', 'Popular Culture & Media']"
9942856901421.0,shadow show,[]
9928241155801420.0,popular culture japan civilization kamishibai,['Popular Culture & Media']
9927581511701420.0,kamishibai sino japanese war world propaganda and theater society japan,"['Film & Theater', 'Modernism & Postmodernism']"
99135975401421.0,shadow show puppet play chinese religion literature woman popular culture drama,['Popular Culture & Media']
9928211857701420.0,shadow show china,[]
9933539001421.0,authorship anthology,[]
9984590301421.0,puppet play greek modern shadow theatre,"['Gender & Sexuality Identity', 'Film & Theater', 'Broadcasting & Television']"
99218572501421.0,sarg tony puppeteer thanksgive day parade,[]
99227458201421.0,marceau marcel mime,[]
9927517609001420.0,theatre royal drury lane london england pantomime christmas entertainment perform art theater,['Film & Theater']
9966615501421.0,broadcast telecommunication german language english,"['Poetry', 'Holocaust & Jewish Studies', 'Broadcasting & Television']"
99135277201421.0,broadcast blacklisting entertainer anti communist movement united states history,"['Journalism & Politics', 'Broadcasting & Television', 'Film & Theater']"
99144165501421.0,broadcast,['Broadcasting & Television']
99115746101421.0,broadcast,['Broadcasting & Television']
99123096701421.0,radio broadcasting television united states history,"['Broadcasting & Television', 'Horror & Mystery']"
9933373101421.0,terkel stud,[]
9927682985001420.0,broadcaster author american terkel stud united states,[]
99147430501421.0,broadcast policy,['Broadcasting & Television']
9943458401421.0,broadcast advertising,['Broadcasting & Television']
9932673601421.0,talk show postmodernism,"['Broadcasting & Television', 'Popular Culture & Media']"
99111264501421.0,ethnic broadcasting,"['Broadcasting & Television', 'Modernism & Postmodernism']"
9927556386001420.0,woman the broadcasting industry,"['Gender & Sexuality Identity', 'Broadcasting & Television']"
9927894113901420.0,radio broadcasting,"['Broadcasting & Television', 'Horror & Mystery']"
9927686200801420.0,radio program motion picture broadcasting industry great britain united states,['Broadcasting & Television']
9944412701421.0,radio broadcasting,"['Broadcasting & Television', 'Horror & Mystery']"
99214099901421.0,radio program broadcasting policy electronic book,"['Electronic & Digital Media', 'Broadcasting & Television']"
9928296554801420.0,british broadcasting corporation radio authorship broadcaster black people mass medium great britain history,"['Broadcasting & Television', 'Mass Media & Communication']"
9927565910501420.0,radio broadcasting policy mexico history,"['Broadcasting & Television', 'Horror & Mystery', 'Film & Theater']"
99115789801421.0,radio broadcasting program,"['Broadcasting & Television', 'Horror & Mystery']"
9974139701421.0,radio broadcasting,"['Broadcasting & Television', 'Horror & Mystery']"
9927556391601420.0,radio broadcasting,"['Broadcasting & Television', 'Horror & Mystery']"
99123097201421.0,radio broadcasting,"['Broadcasting & Television', 'Horror & Mystery']"
99144168001421.0,radio broadcasting,"['Broadcasting & Television', 'Horror & Mystery']"
99216126401421.0,radio broadcasting audience united states history,"['Broadcasting & Television', 'Horror & Mystery']"
99145196001421.0,radio broadcasting,"['Broadcasting & Television', 'Horror & Mystery']"
9968257601421.0,jackson hal radio broadcaster african american,['Broadcasting & Television']
9927864033901420.0,kupperman joel quiz kid radio program comic book strip etc television show contestant personality gifted child jews father and son broadcasting family united states cartoon comic_strip history biographical autobiographical nonfiction graphic work novel children juvenile young,"['Broadcasting & Television', 'Comics & Graphic Novels', 'Children & Young Adult']"
99199470601421.0,limbaugh rush journalism conservatism,['Broadcasting & Television']
99111715601421.0,mcbride mary margaret radio broadcaster,['Broadcasting & Television']
9981008301421.0,stewart shelley radio broadcaster african american,['Broadcasting & Television']
99219068701421.0,radio broadcasting electronic book,"['Electronic & Digital Media', 'Horror & Mystery']"
99116211101421.0,radio broadcasting,"['Broadcasting & Television', 'Horror & Mystery']"
99198383301421.0,radio broadcasting,"['Broadcasting & Television', 'Horror & Mystery']"
99119053001421.0,radio broadcasting policy,"['Broadcasting & Television', 'Horror & Mystery']"
9951865001421.0,radio play english drama,"['Film & Theater', 'Broadcasting & Television']"
99215655201421.0,radio play,['Broadcasting & Television']
99146994401421.0,radio authorship broadcasting pound ezra marinetti gabriele telegraph wireless,"['Broadcasting & Television', 'Horror & Mystery']"
99119404801421.0,radio play,['Broadcasting & Television']
9969026601421.0,radio play american,['Broadcasting & Television']
9943334201421.0,french philip critic forum radio program and the art,"['Gender & Sexuality Identity', 'Broadcasting & Television']"
99145720801421.0,cbs view the press hollenbeck don united states,['Journalism & Politics']
99133418201421.0,war the world radio program juvenile literature welle martian work,['Broadcasting & Television']
9927579988801420.0,welle war the world radio program influence science fiction mass medium and public opinion hoax broadcasting broadcast journalism,"['Science Fiction & Fantasy', 'Broadcasting & Television', 'Mass Media & Communication', 'Modernism & Postmodernism']"
9927080720001420.0,war the world radio program broadcasting journalism,['Broadcasting & Television']
9945858901421.0,talk show,['Broadcasting & Television']
99108402901421.0,african americans radio broadcasting american station civil right movement southern state,"['Journalism & Politics', 'Horror & Mystery']"
9956542301421.0,indians radio broadcasting indian station,"['Journalism & Politics', 'Broadcasting & Television', 'Horror & Mystery']"
9927461999501420.0,radio serial soap opera electronic book,"['Electronic & Digital Media', 'Film & Theater', 'Broadcasting & Television']"
99207254101421.0,radio talk show broadcasting politic,['Broadcasting & Television']
9969867901421.0,woman radio broadcasting,"['Gender & Sexuality Identity', 'Broadcasting & Television', 'Horror & Mystery']"
9958424801421.0,radio program,['Broadcasting & Television']
9987581901421.0,television comedy,"['Comedy & Humor', 'Broadcasting & Television']"
9928296554901420.0,smith vampire diary television program postmodernism criticism and review literary,['Broadcasting & Television']
9986610701421.0,television broadcasting news archive audio visual film,['Broadcasting & Television']
9927899206101420.0,peabody collection television archive program united states,['Broadcasting & Television']
9933392401421.0,television broadcasting,['Broadcasting & Television']
9956508101421.0,television broadcasting program,['Broadcasting & Television']
99116425001421.0,television broadcasting,['Broadcasting & Television']
9956523601421.0,television broadcasting,['Broadcasting & Television']
99142697601421.0,television program,['Broadcasting & Television']
9943577201421.0,television broadcasting and politic,['Broadcasting & Television']
9944829201421.0,television broadcasting and politic,['Broadcasting & Television']
9945198601421.0,television broadcasting,['Broadcasting & Television']
9944253701421.0,television program advertising broadcasting,['Broadcasting & Television']
9931617701421.0,television broadcasting,['Broadcasting & Television']
99147445301421.0,television broadcasting,['Broadcasting & Television']
99135427701421.0,television program popular culture,"['Broadcasting & Television', 'Popular Culture & Media']"
99118196001421.0,television program,['Broadcasting & Television']
9957052901421.0,television broadcasting policy,['Broadcasting & Television']
9992764101421.0,television broadcasting,['Broadcasting & Television']
99219516101421.0,television broadcasting italy individualism,['Broadcasting & Television']
9972029401421.0,television broadcasting program viewer,['Broadcasting & Television']
99135761801421.0,television broadcasting,['Broadcasting & Television']
99111114801421.0,television digital radio medium,"['Broadcasting & Television', 'Documentary', 'Mass Media & Communication']"
99201516701421.0,television broadcasting,['Broadcasting & Television']
9970681901421.0,television program broadcasting popular culture,"['Broadcasting & Television', 'Popular Culture & Media']"
9966665101421.0,television program sex,"['Broadcasting & Television', 'Popular Culture & Media']"
99140743601421.0,television broadcasting,['Broadcasting & Television']
9927957606601420.0,television program united states,['Broadcasting & Television']
99142440701421.0,television broadcasting,['Broadcasting & Television']
9966738201421.0,television program,['Broadcasting & Television']
9965738401421.0,television broadcasting program popular culture united states history,"['Broadcasting & Television', 'Popular Culture & Media']"
99116237401421.0,television broadcasting,['Broadcasting & Television']
99123097301421.0,television broadcasting viewer,['Broadcasting & Television']
9986111801421.0,television program,['Broadcasting & Television']
9927749412301420.0,television broadcasting viewer united states,['Broadcasting & Television']
99148850801421.0,television broadcasting propaganda news cold war,['Broadcasting & Television']
99208059801421.0,television program mass medium and propaganda popular culture liberalism,"['Broadcasting & Television', 'Popular Culture & Media', 'Mass Media & Communication']"
99143003401421.0,television program,['Broadcasting & Television']
9928210787401420.0,african americans television broadcasting fiction program series united states criticism interpretation etc history,['Broadcasting & Television']
99144170201421.0,television broadcasting,['Broadcasting & Television']
99205585301421.0,television broadcasting,['Broadcasting & Television']
9957033401421.0,television broadcasting,['Broadcasting & Television']
99142696401421.0,television broadcasting,['Broadcasting & Television']
9945198501421.0,kennedy television and politic,['Broadcasting & Television']
9968820801421.0,woman television producer and director,"['Journalism & Politics', 'Film & Theater']"
99129272701421.0,television personality radio talk show conservatism hate bully propaganda american mass medium united states,"['Broadcasting & Television', 'Mass Media & Communication']"
9992704901421.0,barris chuck television personality producer and director,"['Film & Theater', 'Broadcasting & Television']"
99227274501421.0,cohen andy television personality broadcasting executive,['Broadcasting & Television']
9928077641401420.0,television personality woman news anchor couric katie united states autobiography biography,"['Gender & Sexuality Identity', 'Broadcasting & Television']"
9926800450001420.0,eaton rebecca masterpiece theatre television program mystery producer and director,"['Film & Theater', 'Broadcasting & Television']"
99149469801421.0,friendly fred television producer and director united states biography,"['Film & Theater', 'Broadcasting & Television']"
99118599901421.0,froug television writer producer and director,"['Film & Theater', 'Broadcasting & Television']"
9928376730401420.0,michaels lorne television producer and director motion picture writer bill murray biography,"['Film & Theater', 'Broadcasting & Television']"
9928135654801420.0,television writer producer and director milch david united states biography autobiography,"['Film & Theater', 'Broadcasting & Television']"
9983814901421.0,ramos jorge television journalist mexican americans,"['Science Fiction & Fantasy', 'Film & Theater', 'Broadcasting & Television']"
9927812830001420.0,rhime shonda shondaland firm woman television producer and director broadcasting african american screenwriter united states criticism interpretation etc history,"['Broadcasting & Television', 'Film & Theater']"
9927798709101420.0,roger fred television personality mister rogers neighborhood program,['Broadcasting & Television']
99113411701421.0,sorkin aaron,[]
9927827004401420.0,whedon joss television producer and director writer united states biography criticism interpretation etc,"['Film & Theater', 'Broadcasting & Television']"
9988379501421.0,winfrey oprah show television program,['Broadcasting & Television']
99199024201421.0,winfrey oprah television personality actor,['Broadcasting & Television']
99134158301421.0,winfrey oprah,[]
9928450781101420.0,bernameg television program personality arab spring political satire arabic egypt since,['Broadcasting & Television']
99111090001421.0,television broadcasting,['Broadcasting & Television']
9927528108801420.0,television program,['Broadcasting & Television']
99207213601421.0,television broadcasting digital convergence telecommunication interactive viewer,['Broadcasting & Television']
99119404601421.0,television broadcasting viewer,['Broadcasting & Television']
99217334801421.0,television broadcasting,['Broadcasting & Television']
9931624301421.0,television broadcasting,['Broadcasting & Television']
99146727001421.0,television broadcasting,['Broadcasting & Television']
99208256201421.0,internet television mass medium broadcasting interactive convergence telecommunication toy,"['Broadcasting & Television', 'Mass Media & Communication']"
9928301986801420.0,radio audience fan person sound recording television viewer video,['Broadcasting & Television']
99217135401421.0,television broadcasting digital medium program and politic,"['Broadcasting & Television', 'Documentary']"
9993127001421.0,television broadcasting,['Broadcasting & Television']
9927666408101420.0,television broadcasting united states,['Broadcasting & Television']
9927749881301420.0,television viewer program digital broadcasting online social network fan person,['Broadcasting & Television']
9926370980001420.0,television criticism internet,"['Modernism & Postmodernism', 'Broadcasting & Television']"
9943704301421.0,television,['Broadcasting & Television']
9957763301421.0,television viewer,['Broadcasting & Television']
9932698501421.0,television viewer broadcasting,['Broadcasting & Television']
9942519501421.0,television viewer,['Broadcasting & Television']
9933017901421.0,television program viewer,['Broadcasting & Television']
9928249756901420.0,television program motion picture stream video demand case study,['Broadcasting & Television']
9968689401421.0,television and history historical program broadcasting news,['Broadcasting & Television']
9927494258901420.0,television broadcasting news and politic mass medium public opinion viewer united states,"['Broadcasting & Television', 'Mass Media & Communication', 'Modernism & Postmodernism']"
9927556391101420.0,television and politic mass medium public opinion political culture viewer united states,"['Broadcasting & Television', 'Mass Media & Communication', 'Modernism & Postmodernism']"
9969740001421.0,television broadcasting visual literacy education popular culture education teaching,"['Broadcasting & Television', 'Popular Culture & Media']"
99145151701421.0,television broadcasting program,['Broadcasting & Television']
99220526701421.0,television and politic broadcasting news african americans civil right movement race relation united states,"['Journalism & Politics', 'Broadcasting & Television']"
9984680001421.0,television broadcasting,['Broadcasting & Television']
9957142201421.0,television broadcasting advertising,['Broadcasting & Television']
9957142701421.0,television broadcasting program visual communication,['Broadcasting & Television']
9944772301421.0,television broadcasting,['Broadcasting & Television']
9951836801421.0,television and politic broadcasting news electronic book,"['Electronic & Digital Media', 'Broadcasting & Television']"
9924608490001420.0,television broadcasting,['Broadcasting & Television']
9983612001421.0,television broadcasting,['Broadcasting & Television']
99108399601421.0,television and politic broadcasting news anti communist movement united states cold war mccarthy manner custom government social aspect history,"['Comedy & Humor', 'Broadcasting & Television']"
9928210787301420.0,television broadcasting program viewer united states criticism and review history,['Broadcasting & Television']
99125614901421.0,television motion picture and home theater,"['Film & Theater', 'Broadcasting & Television']"
9965944001421.0,television broadcasting program,['Broadcasting & Television']
9945352001421.0,television broadcasting,['Broadcasting & Television']
9951824701421.0,television broadcasting literacy popular culture,"['Broadcasting & Television', 'Popular Culture & Media']"
9932140001421.0,television broadcasting popular culture woman,"['Broadcasting & Television', 'Popular Culture & Media']"
99207117301421.0,television and politic broadcasting,['Broadcasting & Television']
99140534201421.0,television broadcasting,['Broadcasting & Television']
99141364201421.0,television broadcasting,['Broadcasting & Television']
9978240701421.0,direct broadcast satellite television broadcasting globalization,['Broadcasting & Television']
99145195101421.0,television broadcasting globalization americanization,['Broadcasting & Television']
99121653601421.0,television broadcasting,['Broadcasting & Television']
99140661501421.0,television group identity,"['Holocaust & Jewish Studies', 'Modernism & Postmodernism', 'Broadcasting & Television']"
99140746501421.0,television and politic political planning,['Broadcasting & Television']
9944513801421.0,television broadcasting and politic,['Broadcasting & Television']
9931378301421.0,television broadcasting,['Broadcasting & Television']
9932210001421.0,television rhetoric and psychology,"['Poetry', 'Science Fiction & Fantasy', 'Broadcasting & Television']"
9927879988801420.0,television and politic broadcasting news united states president political satire american colbert report program daily show saturday night live government since criticism interpretation etc,"['Journalism & Politics', 'Broadcasting & Television']"
9957368701421.0,television broadcasting motion picture leisure industry popular culture,"['Broadcasting & Television', 'Popular Culture & Media']"
9932112601421.0,violence television and woman,"['Gender & Sexuality Identity', 'Film & Theater', 'Broadcasting & Television']"
99198388001421.0,television broadcasting,['Broadcasting & Television']
99205677901421.0,motion picture and television industry broadcasting,['Broadcasting & Television']
9930915401421.0,motion picture and child television intertextuality cognition video game children juvenile young,"['Broadcasting & Television', 'Children & Young Adult']"
99216126701421.0,television play historical drama,"['Film & Theater', 'Broadcasting & Television', 'Popular Culture & Media']"
9928085278301420.0,television play english and literature adaptation historical program great britain criticism interpretation etc,"['Film & Theater', 'Broadcasting & Television']"
9958671001421.0,television authorship program broadcasting,['Broadcasting & Television']
9931634201421.0,television authorship industrial,['Broadcasting & Television']
99108403601421.0,television authorship,['Broadcasting & Television']
9927556285801420.0,television authorship,['Broadcasting & Television']
9927607764001420.0,television authorship radio,['Broadcasting & Television']
9968817201421.0,redstone sumner viacom international,['Broadcasting & Television']
9944040201421.0,television motion picture studio and,['Broadcasting & Television']
9932523501421.0,video recording,['Broadcasting & Television']
99227255801421.0,television,['Broadcasting & Television']
9943599001421.0,cagney and lacey television program woman,"['Gender & Sexuality Identity', 'Broadcasting & Television']"
9931894601421.0,cosby show television program african americans broadcasting viewer public opinion united states,"['Broadcasting & Television', 'Modernism & Postmodernism']"
9945246101421.0,thirtysomething television program woman and,"['Gender & Sexuality Identity', 'Broadcasting & Television']"
99128508801421.0,ally mcbeal television program sex role,"['Broadcasting & Television', 'Popular Culture & Media']"
99217709501421.0,american idol television program reality fame viewer,['Broadcasting & Television']
9927583693801420.0,andy griffith show television program city and town life,"['Poetry', 'Broadcasting & Television']"
9927573612701420.0,arrest development television program,['Broadcasting & Television']
99146413101421.0,astroboy television program animate,['Broadcasting & Television']
9957033001421.0,avenger television program,['Broadcasting & Television']
9968736101421.0,babylon television program,['Broadcasting & Television']
9928240655001420.0,bojack horseman television program animate comedy,"['Comedy & Humor', 'Broadcasting & Television']"
9927589329101420.0,break bad television program,['Broadcasting & Television']
9927577666401420.0,break bad television program,['Broadcasting & Television']
9927090450001420.0,buffy the vampire slayer television program influence fan person,['Broadcasting & Television']
9977351101421.0,buffy the vampire slayer television program,['Broadcasting & Television']
99111298701421.0,buffy the vampire slayer television program broadcasting,['Broadcasting & Television']
99116599501421.0,buffy the vampire slayer television program sex role,"['Broadcasting & Television', 'Popular Culture & Media']"
99120829401421.0,buffy the vampire slayer television program,['Broadcasting & Television']
9969409901421.0,bullwinkle show television program ward jay scott bill,['Broadcasting & Television']
9968065501421.0,carrascolendas television program,['Broadcasting & Television']
99217149101421.0,daily show television program,['Broadcasting & Television']
9927807107701420.0,deadwood television program,['Broadcasting & Television']
9927472911301420.0,deadwood television program,['Broadcasting & Television']
99218936901421.0,downton abbey television program,['Broadcasting & Television']
9926750120001420.0,highclere castle downton abbey television program,['Broadcasting & Television']
9927881297601420.0,gilmore girl television program,"['Comedy & Humor', 'Broadcasting & Television']"
99217149401421.0,house television program,['Broadcasting & Television']
99145816001421.0,inside the actor studio television program lipton james actors new york,"['Journalism & Politics', 'Broadcasting & Television']"
9927723195501420.0,little mosque the prairie muslim television islam mass medium cultural pluralism multiculturalism minority situation comedy program,"['Holocaust & Jewish Studies', 'Broadcasting & Television', 'Mass Media & Communication']"
99208257101421.0,lose television program and literature,"['Film & Theater', 'Broadcasting & Television']"
9927608113201420.0,mad man television program nineteen sixty united states,"['Science Fiction & Fantasy', 'Broadcasting & Television', 'Mass Media & Communication']"
9927583696701420.0,mad man television program and politic,"['Journalism & Politics', 'Broadcasting & Television', 'Mass Media & Communication']"
9926040580001420.0,mad man television program,"['Broadcasting & Television', 'Mass Media & Communication']"
9928084383301420.0,rupaul drag race television program,"['Journalism & Politics', 'Broadcasting & Television']"
9927516807701420.0,saturday night live television program,['Broadcasting & Television']
99146726901421.0,sesame street television program,['Broadcasting & Television']
99123097801421.0,sesame street television program and child children juvenile young,"['Broadcasting & Television', 'Children & Young Adult']"
9995663401421.0,simpson television program popular culture,"['Broadcasting & Television', 'Popular Culture & Media']"
9926040290001420.0,sopranos television program,['Broadcasting & Television']
99199621001421.0,sopranos television program,['Broadcasting & Television']
99218783701421.0,park television program,['Broadcasting & Television']
99133589701421.0,park television program,['Broadcasting & Television']
9927665671501420.0,star trek television program,['Broadcasting & Television']
9928154556701420.0,star trek television program popular culture politic and social problem united states,"['Broadcasting & Television', 'Popular Culture & Media']"
9927502494701420.0,star trek television program series,"['Broadcasting & Television', 'Popular Culture & Media']"
9965854201421.0,star trek the next generation television program,['Broadcasting & Television']
9957617001421.0,star trek the next generation television program woman,"['Gender & Sexuality Identity', 'Broadcasting & Television']"
9986772501421.0,wing television program,['Broadcasting & Television']
99227752801421.0,world war television program,"['Journalism & Politics', 'Broadcasting & Television']"
9933253301421.0,black television broadcasting,['Broadcasting & Television']
9951859701421.0,african americans television,['Broadcasting & Television']
9931884601421.0,television criticism,['Broadcasting & Television']
9951846601421.0,documentary television program propaganda anti communist movement broadcasting news united states,['Broadcasting & Television']
9944076001421.0,music video,['Broadcasting & Television']
9931494901421.0,television quiz show,['Broadcasting & Television']
9933057601421.0,price right television program supermarket sweep game show,"['Journalism & Politics', 'Broadcasting & Television']"
9931525301421.0,radio quiz show fraud,['Broadcasting & Television']
9943864901421.0,soap opera television and woman viewer feminism,"['Broadcasting & Television', 'Film & Theater']"
9951845401421.0,soap opera television and woman viewer,"['Broadcasting & Television', 'Film & Theater']"
9933463901421.0,sabido miguel soap opera television education education teaching,"['Film & Theater', 'Broadcasting & Television']"
9932550701421.0,soap opera woman television sex role,"['Film & Theater', 'Popular Culture & Media']"
9932318201421.0,soap opera,['Film & Theater']
9965478401421.0,talk show,['Broadcasting & Television']
9943466301421.0,talk show television viewer broadcasting,['Broadcasting & Television']
9958056701421.0,violence television,"['Film & Theater', 'Broadcasting & Television']"
9956813801421.0,soap opera,['Film & Theater']
99198385401421.0,advertise television program motion picture paratext intertextuality mass medium and culture,"['Broadcasting & Television', 'Mass Media & Communication']"
9927494262301420.0,african americans television broadcasting and politic,['Broadcasting & Television']
9967845201421.0,african americans television,['Broadcasting & Television']
9927805994501420.0,television program african americans race racism united states,"['Journalism & Politics', 'Broadcasting & Television']"
9926727670001420.0,african americans television program,['Broadcasting & Television']
99111710501421.0,african americans television,['Broadcasting & Television']
99118864501421.0,black television white broadcasting national characteristic american united states,"['Journalism & Politics', 'Broadcasting & Television', 'Modernism & Postmodernism']"
9981735501421.0,african american woman television,"['Gender & Sexuality Identity', 'Journalism & Politics', 'Broadcasting & Television']"
9985342301421.0,african americans television broadcasting news,['Broadcasting & Television']
9926727550001420.0,african americans television american viewer broadcasting electronic book,"['Electronic & Digital Media', 'Broadcasting & Television']"
9928238621501420.0,african americans television american viewer broadcasting united states,['Broadcasting & Television']
9927793912101420.0,animate television program broadcasting japan united states criticism interpretation etc,['Broadcasting & Television']
9927602881701420.0,antihero television,['Broadcasting & Television']
99133437401421.0,child television program children juvenile young,"['Broadcasting & Television', 'Children & Young Adult']"
9970122601421.0,child television program and great britain children juvenile young,"['Broadcasting & Television', 'Children & Young Adult']"
99144160901421.0,child television program and children juvenile young,"['Broadcasting & Television', 'Children & Young Adult']"
9958108901421.0,child television program and children juvenile young,"['Broadcasting & Television', 'Children & Young Adult']"
9927859407801420.0,city and town television,"['Poetry', 'Broadcasting & Television']"
9933379001421.0,television comedy broadcasting united states,"['Comedy & Humor', 'Broadcasting & Television']"
99134267001421.0,television comedy actor and actress,"['Comedy & Humor', 'Broadcasting & Television']"
9927891012201420.0,situation comedy television program sex role,"['Broadcasting & Television', 'Popular Culture & Media']"
99165798801421.0,television cooking show,['Broadcasting & Television']
99113427901421.0,death television,"['Modernism & Postmodernism', 'Broadcasting & Television']"
9927589440901420.0,detective and mystery television program crime show criticism interpretation etc,"['Broadcasting & Television', 'Horror & Mystery']"
99145907501421.0,documentary television program film,"['Broadcasting & Television', 'Documentary']"
9943008801421.0,ethnic television broadcasting iranian los angeles calif,"['Broadcasting & Television', 'Documentary', 'Modernism & Postmodernism']"
9927607766701420.0,ethnic television broadcasting spanish,"['Film & Theater', 'Broadcasting & Television', 'Modernism & Postmodernism']"
9951923401421.0,television and family motion picture,"['Broadcasting & Television', 'Children & Young Adult']"
99141774001421.0,television graphic computer,"['Comedy & Humor', 'Journalism & Politics', 'Broadcasting & Television']"
9928076982201420.0,television program hispanic american actor and actress americans popular culture united states history criticism review,"['Broadcasting & Television', 'Popular Culture & Media']"
9928111269601420.0,television program hispanic american actor and actress americans popular culture united states history criticism review,"['Broadcasting & Television', 'Popular Culture & Media']"
9927677404901420.0,hispanic americans code switching linguistic mass medium and ethnic relation television united states,"['Broadcasting & Television', 'Mass Media & Communication']"
9927793912301420.0,situation comedy television program hispanic americans united states,"['Comedy & Humor', 'Broadcasting & Television']"
9924608540001420.0,hispanic americans television broadcasting news,['Broadcasting & Television']
99121643601421.0,homosexuality television public opinion,"['Gender & Sexuality Identity', 'Modernism & Postmodernism', 'Broadcasting & Television']"
9933539501421.0,homosexuality television program popular culture,"['Broadcasting & Television', 'Popular Culture & Media']"
99119137301421.0,homosexuality television and,"['Gender & Sexuality Identity', 'Broadcasting & Television']"
9980967501421.0,homosexuality television,"['Gender & Sexuality Identity', 'Broadcasting & Television']"
9970119701421.0,gay people consumer culture popular homosexuality motion picture television united states,"['Gender & Sexuality Identity', 'Journalism & Politics', 'Popular Culture & Media']"
99117283001421.0,indians television science fiction program,"['Science Fiction & Fantasy', 'Broadcasting & Television']"
9988224401421.0,interview television journalism,['Broadcasting & Television']
9985920501421.0,jews television comedy,"['Comedy & Humor', 'Holocaust & Jewish Studies', 'Broadcasting & Television']"
9928090677301420.0,jews television,"['Holocaust & Jewish Studies', 'Broadcasting & Television']"
9985348301421.0,jews television,"['Holocaust & Jewish Studies', 'Broadcasting & Television']"
9957057801421.0,lawyer television justice administration,"['Electronic & Digital Media', 'Broadcasting & Television']"
99198388101421.0,justice administration television,"['Electronic & Digital Media', 'Broadcasting & Television']"
99207626401421.0,television broadcasting film dubbing program motion picture translate and interpreting drama,"['Holocaust & Jewish Studies', 'Broadcasting & Television']"
99146047701421.0,lesbianism television,"['Broadcasting & Television', 'Popular Culture & Media']"
9928054892601420.0,lesbian popular culture mass medium lesbianism television,"['Popular Culture & Media', 'Mass Media & Communication']"
9927486907001420.0,live television program motion picture theater,"['Film & Theater', 'Broadcasting & Television']"
99143818701421.0,middle television broadcasting news,['Broadcasting & Television']
99149191001421.0,music video videoclip,['Broadcasting & Television']
9983659401421.0,mtv network rock video,['Broadcasting & Television']
9932445401421.0,mtv network music video television and,['Broadcasting & Television']
99147431001421.0,music television,['Broadcasting & Television']
9927516503001420.0,music video digital medium,"['Broadcasting & Television', 'Documentary', 'Mass Media & Communication']"
99128508401421.0,television quiz show,['Broadcasting & Television']
9928087471701420.0,historical television program masculinity rape criticism interpretation etc,"['Broadcasting & Television', 'Popular Culture & Media']"
9970679401421.0,rape african americans television united states,['Broadcasting & Television']
99118196101421.0,realism television reality program,['Broadcasting & Television']
99119036401421.0,reality television program broadcasting,['Broadcasting & Television']
99133422401421.0,reality television program realism,['Broadcasting & Television']
99119030101421.0,reality television program crime,['Broadcasting & Television']
99227900401421.0,reality television program popular culture classical drama,"['Broadcasting & Television', 'Popular Culture & Media']"
99118196201421.0,reality television program talk show,['Broadcasting & Television']
9928109380201420.0,reality television program united states criticism interpretation etc informational work,['Broadcasting & Television']
99142250001421.0,reality television program,['Broadcasting & Television']
9927877112801420.0,reality television program minority sex role woman,"['Broadcasting & Television', 'Popular Culture & Media']"
99226561401421.0,reality television program social class role value mobility,"['Broadcasting & Television', 'Children & Young Adult']"
9927502493801420.0,reality television program gender identity sex role,"['Holocaust & Jewish Studies', 'Broadcasting & Television', 'Popular Culture & Media']"
9991070301421.0,reality television program,['Broadcasting & Television']
99118192401421.0,reality television program,['Broadcasting & Television']
9990865601421.0,reality television program,['Broadcasting & Television']
9927877209201420.0,makeover television program realization perception united states,"['Science Fiction & Fantasy', 'Broadcasting & Television']"
99227752201421.0,science television program education education teaching,"['Science Fiction & Fantasy', 'Broadcasting & Television']"
99199584201421.0,science fiction television program fantasy,"['Science Fiction & Fantasy', 'Broadcasting & Television']"
99133366801421.0,science fiction television program,"['Science Fiction & Fantasy', 'Broadcasting & Television']"
99219926901421.0,science fiction television program fantasy history and,"['Science Fiction & Fantasy', 'Broadcasting & Television']"
9925778740001420.0,television series broadcasting united states,"['Broadcasting & Television', 'Popular Culture & Media']"
9967075901421.0,soap opera feminist television criticism,"['Gender & Sexuality Identity', 'Film & Theater', 'Broadcasting & Television']"
99197224801421.0,television series viewer,"['Broadcasting & Television', 'Popular Culture & Media']"
9957236601421.0,television series serialized fiction,"['Science Fiction & Fantasy', 'Broadcasting & Television', 'Popular Culture & Media']"
9928221959501420.0,television series,"['Broadcasting & Television', 'Popular Culture & Media']"
99274685501421.0,television series broadcasting program genre actor and actress cable,"['Broadcasting & Television', 'Documentary', 'Popular Culture & Media']"
9927906301001420.0,television series writer producer and director authorship united states criticism interpretation etc,"['Film & Theater', 'Broadcasting & Television', 'Popular Culture & Media']"
9927906302701420.0,nussbaum emily television series united states essay criticism interpretation etc,"['Broadcasting & Television', 'Popular Culture & Media']"
99117398401421.0,soap opera,['Film & Theater']
99208259901421.0,television soap opera viewer,"['Broadcasting & Television', 'Film & Theater']"
99141614501421.0,woman spy television motion picture literature,"['Gender & Sexuality Identity', 'Modernism & Postmodernism', 'Broadcasting & Television']"
99149184001421.0,star trek television program film,['Broadcasting & Television']
9926370940001420.0,star trek television program film historiography popular culture,"['Broadcasting & Television', 'Popular Culture & Media']"
9980804501421.0,talk show,['Broadcasting & Television']
9957949201421.0,talk show recovery movement,"['Journalism & Politics', 'Broadcasting & Television']"
9989487201421.0,talk show,['Broadcasting & Television']
99163994801421.0,television talk show and woman,"['Gender & Sexuality Identity', 'Broadcasting & Television']"
9928146645001420.0,comic book strip etc criticism interpretation,['Comics & Graphic Novels']
9980843401421.0,video art,['Broadcasting & Television']
9957998301421.0,violence television,"['Film & Theater', 'Broadcasting & Television']"
9927952411201420.0,violence television,"['Film & Theater', 'Broadcasting & Television']"
9957033501421.0,violence television broadcasting,"['Film & Theater', 'Broadcasting & Television']"
99118482201421.0,violence television mass medium,"['Film & Theater', 'Broadcasting & Television', 'Mass Media & Communication']"
9966589301421.0,woman television fantasy program science fiction,"['Science Fiction & Fantasy', 'Broadcasting & Television']"
9985633401421.0,woman hero television action and adventure program,"['Broadcasting & Television', 'Mass Media & Communication']"
99219517101421.0,woman television broadcasting,"['Gender & Sexuality Identity', 'Journalism & Politics', 'Broadcasting & Television']"
9957467101421.0,woman television and feminism,"['Gender & Sexuality Identity', 'Journalism & Politics', 'Broadcasting & Television']"
9927532999901420.0,woman television feminism right broadcasting news electronic book,"['Gender & Sexuality Identity', 'Electronic & Digital Media', 'Broadcasting & Television']"
99123092501421.0,woman television science fiction program,"['Science Fiction & Fantasy', 'Broadcasting & Television']"
99147446001421.0,woman television human body hero broadcasting,"['Journalism & Politics', 'Film & Theater', 'Broadcasting & Television']"
9926370830001420.0,woman television mother program,"['Gender & Sexuality Identity', 'Journalism & Politics', 'Broadcasting & Television']"
9927513413901420.0,woman hero television prophet witch psychic usa,['Mass Media & Communication']
99198354001421.0,superhero film television program woman hero motion picture,"['Broadcasting & Television', 'Mass Media & Communication']"
99135215301421.0,woman television man relationship sex role,"['Popular Culture & Media', 'Mass Media & Communication']"
99140669501421.0,jazeera television network,['Broadcasting & Television']
99219315601421.0,jazeera english television network broadcasting news broadcast journalism,['Broadcasting & Television']
99133371201421.0,television and politic arab israeli conflict terrorism,['Broadcasting & Television']
99143753001421.0,black entertainment television african americans,['Broadcasting & Television']
99115747301421.0,dumont television network allen,['Broadcasting & Television']
9926248720001420.0,home box office firm,['Popular Culture & Media']
9928135655901420.0,home box office firm history,['Popular Culture & Media']
99144166401421.0,home box office firm,['Popular Culture & Media']
99135982501421.0,national broadcasting company,"['Journalism & Politics', 'Broadcasting & Television', 'Modernism & Postmodernism']"
99142044801421.0,nickelodeon television network child program consumer children juvenile young,"['Broadcasting & Television', 'Children & Young Adult']"
9990275801421.0,nickelodeon television network child program children juvenile young,"['Broadcasting & Television', 'Children & Young Adult']"
9927502493901420.0,internet entertainment science fiction television program horror fantasy horror gothic supernatural,"['Science Fiction & Fantasy', 'Broadcasting & Television', 'Horror & Mystery']"
9927808355801420.0,youtube electronic resource digital medium internet video entertainment mass stream technology telecommunication webcaste,"['Documentary', 'Mass Media & Communication']"
9927589321301420.0,video recording,['Broadcasting & Television']
9925638870001420.0,video recording,['Broadcasting & Television']
9927556301501420.0,documentary film video recording,"['Broadcasting & Television', 'Documentary']"
99199625901421.0,video recording,['Broadcasting & Television']
9927953009301420.0,video recording industrial television,['Broadcasting & Television']
9927593410501420.0,journalism smartphone video recording,['Broadcasting & Television']
9977758701421.0,video recording,['Broadcasting & Television']
99119594101421.0,dvd video disc,['Broadcasting & Television']
9933425901421.0,video recording tape recorder television and woman,"['Gender & Sexuality Identity', 'Broadcasting & Television']"
99146985201421.0,video recording digital installation art civilization baroque,"['Film & Theater', 'Broadcasting & Television', 'Documentary']"
9958425401421.0,video recording motion picture,['Broadcasting & Television']
9931882401421.0,motion picture,[]
9928240936201420.0,film archive sound digital preservation handbook and manual,"['Journalism & Politics', 'Broadcasting & Television', 'Documentary']"
9928127757201420.0,motion picture cinematography dictionary,['Mass Media & Communication']
99207705001421.0,motion picture film genre art movement,"['Journalism & Politics', 'Documentary']"
9942981701421.0,motion picture video recording,['Broadcasting & Television']
9965771401421.0,motion picture cinematography,['Mass Media & Communication']
9943641701421.0,motion picture,[]
99227260401421.0,motion picture,[]
9958042201421.0,motion picture cinematography,['Mass Media & Communication']
9990380101421.0,motion picture independent filmmaker,['Film & Theater']
9990379601421.0,cinematography cinematographer motion picture industry,"['Broadcasting & Television', 'Mass Media & Communication']"
9933017501421.0,motion picture,[]
9965910901421.0,library congress motion picture actor and actress,[]
9942995001421.0,motion picture,[]
9965703201421.0,motion picture,[]
9931341401421.0,motion picture,[]
9945197801421.0,motion picture,[]
9931868201421.0,motion picture,[]
9932421601421.0,motion picture,[]
9931923001421.0,motion picture,[]
9930974301421.0,motion picture national characteristic australian australia,['Modernism & Postmodernism']
9932787301421.0,motion picture,[]
9945199101421.0,motion picture,[]
9932183401421.0,motion picture,[]
9944669501421.0,motion picture racism intercultural communication culture diffusion develop country,"['Popular Culture & Media', 'Mass Media & Communication']"
9956626301421.0,motion picture industry,['Broadcasting & Television']
9942403401421.0,motion picture,[]
9933265301421.0,motion picture,[]
9945237701421.0,motion picture,[]
9943426301421.0,motion picture,[]
9944097801421.0,motion picture,[]
9931646101421.0,motion picture and literature intertextuality,['Gender & Sexuality Identity']
9931513001421.0,motion picture,[]
9944311701421.0,motion picture play,['Broadcasting & Television']
9933263601421.0,motion picture historical film historiography television broadcasting and history,"['Broadcasting & Television', 'Popular Culture & Media']"
9931864201421.0,motion picture woman producer and director feminism,['Film & Theater']
9945198901421.0,motion picture american german national characteristic electronic book,"['Electronic & Digital Media', 'Modernism & Postmodernism', 'Holocaust & Jewish Studies']"
9932678801421.0,motion picture politic,['Journalism & Politics']
9944597201421.0,motion picture historical film,['Popular Culture & Media']
9945394001421.0,motion picture,[]
9930998201421.0,motion picture film genre play,"['Broadcasting & Television', 'Documentary']"
9931740701421.0,motion picture,[]
9932587401421.0,motion picture industry,['Broadcasting & Television']
9944179701421.0,motion picture,[]
9932596201421.0,motion picture,[]
9942969901421.0,motion picture india,[]
9931262801421.0,motion picture italian italy,['Gender & Sexuality Identity']
9932678701421.0,motion picture and literature film adaptation italian,['Film & Theater']
9945246801421.0,motion picture,[]
9932161601421.0,motion picture industry,['Broadcasting & Television']
9933359301421.0,motion picture,[]
9932070201421.0,motion picture,[]
9943806501421.0,motion picture latin america,['Gender & Sexuality Identity']
9932357801421.0,motion picture,[]
9930974201421.0,motion picture producer and director,['Film & Theater']
9931058701421.0,motion picture producer and director,['Film & Theater']
9932412601421.0,motion picture glasnost soviet union,['Film & Theater']
9930836401421.0,motion picture,[]
9931902601421.0,motion picture,[]
9933396301421.0,motion picture industry,['Broadcasting & Television']
9942952001421.0,stalin motion picture communism and industry,"['Journalism & Politics', 'Broadcasting & Television']"
9945036701421.0,motion picture audience,[]
9932368201421.0,motion picture soviet union,['Film & Theater']
9931535601421.0,motion picture producer and director,['Film & Theater']
9933382801421.0,motion picture,[]
9929351801421.0,motion picture,[]
9942903301421.0,motion picture industry popular culture,"['Broadcasting & Television', 'Popular Culture & Media']"
9951923601421.0,motion picture industry industrial relation,"['Journalism & Politics', 'Broadcasting & Television']"
9930894701421.0,motion picture audience popular culture,['Popular Culture & Media']
9951715001421.0,motion picture,[]
9951717501421.0,motion picture,[]
9951715601421.0,motion picture sound,['Broadcasting & Television']
9965730701421.0,motion picture audience city and town life,['Poetry']
9931740401421.0,motion picture industry audience,['Broadcasting & Television']
9943133101421.0,motion picture and history united states,[]
9932114901421.0,motion picture american industry,['Broadcasting & Television']
9933420501421.0,motion picture industry,['Broadcasting & Television']
9951338601421.0,motion picture industry,['Broadcasting & Television']
9945199301421.0,motion picture industry,['Broadcasting & Television']
9944100101421.0,motion picture silent film,['Poetry']
9932514501421.0,motion picture,[]
9944775501421.0,motion picture industry cable television home video system,['Broadcasting & Television']
9933507501421.0,motion picture acting love marriage,"['Comedy & Humor', 'Film & Theater']"
9945055401421.0,motion picture industry,['Broadcasting & Television']
99145980801421.0,motion picture industry independent filmmaker business planning,['Film & Theater']
99125756901421.0,motion picture,[]
9965990001421.0,motion picture,[]
99199517701421.0,motion picture,[]
9982352301421.0,motion picture industry,['Broadcasting & Television']
99222621801421.0,motion picture digital medium,"['Documentary', 'Mass Media & Communication']"
99199664201421.0,motion picture,[]
99146336901421.0,motion picture,[]
99199560101421.0,motion picture first person narrative,"['Poetry', 'Children & Young Adult']"
9990428601421.0,motion picture video game,['Broadcasting & Television']
9927896204401420.0,motion picture actor and actress industry history,['Broadcasting & Television']
9928051493601420.0,motion picture cinematography,['Mass Media & Communication']
99220826101421.0,motion picture and globalization intercultural communication literature african diaspora society africa electronic book,"['Electronic & Digital Media', 'Film & Theater', 'Popular Culture & Media']"
9927718293101420.0,motion picture industry africa,['Broadcasting & Television']
9928398931501420.0,motion picture africa,[]
9927693756701420.0,motion picture,[]
9967781901421.0,motion picture,[]
99199515701421.0,motion picture culture conflict africa film frankophone afrika,"['Popular Culture & Media', 'Mass Media & Communication']"
99220922001421.0,motion picture woman producer and director africa electronic book,"['Electronic & Digital Media', 'Film & Theater']"
9928398931301420.0,motion picture industry africa,['Broadcasting & Television']
9927600107201420.0,motion picture,[]
9927621709701420.0,motion picture documentary film industry video art,['Documentary']
99143646301421.0,motion picture arab country,['Mass Media & Communication']
9927620905601420.0,motion picture producer and director,['Film & Theater']
99227276001421.0,motion picture electronic book,['Electronic & Digital Media']
99146803101421.0,motion picture industry,['Broadcasting & Television']
9989814201421.0,motion picture industry,['Broadcasting & Television']
99205649901421.0,motion picture industry argentina,['Broadcasting & Television']
99123942001421.0,motion picture,[]
99227710001421.0,identity psychology motion picture culture,"['Science Fiction & Fantasy', 'Popular Culture & Media']"
99139865201421.0,vienna action group motion picture human body art and,"['Film & Theater', 'Mass Media & Communication', 'Modernism & Postmodernism']"
9927828203501420.0,motion picture industry fascism and austria history,"['Broadcasting & Television', 'Modernism & Postmodernism']"
99141322401421.0,motion picture utopias electronic book,"['Electronic & Digital Media', 'Film & Theater']"
99133367101421.0,motion picture,[]
99142848001421.0,motion picture china history,[]
99133533101421.0,motion picture,[]
99109412301421.0,motion picture cinema china,['Documentary']
9981370901421.0,motion picture chinese feminism and,['Gender & Sexuality Identity']
9958697901421.0,motion picture,[]
9928268458801420.0,motion picture china history,[]
9981500501421.0,motion picture,[]
99146336701421.0,motion picture producer and director,['Film & Theater']
9928407737001420.0,motion picture china,[]
99133813601421.0,motion picture,[]
99149118701421.0,motion picture,[]
99146713501421.0,motion picture china,[]
9928129395701420.0,motion picture denmark history,[]
9968808101421.0,motion picture intercultural communication,['Popular Culture & Media']
99149094201421.0,motion picture,[]
9985350201421.0,motion picture popular culture,['Popular Culture & Media']
99222145601421.0,motion picture,[]
99133831001421.0,motion picture europe,[]
99145787001421.0,motion picture experimental film europe,['Documentary']
99149920401421.0,motion picture modernism aesthetics europe history,['Modernism & Postmodernism']
9966905201421.0,motion picture,[]
9943458901421.0,motion picture industry silent film,['Poetry']
9965719201421.0,motion picture,[]
9928425672901420.0,motion picture theater france geschichte,['Film & Theater']
9928300148601420.0,motion picture theater france,['Film & Theater']
99133541601421.0,motion picture french,['Gender & Sexuality Identity']
99116002501421.0,motion picture,[]
9927860692501420.0,motion picture industry cinematography france history,"['Broadcasting & Television', 'Mass Media & Communication']"
9927708313401420.0,motion picture nationalism patriotism france,['Film & Theater']
9974150501421.0,motion picture woman feminism and,['Poetry']
9927621710101420.0,motion picture france,[]
9928209443701420.0,continental film motion picture industry fascism and france german occupation history,"['Holocaust & Jewish Studies', 'Documentary']"
9928119797901420.0,motion picture history,[]
9989522701421.0,motion picture new wave film,"['Journalism & Politics', 'Documentary']"
99207467201421.0,motion picture historical film national characteristic french imperialism collective memory,"['Holocaust & Jewish Studies', 'Modernism & Postmodernism', 'Popular Culture & Media']"
99215750701421.0,motion picture electronic book,['Electronic & Digital Media']
99227973301421.0,motion picture,[]
99142544501421.0,motion picture france,[]
99146810901421.0,motion picture new wave film,"['Journalism & Politics', 'Documentary']"
99146327501421.0,motion picture imperialism france,['Modernism & Postmodernism']
9927535913701420.0,motion picture,[]
9928035390101420.0,motion picture french japonism orientalism art and auguste louis modern culture france japan history,"['Gender & Sexuality Identity', 'Science Fiction & Fantasy', 'Popular Culture & Media']"
99207108701421.0,motion picture perform art germany film history,"['Film & Theater', 'Documentary']"
9928082185401420.0,motion picture german romanticism art and literature germany history,['Holocaust & Jewish Studies']
99135059701421.0,motion picture german,['Holocaust & Jewish Studies']
9927682398501420.0,motion picture german,['Holocaust & Jewish Studies']
9930369101421.0,motion picture expressionism monster film noir,"['Film & Theater', 'Horror & Mystery']"
99207887801421.0,motion picture,[]
99140715301421.0,motion picture,[]
9988600101421.0,motion picture,[]
9945384101421.0,motion picture,[]
9925960890001420.0,motion picture,[]
99133368101421.0,motion picture cinematography,['Mass Media & Communication']
99199619801421.0,motion picture world war silent film psychic trauma culture,"['Poetry', 'Journalism & Politics', 'Popular Culture & Media']"
99146098401421.0,motion picture,[]
99199970201421.0,motion picture,[]
9976140801421.0,motion picture sex role german fiction literature,"['Holocaust & Jewish Studies', 'Documentary', 'Popular Culture & Media']"
9990002401421.0,motion picture kracauer siegfrie,[]
9956317201421.0,motion picture,[]
99119454101421.0,motion picture,[]
9927622901401420.0,motion picture film criticism,['Documentary']
9927607785801420.0,motion picture germany history,[]
9928084479501420.0,reitz edgar syberberg hans motion picture world war holocaust jewish germany history film art and geschichte han criticism interpretation etc,"['Holocaust & Jewish Studies', 'Mass Media & Communication']"
9927694109301420.0,motion picture cinematography germany,['Mass Media & Communication']
9925443130001420.0,motion picture american industry germany civilization national socialism and united states perform art history,"['Film & Theater', 'Modernism & Postmodernism']"
9927786189001420.0,motion picture gender identity sex germany,"['Holocaust & Jewish Studies', 'Popular Culture & Media']"
9928039774601420.0,motion picture holocaust jewish germany history,['Holocaust & Jewish Studies']
9927470805201420.0,motion picture german,['Holocaust & Jewish Studies']
9928376690701420.0,motion picture propaganda british,['Modernism & Postmodernism']
99134154501421.0,motion picture theater nationalism literature,['Film & Theater']
9928407962501420.0,motion picture industry great britain,"['Broadcasting & Television', 'Mass Media & Communication']"
99201431101421.0,motion picture,[]
9927588687201420.0,motion picture imperialism great britain,['Mass Media & Communication']
99227713401421.0,great britain documentary film historical motion picture world war propaganda imperialism,"['Documentary', 'Mass Media & Communication']"
99140713901421.0,motion picture propaganda world war,['Modernism & Postmodernism']
99115917901421.0,motion picture industry,['Broadcasting & Television']
99112788601421.0,motion picture,[]
99201430101421.0,motion picture art and romanticism modernism aesthetics,"['Holocaust & Jewish Studies', 'Modernism & Postmodernism']"
99228783801421.0,great britain documentary film,"['Documentary', 'Mass Media & Communication']"
9986511701421.0,motion picture audience,[]
9986567501421.0,motion picture,[]
99227709301421.0,motion picture,[]
99227264401421.0,motion picture,[]
9958619101421.0,motion picture,[]
9928220560501420.0,motion picture industry producer and director china history,['Film & Theater']
99144911501421.0,motion picture,[]
9927818370301420.0,motion picture india,[]
9989811701421.0,motion picture asians,[]
99133542101421.0,motion picture industry,['Broadcasting & Television']
99128015801421.0,motion picture middle class ideology india popular culture,"['Film & Theater', 'Popular Culture & Media']"
99227280701421.0,motion picture industry hindi,['Broadcasting & Television']
9927845535201420.0,motion picture dance television etc race sex role india history,['Popular Culture & Media']
99147650701421.0,motion picture history film art india,['Documentary']
99127754401421.0,motion picture industry british great britain india history,"['Broadcasting & Television', 'Mass Media & Communication']"
9928119795601420.0,india motion picture location industry history,['Broadcasting & Television']
9927643412701420.0,motion picture woman iran,['Gender & Sexuality Identity']
99205207701421.0,motion picture industry,['Broadcasting & Television']
99135066201421.0,motion picture african americans the industry,['Broadcasting & Television']
9970917001421.0,motion picture jews holocaust jewish arab relation arabs,['Holocaust & Jewish Studies']
99219507501421.0,motion picture italy,[]
99199473401421.0,motion picture,[]
9928037394001420.0,motion picture italy perform art history,['Film & Theater']
99199473501421.0,motion picture,[]
99227157901421.0,motion picture,[]
99228577801421.0,motion picture realism,['Journalism & Politics']
9928049596601420.0,motion picture italian genre film art realism italy,"['Gender & Sexuality Identity', 'Journalism & Politics', 'Documentary']"
9990082301421.0,motion picture,[]
99219509101421.0,motion picture auteur theory,[]
9980610001421.0,motion picture fascism and,['Modernism & Postmodernism']
99146820801421.0,rossellini roberto sica vittorio motion picture realism,['Journalism & Politics']
9928003509001420.0,motion picture japan history,[]
9927627398001420.0,motion picture japan,[]
9927461912801420.0,motion picture,[]
99140681901421.0,motion picture,[]
99199487301421.0,motion picture industry film archive collection,"['Holocaust & Jewish Studies', 'Documentary']"
99140635001421.0,motion picture,[]
9927490879701420.0,motion picture industry japan,['Broadcasting & Television']
99146811901421.0,motion picture history,[]
9928332053101420.0,motion picture korean fiction literature korea criticism interpretation etc history film literary,"['Film & Theater', 'Documentary']"
9928119892001420.0,motion picture transportation postcolonialism and the art,['Holocaust & Jewish Studies']
9990864001421.0,motion picture man masculinity,['Popular Culture & Media']
99140714001421.0,motion picture,[]
9927588693901420.0,motion picture latin america,['Gender & Sexuality Identity']
99116880601421.0,motion picture,[]
99199556101421.0,motion picture national characteristic latin american electronic book,"['Gender & Sexuality Identity', 'Electronic & Digital Media', 'Modernism & Postmodernism']"
99223541701421.0,motion picture,[]
99146327601421.0,motion picture,[]
9927724311601420.0,motion picture mexico,['Film & Theater']
9927833610001420.0,motion picture mexican industry hispanic americans the california mexico united states history,"['Broadcasting & Television', 'Film & Theater']"
9987546001421.0,motion picture melodrama mexican americans,"['Journalism & Politics', 'Documentary']"
9927579990501420.0,motion picture mexico,['Film & Theater']
99127854801421.0,motion picture man masculinity,['Popular Culture & Media']
9927647713401420.0,motion picture,[]
9968451201421.0,motion picture woman producer and director mexico history,['Film & Theater']
9927589327701420.0,motion picture television program,['Broadcasting & Television']
9927462398101420.0,motion picture,[]
9928391724501420.0,motion picture arab country middle africa,"['Film & Theater', 'Mass Media & Communication']"
9927574297201420.0,motion picture wit and humor comedy humor,['Comedy & Humor']
9927584613601420.0,motion picture mexican industry,['Broadcasting & Television']
99146714801421.0,motion picture new zealand criticism interpretation etc,['Journalism & Politics']
9927472912601420.0,motion picture industry video recording nigeria,['Broadcasting & Television']
99219476501421.0,motion picture propaganda fascism and,['Modernism & Postmodernism']
9928154120201420.0,motion picture poland history,[]
99198593001421.0,motion picture,[]
99198597901421.0,motion picture,[]
99149469001421.0,motion picture,[]
99215936901421.0,motion picture producer and director,['Film & Theater']
9928129394901420.0,motion picture africa apartheid mass medium history,['Mass Media & Communication']
99228021601421.0,motion picture,[]
99145302601421.0,motion picture spain film history,['Documentary']
9969585201421.0,motion picture spanish literature film adaptation,['Film & Theater']
9924610230001420.0,motion picture,[]
9927605002901420.0,motion picture politic social change spain,"['Science Fiction & Fantasy', 'Journalism & Politics']"
9943035101421.0,motion picture national characteristic spanish,"['Film & Theater', 'Modernism & Postmodernism']"
9926009820001420.0,film adaptation motion picture and literature spanish,['Film & Theater']
99219459901421.0,motion picture spanish,['Film & Theater']
9985478501421.0,motion picture actor and actress male masculinity,"['Journalism & Politics', 'Popular Culture & Media']"
9928110268101420.0,motion picture taiwan history,[]
99217188901421.0,motion picture industry,['Broadcasting & Television']
99199498301421.0,motion picture united states film usa history,['Documentary']
9927493881901420.0,motion picture,[]
99199450401421.0,motion picture,[]
99199450501421.0,motion picture,[]
99148966201421.0,motion picture,[]
99199450701421.0,motion picture,[]
99199449601421.0,motion picture,[]
9927579993601420.0,motion picture art and,[]
99205768301421.0,motion picture film criticism,['Documentary']
99201541601421.0,motion picture radio program television electronic book,"['Electronic & Digital Media', 'Broadcasting & Television']"
99125989401421.0,motion picture industry,['Broadcasting & Television']
99215626901421.0,motion picture industry hollywood sign los angeles calif electronic book,"['Electronic & Digital Media', 'Documentary']"
9927574884101420.0,motion picture industry politic and culture producer director actor actress united states,['Film & Theater']
99228082501421.0,motion picture family,['Children & Young Adult']
9926009950001420.0,motion picture fascism and hollywood los angeles calif,['Documentary']
99207531201421.0,motion picture industry communism and blacklisting entertainer author screenwriter producer director united states,['Film & Theater']
99118611601421.0,motion picture hero leadership,['Mass Media & Communication']
99223151801421.0,motion picture independent filmmaker united states history,['Film & Theater']
9927828203301420.0,metro goldwyn mayer united states warner bros picture motion industry communism and blacklisting entertainer author screenwriter producer director actor actress propaganda communist subversive activity history,['Film & Theater']
9983958401421.0,motion picture theater,['Film & Theater']
9990379501421.0,film noir motion picture,['Film & Theater']
9926679750001420.0,motion picture,[]
99146814801421.0,motion picture,[]
99142753301421.0,motion picture,[]
9957358901421.0,motion picture industry united states history reference work,"['Comedy & Humor', 'Broadcasting & Television']"
9957097201421.0,motion picture,[]
9927686207801420.0,motion picture art and industry share virtual environment united states,['Broadcasting & Television']
99146806901421.0,motion picture silent film melodrama,"['Poetry', 'Documentary']"
99207532801421.0,film genre motion picture,['Documentary']
9928162552701420.0,japanese american motion picture americans history,[]
99224635001421.0,motion picture industry independent film,['Film & Theater']
99149190601421.0,motion picture film criticism,['Documentary']
99134043601421.0,motion picture industry,['Broadcasting & Television']
99215302401421.0,motion picture war film september terrorist attack,"['Broadcasting & Television', 'Mass Media & Communication']"
99201958701421.0,motion picture play american authorship mcmurtry larry screenwriter,"['Film & Theater', 'Broadcasting & Television']"
9927470500901420.0,catholic church motion picture industry nineteen thirty,"['Science Fiction & Fantasy', 'Broadcasting & Television']"
9957076201421.0,motion picture,[]
9956569701421.0,motion picture industry,['Broadcasting & Television']
99219446501421.0,independent film filmmaker electronic book,"['Electronic & Digital Media', 'Film & Theater']"
9925478070001420.0,independent film filmmaker,['Film & Theater']
99199517901421.0,motion picture september terrorist attack war film influence literary artistic etc psychic trauma terrorism united states criticism interpretation history,"['Journalism & Politics', 'Broadcasting & Television', 'Documentary']"
9957057401421.0,motion picture industry,['Broadcasting & Television']
9958672001421.0,rand ayn motion picture,[]
9927880138801420.0,motion picture industry united states history,['Broadcasting & Television']
99194493801421.0,motion picture,[]
9927861309801420.0,drive theater united states history,['Film & Theater']
9928065305701420.0,motion picture industry united states china international relation business economic modern art film history criticism,"['Journalism & Politics', 'Broadcasting & Television', 'Film & Theater']"
9956628201421.0,scorsese martin motion picture producer and director,"['Journalism & Politics', 'Film & Theater']"
9956318401421.0,motion picture,[]
99227157401421.0,motion picture,[]
9924655000001420.0,motion picture cinematography digital united states talet history,"['Documentary', 'Mass Media & Communication']"
9970415301421.0,motion picture theater experimental film,"['Film & Theater', 'Documentary']"
9927880139201420.0,motion picture united states history,[]
9927452840001420.0,motion picture industry hollywood los angeles calif,['Documentary']
99146814601421.0,motion picture industry actor and actress,['Broadcasting & Television']
9927747441201420.0,motion picture narration rhetoric california history,['Poetry']
99115932301421.0,motion picture industry,['Broadcasting & Television']
9928131055201420.0,motion picture industry pandemic,['Broadcasting & Television']
99133570501421.0,motion picture industry communism and united states,"['Journalism & Politics', 'Broadcasting & Television']"
9927612110401420.0,motion picture industry california india united states,['Broadcasting & Television']
9927464710701420.0,motion picture industry world war,"['Journalism & Politics', 'Broadcasting & Television']"
99221753801421.0,motion picture industry hollywood los angeles calif,['Documentary']
9968282201421.0,motion picture industry scandal,['Broadcasting & Television']
9958512201421.0,motion picture industry audience,['Broadcasting & Television']
99226553501421.0,motion picture audience industry hollywood los angeles calif electronic book,"['Electronic & Digital Media', 'Documentary']"
9924740390001420.0,motion picture united states,[]
99207253701421.0,motion picture industry hollywood los angeles calif,['Documentary']
9928162553401420.0,motion picture studio counterculture actor and actress california history anecdote,['Film & Theater']
99146809301421.0,motion picture industry,['Broadcasting & Television']
99207341501421.0,motion picture industry hollywood los angeles calif,['Documentary']
9927823084801420.0,motion picture industry california history,['Broadcasting & Television']
9928119796301420.0,motion picture american california history,[]
9927673912401420.0,motion picture industry studio hollywood los angeles calif california,"['Film & Theater', 'Documentary']"
9995916801421.0,motion picture industry,['Broadcasting & Television']
99227563201421.0,motion picture industry city and town life hollywood los angeles calif,"['Poetry', 'Documentary']"
99227281701421.0,motion picture industry popular culture hollywood los angeles calif electronic book,"['Electronic & Digital Media', 'Documentary', 'Popular Culture & Media']"
99144972501421.0,motion picture industry,['Broadcasting & Television']
9927718292601420.0,motion picture southern state african americans the industry race relation,['Journalism & Politics']
9927746594401420.0,motion picture culture texas history,['Popular Culture & Media']
99199205701421.0,motion picture industry,['Broadcasting & Television']
9968258801421.0,motion picture theater,['Film & Theater']
99208402601421.0,motion picture cinematography,['Mass Media & Communication']
99146718601421.0,motion picture film criticism,['Documentary']
99221759501421.0,academy award motion picture,[]
9928224357001420.0,academy award motion picture art and science industry united states california history,"['Science Fiction & Fantasy', 'Broadcasting & Television']"
9927507813701420.0,cahier history motion picture,[]
99215159401421.0,motion picture,[]
9944412101421.0,motion picture,[]
9932006001421.0,motion picture,[]
99228623701421.0,motion picture silent film,['Poetry']
9931570001421.0,motion picture,[]
9957142301421.0,motion picture,[]
99220181401421.0,motion picture,[]
99133698201421.0,motion picture television broadcasting,['Broadcasting & Television']
99118378601421.0,motion picture perform art,['Film & Theater']
9945234401421.0,motion picture ethnology visual anthropology photography,"['Gender & Sexuality Identity', 'Broadcasting & Television']"
99118001101421.0,motion picture,[]
9976642401421.0,motion picture,[]
9932577701421.0,motion picture,[]
99149276601421.0,motion picture,[]
99142436001421.0,culture motion picture folklore,['Popular Culture & Media']
99128518701421.0,motion picture,[]
9981366001421.0,motion picture,[]
99207379601421.0,motion picture,[]
99219068401421.0,kracauer siegfrie benjamin walter adorno theodor motion picture criticism interpretation etc,['Mass Media & Communication']
9930862301421.0,motion picture popular culture,['Popular Culture & Media']
9927803373101420.0,motion picture play opening rhetoric criticism interpretation etc,"['Poetry', 'Broadcasting & Television']"
9927507403101420.0,motion picture,[]
99200069901421.0,motion picture film,['Documentary']
99148893301421.0,motion picture cinematography,['Mass Media & Communication']
9931529901421.0,motion picture,[]
9965989801421.0,motion picture,[]
9992898501421.0,motion picture,[]
99199483801421.0,motion picture,[]
99135649601421.0,motion picture,[]
9927609711301420.0,motion picture,[]
99205677501421.0,motion picture,[]
99146955601421.0,motion picture mass medium interactive multimedia,['Mass Media & Communication']
99197298401421.0,motion picture,[]
9956569901421.0,motion picture,[]
9927630711701420.0,motion picture cinematography film criticism,['Mass Media & Communication']
99148894101421.0,motion picture,[]
99201956401421.0,motion picture producer and director actor actress,['Film & Theater']
99217735601421.0,motion picture,[]
99147009201421.0,motion picture,[]
99148942801421.0,motion picture,[]
99148943701421.0,motion picture,[]
9932576501421.0,motion picture,[]
9932445601421.0,motion picture,[]
9944308801421.0,motion picture,[]
9990084201421.0,motion picture,[]
99155062901421.0,motion picture,[]
99221753001421.0,motion picture,[]
99221760201421.0,motion picture error,[]
9927805991501420.0,webcam motion picture,[]
9944909901421.0,motion picture audience,[]
99133541801421.0,motion picture,[]
9965713501421.0,motion picture film criticism,['Documentary']
9924655350001420.0,motion picture film criticism,['Documentary']
9933405201421.0,motion picture,[]
9931570201421.0,film criticism,['Documentary']
9927624511901420.0,motion picture,[]
9957942701421.0,motion picture,[]
9927656004501420.0,film criticism critic ferguson otis agee james farber manny tyler parker,['Mass Media & Communication']
9931556601421.0,motion picture fiction popular culture,"['Science Fiction & Fantasy', 'Popular Culture & Media']"
99226639601421.0,motion picture film criticism,['Documentary']
9965723701421.0,motion picture photography visual perception,"['Gender & Sexuality Identity', 'Science Fiction & Fantasy']"
9928067885401420.0,motion picture,[]
99198385101421.0,motion picture,[]
9990134401421.0,motion picture,[]
9930910501421.0,husserl edmund motion picture phenomenology,[]
9956716301421.0,motion picture,[]
9958587801421.0,voice motion picture over,['Journalism & Politics']
9932888301421.0,motion picture,[]
9931570501421.0,motion picture play,['Broadcasting & Television']
9943600101421.0,motion picture film genre popular culture,"['Documentary', 'Popular Culture & Media']"
99215167001421.0,motion picture deleuze gille,['Gender & Sexuality Identity']
9930475501421.0,motion picture play,['Broadcasting & Television']
9925720120001420.0,motion picture,[]
9995935801421.0,motion picture cinematography,['Mass Media & Communication']
9930613101421.0,motion picture audience popular culture,['Popular Culture & Media']
9951889701421.0,motion picture,[]
99207638201421.0,motion picture,[]
9957055901421.0,motion picture spectacular the cinematography audience,['Mass Media & Communication']
9932187201421.0,motion picture television broadcasting,['Broadcasting & Television']
9927604812501420.0,motion picture cognitive psychology,['Science Fiction & Fantasy']
9927597510301420.0,motion picture psychoanalysis and jungian psychology,"['Science Fiction & Fantasy', 'Holocaust & Jewish Studies']"
9931847901421.0,motion picture cinematography,['Mass Media & Communication']
9931585301421.0,motion picture,[]
9957097301421.0,motion picture,[]
99135464201421.0,motion picture audience realism,['Journalism & Politics']
9927597494501420.0,film criticism motion picture mass medium,['Mass Media & Communication']
9927732509901420.0,motion picture,[]
9947054301421.0,motion picture play,['Broadcasting & Television']
9924657160001420.0,motion picture play,['Broadcasting & Television']
99218529101421.0,film criticism motion picture,['Documentary']
9951889101421.0,motion picture,[]
99205778201421.0,motion picture,[]
99207319801421.0,motion picture,[]
9931067501421.0,motion picture narration rhetoric and literature,['Poetry']
99148337501421.0,motion picture cinematography photography art,"['Gender & Sexuality Identity', 'Mass Media & Communication']"
9932760101421.0,motion picture postmodernism feminism and,"['Gender & Sexuality Identity', 'Popular Culture & Media']"
99218971901421.0,motion picture electronic book,['Electronic & Digital Media']
9927520232201420.0,film genre television program motion picture acting,"['Broadcasting & Television', 'Documentary']"
99199483701421.0,motion picture independent filmmaker,['Film & Theater']
9927511610301420.0,babel motion picture cinematography,['Mass Media & Communication']
9932877001421.0,motion picture,[]
99148286801421.0,motion picture,[]
9957685101421.0,motion picture film genre,['Documentary']
9927581506501420.0,flight entertainment system motion picture audience,[]
9942538901421.0,film criticism,['Documentary']
99148966701421.0,motion picture and music,['Gender & Sexuality Identity']
9931570301421.0,motion picture and literature,['Film & Theater']
9931291301421.0,motion picture popular culture myth,"['Modernism & Postmodernism', 'Popular Culture & Media']"
99127762101421.0,motion picture,[]
9927803227801420.0,motion picture anecdote,[]
99107360001421.0,motion picture,[]
99220336401421.0,motion picture,[]
9943584001421.0,motion picture,[]
99207587001421.0,motion picture,[]
9927825608701420.0,motion picture perform art,['Film & Theater']
9927848890501420.0,fight club motion picture film criticism marxist,['Popular Culture & Media']
99227981701421.0,motion picture,[]
99143850401421.0,film criticism motion picture and literature modernism electronic book,"['Electronic & Digital Media', 'Modernism & Postmodernism']"
99146808401421.0,motion picture deleuze gille,['Gender & Sexuality Identity']
9927803366201420.0,motion picture perform art,['Film & Theater']
99133402801421.0,motion picture,[]
9956869301421.0,motion picture,[]
9970556001421.0,motion picture,[]
99218533401421.0,motion picture audience,[]
99145637201421.0,motion picture stills,[]
9951338401421.0,motion picture fetishism feminism and,['Gender & Sexuality Identity']
9990002801421.0,motion picture postmodernism,['Popular Culture & Media']
9990861001421.0,motion picture mass medium cinematography civilization baroque video game,"['Broadcasting & Television', 'Mass Media & Communication']"
9927693766001420.0,film genre motion picture play authorship,"['Broadcasting & Television', 'Documentary']"
9958496701421.0,film criticism motion picture,['Documentary']
99149191301421.0,motion picture,[]
99149468801421.0,motion picture,[]
99227971501421.0,deleuze gille motion picture,['Gender & Sexuality Identity']
9927694611601420.0,beckett samuel motion picture and literature,['Film & Theater']
9989908801421.0,motion picture,[]
9951836301421.0,motion picture,[]
9943949001421.0,motion picture place philosophy location,"['Gender & Sexuality Identity', 'Comedy & Humor']"
9951919301421.0,motion picture avant garde aesthetic andy hardy film,"['Holocaust & Jewish Studies', 'Documentary']"
99222147801421.0,film criticism motion picture,['Documentary']
99227166401421.0,kristeva julia lacan jacque motion picture,['Gender & Sexuality Identity']
99227168801421.0,motion picture deleuze gille,['Gender & Sexuality Identity']
9945391801421.0,motion picture play experimental film narration rhetoric authorship,"['Poetry', 'Documentary']"
9945198201421.0,motion picture film criticism,['Documentary']
99208078401421.0,motion picture creation literary artistic etc,['Documentary']
9932537501421.0,motion picture television,['Broadcasting & Television']
9927517413501420.0,motion picture,[]
9951920101421.0,motion picture identification psychology audience,['Science Fiction & Fantasy']
9931262501421.0,motion picture,[]
9927496637201420.0,film criticism,['Documentary']
9931390301421.0,motion picture reader response criticism,['Science Fiction & Fantasy']
9931660901421.0,motion picture,[]
9966007801421.0,motion picture industry actor and actress studio,['Film & Theater']
9958565301421.0,motion picture cinematography,['Mass Media & Communication']
99201608701421.0,motion picture photography installation art,['Gender & Sexuality Identity']
9927516494501420.0,motion picture,[]
99205207801421.0,motion picture narration rhetoric film,['Poetry']
9927627391101420.0,film criticism critic motion picture,['Mass Media & Communication']
9925779240001420.0,motion picture,[]
99225271201421.0,film criticism motion picture and literature,['Film & Theater']
9930773901421.0,motion picture feminism and,['Gender & Sexuality Identity']
9925474330001420.0,godard jean luc resnais alain motion picture,['Journalism & Politics']
9944911901421.0,motion picture audience,[]
9927897312901420.0,motion picture film genre history,['Documentary']
9927993374501420.0,motion picture,[]
99217232701421.0,motion picture audience narration rhetoric,['Poetry']
9927530511601420.0,motion picture,[]
9928005299901420.0,historical film civilization modern history motion picture and criticism interpretation etc,['Popular Culture & Media']
9944444701421.0,motion picture visual communication and history,['Broadcasting & Television']
9927957605401420.0,france algeria political violence motion picture since history,"['Science Fiction & Fantasy', 'Film & Theater']"
99128221201421.0,motion picture and history historical film,['Popular Culture & Media']
9927700810301420.0,historical film history motion picture and,['Popular Culture & Media']
9928083281101420.0,motion picture television history great britain united states perform art,"['Film & Theater', 'Broadcasting & Television']"
9927808512401420.0,politic motion picture black power and history nineteen sixty united states,"['Science Fiction & Fantasy', 'Journalism & Politics', 'Broadcasting & Television']"
99133637901421.0,motion picture and history historical film,['Popular Culture & Media']
99148967401421.0,motion picture and history historical film,['Popular Culture & Media']
99207182701421.0,perform art popular culture digital medium computer network,"['Documentary', 'Popular Culture & Media']"
9928049596501420.0,motion picture and history,[]
9990001701421.0,motion picture and history,[]
9932889101421.0,motion picture and history,[]
9944869801421.0,motion picture and history,[]
9970413301421.0,motion picture and history,[]
9946901801421.0,motion picture and history historical film,['Popular Culture & Media']
9957055601421.0,motion picture and history historical film,['Popular Culture & Media']
9992735501421.0,motion picture traumatism,[]
9927708312901420.0,motion picture and history television,['Broadcasting & Television']
9957098301421.0,motion picture and theater,['Film & Theater']
9965732501421.0,art and motion picture painting,[]
99133366601421.0,motion picture and theater,['Film & Theater']
99197212401421.0,art and motion picture avant garde aesthetic modernism the eisenstein,"['Holocaust & Jewish Studies', 'Modernism & Postmodernism']"
9986720201421.0,art and motion picture deco woman,['Gender & Sexuality Identity']
99200782201421.0,motion picture and the art,[]
99111071101421.0,motion picture and theater,['Film & Theater']
9943171201421.0,motion picture and the art homosexuality,['Gender & Sexuality Identity']
9945198101421.0,motion picture and the art,[]
9944866501421.0,motion picture and the art,[]
99149190701421.0,art and motion picture realism,['Journalism & Politics']
99227281601421.0,motion picture and theater,['Film & Theater']
9932207701421.0,motion picture and literature narration rhetoric play,['Poetry']
99146723801421.0,motion picture and literature narration rhetoric,['Poetry']
9983958701421.0,motion picture and literature,['Film & Theater']
9926019860001420.0,spanish drama motion picture,['Film & Theater']
9943171101421.0,motion picture and literature film adaptation,['Film & Theater']
9932833001421.0,motion picture and literature film adaptation,['Film & Theater']
9927677410901420.0,motion picture and literature british film adaptation,['Film & Theater']
99227168901421.0,motion picture and literature english modernism,"['Modernism & Postmodernism', 'Children & Young Adult']"
99119155101421.0,motion picture and literature film adaptation translate interpreting,"['Holocaust & Jewish Studies', 'Film & Theater']"
99135001401421.0,motion picture and literature english modernism,"['Modernism & Postmodernism', 'Children & Young Adult']"
9930750801421.0,motion picture and literature,['Film & Theater']
99115953701421.0,religion motion picture,['Popular Culture & Media']
9957949401421.0,national legion decency motion picture,['Modernism & Postmodernism']
9944407301421.0,national legion decency motion picture,['Modernism & Postmodernism']
99205799701421.0,motion picture,[]
9933382001421.0,motion picture,[]
9957640001421.0,motion picture,[]
9989522101421.0,motion picture,[]
99118611901421.0,motion picture,[]
9928351559701420.0,motion picture,[]
9927474109201420.0,motion picture,[]
9928932701421.0,feminism and motion picture,['Gender & Sexuality Identity']
99143648701421.0,motion picture breen ignatius,[]
9957631901421.0,motion picture sex,['Popular Culture & Media']
9927896507201420.0,motion picture censorship national board review united states history,"['Journalism & Politics', 'Modernism & Postmodernism']"
9995300301421.0,motion picture,[]
9987585501421.0,motion picture woman sex,['Popular Culture & Media']
9956306001421.0,motion picture,[]
9957909001421.0,motion picture,[]
9945383701421.0,motion picture theater,['Film & Theater']
99227157701421.0,motion picture sex role electronic book,"['Electronic & Digital Media', 'Popular Culture & Media']"
9926020280001420.0,motion picture spain,[]
9927665157601420.0,motion picture location london england,[]
99221766801421.0,motion picture location paris france,[]
99199397601421.0,sound motion picture,['Broadcasting & Television']
9928081085201420.0,sound motion picture musical film music france criticism interpretation etc history,['Broadcasting & Television']
99147564001421.0,sound motion picture,['Broadcasting & Television']
99199673401421.0,sound motion picture music,['Broadcasting & Television']
9931868101421.0,sound motion picture,['Broadcasting & Television']
9943864701421.0,silent film,['Poetry']
9967172001421.0,silent film,['Poetry']
99207554501421.0,silent film motion picture,['Poetry']
99199664101421.0,silent film motion picture industry cinema history,"['Poetry', 'Documentary']"
9930284901421.0,silent film motion picture audience feminism and united states electronic book,"['Poetry', 'Electronic & Digital Media']"
99115917801421.0,motion picture,[]
9967083101421.0,silent film politic motion picture work class radicalism,"['Poetry', 'Comedy & Humor']"
99148895301421.0,silent film,['Poetry']
9965757201421.0,silent film motion picture jews,"['Poetry', 'Holocaust & Jewish Studies']"
99219487201421.0,silent film motion picture industry french cinema,"['Poetry', 'Documentary']"
99149191201421.0,amateur film archive electronic book,"['Electronic & Digital Media', 'Documentary']"
9951862001421.0,amateur film,['Documentary']
9942913701421.0,action and adventure film,['Mass Media & Communication']
9933475401421.0,art motion picture,[]
9957142601421.0,motion picture,[]
9933419701421.0,motion picture art director,['Film & Theater']
9933476201421.0,film criticism motion picture audience,['Documentary']
9931396901421.0,comic strip character motion picture,"['Electronic & Digital Media', 'Comics & Graphic Novels', 'Children & Young Adult']"
9932258601421.0,child motion picture children juvenile young,['Children & Young Adult']
9944662801421.0,comedy film,['Mass Media & Communication']
9932316501421.0,comedy film,['Mass Media & Communication']
9944193601421.0,comedy film motion picture,['Mass Media & Communication']
9951924001421.0,cyborg motion picture myth,['Modernism & Postmodernism']
9944868501421.0,death motion picture,['Modernism & Postmodernism']
9932260401421.0,documentary film,['Documentary']
9957110701421.0,documentary film,['Documentary']
9929010301421.0,documentary film historical criticism,['Documentary']
9933123401421.0,middletown film project documentary mass medium muncie ind,"['Documentary', 'Mass Media & Communication']"
9944918501421.0,documentary film historical motion picture ethnology television program broadcasting news,"['Broadcasting & Television', 'Documentary']"
9931201901421.0,documentary film,['Documentary']
9945153401421.0,documentary film,['Documentary']
9931586301421.0,documentary film motion picture,['Documentary']
9957142801421.0,exoticism motion picture,[]
9932717201421.0,experimental film,['Documentary']
9945351901421.0,experimental film feminism and motion picture,"['Gender & Sexuality Identity', 'Documentary']"
9943390401421.0,experimental film motion picture,['Documentary']
9945112701421.0,experimental film,['Documentary']
9932454901421.0,experimental film motion picture,['Documentary']
9943459001421.0,fantasy film,"['Science Fiction & Fantasy', 'Documentary']"
9931431401421.0,film noir popular culture,"['Film & Theater', 'Popular Culture & Media']"
9943601001421.0,film noir,['Film & Theater']
9943203001421.0,film noir,['Film & Theater']
9951889201421.0,flight motion picture war film,['Mass Media & Communication']
9932227901421.0,film,['Documentary']
9932363501421.0,geopolitic motion picture technology conspiracy,['Documentary']
9944946201421.0,people with disability motion picture,['Film & Theater']
9944106901421.0,historical film motion picture,['Popular Culture & Media']
9933408501421.0,historical film motion picture,['Popular Culture & Media']
9944410001421.0,homosexuality motion picture,['Gender & Sexuality Identity']
9932238801421.0,horror film woman motion picture sex role horror gothic supernatural,"['Horror & Mystery', 'Popular Culture & Media']"
9944669301421.0,horror film horror gothic supernatural,['Horror & Mystery']
9944145601421.0,horror film motion picture archetype psychology horror gothic supernatural,['Horror & Mystery']
9942824901421.0,female impersonator motion picture male sex role,"['Journalism & Politics', 'Popular Culture & Media']"
9933381301421.0,jesus christ,[]
9933378801421.0,latin americans motion picture,['Gender & Sexuality Identity']
9944100801421.0,lesbianism motion picture woman feminism and theater literature,"['Poetry', 'Film & Theater', 'Popular Culture & Media']"
9944534601421.0,motion picture california united states hollywood los angeles calif,['Documentary']
9943892401421.0,stewart james nicholson jack eastwood clint man motion picture sex role machismo,"['Popular Culture & Media', 'Mass Media & Communication']"
9944011601421.0,reagan ronald man motion picture machismo,['Mass Media & Communication']
9932978601421.0,ruben paul man motion picture sex role,"['Popular Culture & Media', 'Mass Media & Communication']"
9956594201421.0,man motion picture machismo sex role feminism and,['Popular Culture & Media']
9933217301421.0,man motion picture sex electronic book,"['Electronic & Digital Media', 'Popular Culture & Media']"
9945198301421.0,cagney james bogart humphrey garfield man motion picture city and town life,"['Poetry', 'Mass Media & Communication']"
9942890701421.0,man motion picture machismo sex role,['Popular Culture & Media']
9965741801421.0,mexican americans motion picture,['Journalism & Politics']
9930471901421.0,minority motion picture ethnicity,['Electronic & Digital Media']
9951923101421.0,appalachian people motion picture,['Journalism & Politics']
9951924401421.0,musical film,['Broadcasting & Television']
9933841001421.0,musical film,['Broadcasting & Television']
9932415501421.0,national socialism motion picture world war,['Modernism & Postmodernism']
9951338801421.0,national socialism and motion picture propaganda,['Modernism & Postmodernism']
9965762901421.0,national socialism and motion picture,['Modernism & Postmodernism']
9931689301421.0,national socialism motion picture feminism and woman family producer director,"['Modernism & Postmodernism', 'Film & Theater']"
9942839701421.0,african americans motion picture american producer and director experimental film,"['Film & Theater', 'Documentary']"
9971085501421.0,black motion picture television,['Broadcasting & Television']
9933014301421.0,african americans the motion picture industry,['Broadcasting & Television']
9943137101421.0,african americans motion picture,[]
9930773801421.0,southern methodist university african americans motion picture the industry,"['Comedy & Humor', 'Broadcasting & Television']"
9956626701421.0,african americans motion picture the industry,['Broadcasting & Television']
9946910801421.0,african americans motion picture jews the industry blackface entertainer jewish,"['Holocaust & Jewish Studies', 'Film & Theater']"
9932630701421.0,politic motion picture,['Journalism & Politics']
9943356801421.0,motion picture cinematography,['Mass Media & Communication']
9933392801421.0,motion picture politic,['Journalism & Politics']
9944824401421.0,motion picture,[]
9930646901421.0,motion picture television and politic broadcasting social value,['Broadcasting & Television']
9931863901421.0,politic motion picture,['Journalism & Politics']
9931757401421.0,capra frank lubitsch ernst von sternberg josef wyler motion picture cinematography,"['Broadcasting & Television', 'Mass Media & Communication']"
9951338901421.0,motion picture industry producer and director,['Film & Theater']
9933378701421.0,motion picture industry,['Broadcasting & Television']
9933423001421.0,prostitute motion picture,[]
9944907501421.0,psychoanalysis and motion picture,['Holocaust & Jewish Studies']
9931919701421.0,religion motion picture film religious,"['Horror & Mystery', 'Popular Culture & Media']"
9945882901421.0,science fiction film literary theory general cinema criticism interpretation etc,"['Science Fiction & Fantasy', 'Documentary']"
9933419301421.0,science fiction film motion picture and literature adaptation,"['Science Fiction & Fantasy', 'Film & Theater']"
9942400801421.0,science fiction film,"['Science Fiction & Fantasy', 'Documentary']"
9951335101421.0,science fiction film robot motion picture,"['Science Fiction & Fantasy', 'Documentary']"
9932960401421.0,sex motion picture,['Popular Culture & Media']
9931919201421.0,sex role motion picture patriarchy psychology middle class femininity feminism and audience,"['Film & Theater', 'Popular Culture & Media']"
9945198401421.0,motion picture postmodernism apocalypse,['Popular Culture & Media']
9951919801421.0,motion picture audience,[]
9930998401421.0,motion picture postmodernism sociology,['Popular Culture & Media']
9951923501421.0,motion picture popular culture,['Popular Culture & Media']
9932742101421.0,motion picture industry,['Broadcasting & Television']
9942928601421.0,motion picture,[]
9942405101421.0,motion picture,[]
9930639301421.0,motion picture,[]
9943461101421.0,motion picture communication,['Popular Culture & Media']
9943044901421.0,vitagraph company america motion picture,['Journalism & Politics']
9943865101421.0,strong man motion picture sex role machismo action and adventure film,"['Popular Culture & Media', 'Mass Media & Communication']"
9946909501421.0,surrealism motion picture dadaism,['Modernism & Postmodernism']
9933378901421.0,western film,['Film & Theater']
9958674101421.0,woman the motion picture industry,['Poetry']
9933533501421.0,woman motion picture,['Gender & Sexuality Identity']
9942752501421.0,motion picture for woman,['Gender & Sexuality Identity']
9944515201421.0,woman motion picture feminism and,['Poetry']
9930882401421.0,woman motion picture world war sex role feminism and national characteristic british,"['Gender & Sexuality Identity', 'Modernism & Postmodernism', 'Popular Culture & Media']"
9930751901421.0,woman motion picture sex role,['Popular Culture & Media']
9931586701421.0,feminism and motion picture feminist film woman,"['Gender & Sexuality Identity', 'Film & Theater']"
9930943001421.0,woman motion picture sex role feminism and popular culture,['Popular Culture & Media']
9943395501421.0,woman motion picture feminist film criticism,['Poetry']
9945099501421.0,woman motion picture feminism and comedy film television,"['Poetry', 'Broadcasting & Television', 'Mass Media & Communication']"
9943536301421.0,woman motion picture audience feminism and,['Poetry']
9951919401421.0,woman motion picture sex,['Popular Culture & Media']
9958377301421.0,motion picture and woman for,['Gender & Sexuality Identity']
9958104101421.0,woman motion picture the industry,['Poetry']
9931390201421.0,woman motion picture,['Gender & Sexuality Identity']
9943270401421.0,woman motion picture sex role lesbianism feminism and producer director,"['Film & Theater', 'Popular Culture & Media']"
9930910601421.0,motion picture yiddish,['Holocaust & Jewish Studies']
9932047001421.0,youth motion picture authority,['Comedy & Humor']
99183398401421.0,motion picture acting film,['Documentary']
99222331001421.0,motion picture acting caine,[]
9927770812001420.0,motion picture acting case study history,[]
9995739501421.0,motion picture acting,[]
9928082784401420.0,motion picture acting perform art case study history,['Film & Theater']
9966002901421.0,motion picture acting,[]
99149268601421.0,action and adventure film,['Mass Media & Communication']
99229280001421.0,action and adventure film,['Mass Media & Communication']
99218430801421.0,motion picture afghanistan electronic book,['Electronic & Digital Media']
99228773901421.0,airplane motion picture,[]
99116002601421.0,alcoholism motion picture family popular culture,"['Popular Culture & Media', 'Children & Young Adult']"
9927959208301420.0,anarchism motion picture,[]
9927729810101420.0,dog motion picture,[]
99134042201421.0,animal motion picture film wildlife,['Film & Theater']
9927489712901420.0,antisemitism motion picture,[]
9928120398501420.0,comedy film antisemitism motion picture germany art reference holocaust history,"['Holocaust & Jewish Studies', 'Mass Media & Communication']"
9927947408401420.0,motion picture arab americans identity psychology stereotype social egypt united states history,"['Science Fiction & Fantasy', 'Film & Theater']"
99128996101421.0,arabs motion picture,[]
9974086501421.0,arabs motion picture,[]
99119532801421.0,art motion picture artist woman and,['Gender & Sexuality Identity']
9995938401421.0,motion picture television,['Broadcasting & Television']
99116002701421.0,motion picture,[]
99119402101421.0,motion picture,[]
9957909101421.0,motion picture historical film,['Popular Culture & Media']
9983029001421.0,asian americans motion picture the industry,['Broadcasting & Television']
9976650401421.0,asian americans motion picture the industry,['Broadcasting & Television']
9928238622901420.0,asian americans motion picture united states encyclopedia film criticism,['Documentary']
99129612901421.0,asians motion picture asian americans ahn philip,[]
9983922701421.0,asians motion picture asian americans,[]
9944043101421.0,asians motion picture race relation sex love,"['Journalism & Politics', 'Film & Theater', 'Popular Culture & Media']"
99217227201421.0,asians motion picture asian americans asia,[]
99136209101421.0,erotic film asian american woman motion picture asians usa criticism interpretation etc,['Film & Theater']
9927572311801420.0,motion picture audience,[]
9927723197501420.0,motion picture audience video art and industry the history,['Broadcasting & Television']
9974163401421.0,motion picture audience fan person,['Children & Young Adult']
9928077081601420.0,motion picture audience,[]
9944906201421.0,motion picture audience,[]
9974330701421.0,motion picture audience,[]
9986728501421.0,motion picture audience theater,['Film & Theater']
9927529613001420.0,motion picture audience surrealism,['Modernism & Postmodernism']
9926671000001420.0,motion picture audience,[]
99197298501421.0,motion picture audience electronic book,['Electronic & Digital Media']
9927556399601420.0,motion picture audience emotion cognition,['Broadcasting & Television']
9983958601421.0,auteur theory motion picture,[]
9927828810601420.0,motion picture producer and director industry auteur theory united states history,['Film & Theater']
99219718101421.0,film motion picture industry,['Documentary']
99224225901421.0,film serial comic strip,"['Broadcasting & Television', 'Comics & Graphic Novels']"
99205787801421.0,biographical film,['Documentary']
9928209257501420.0,biographical film national characteristic british great britain criticism interpretation etc,"['Modernism & Postmodernism', 'Mass Media & Communication']"
9928044694901420.0,motion picture united states african americans race relation racism,['Journalism & Politics']
9928220564201420.0,african americans motion picture western film american cowboy the industry race united states criticism interpretation etc,"['Journalism & Politics', 'Film & Theater']"
99143528001421.0,human body motion picture silent film,"['Poetry', 'Film & Theater']"
9958507901421.0,human body motion picture sex literature,"['Film & Theater', 'Popular Culture & Media']"
9976845301421.0,human body motion picture sex role minority,"['Film & Theater', 'Popular Culture & Media']"
9928083676201420.0,theater representation philosophy motion picture ethic europe america,"['Gender & Sexuality Identity', 'Film & Theater', 'Documentary']"
9927838513801420.0,boundary motion picture digital cinematography identity psychology,"['Science Fiction & Fantasy', 'Documentary']"
99135358101421.0,teenage boy motion picture male friendship literature american fiction,"['Journalism & Politics', 'Documentary']"
99111864101421.0,boy motion picture masculinity,['Popular Culture & Media']
99118890301421.0,business motion picture,['Film & Theater']
9965744401421.0,character and characteristic motion picture,['Electronic & Digital Media']
99149190801421.0,comic strip character motion picture,"['Electronic & Digital Media', 'Comics & Graphic Novels', 'Children & Young Adult']"
9927733413601420.0,character and characteristic motion picture cast perform art,"['Electronic & Digital Media', 'Film & Theater']"
9927805712501420.0,comic book strip etc literature film adaptation motion picture and television art design criticism interpretation comic_strip graphic work,"['Film & Theater', 'Comics & Graphic Novels']"
9927687813901420.0,comic strip character motion picture television book etc celebrity art literature,"['Film & Theater', 'Comics & Graphic Novels']"
99207267001421.0,child motion picture actor children juvenile young,['Children & Young Adult']
99198484201421.0,citizenship motion picture friendship,['Journalism & Politics']
99144912301421.0,city and town motion picture life,['Poetry']
9956625201421.0,city and town motion picture life,['Poetry']
99147573701421.0,city and town motion picture life,['Poetry']
9927693496301420.0,city and town motion picture life,['Poetry']
9985300501421.0,city and town life motion picture,['Poetry']
9928168827201420.0,berlin germany belfast northern ireland beirut lebanon city and town motion picture,['Poetry']
99215970901421.0,city and town life motion picture apartment,['Poetry']
99217674001421.0,civilization ancient motion picture greece rome,['Film & Theater']
9927470501501420.0,comedy film motion picture masculinity queer theory electronic book,"['Electronic & Digital Media', 'Mass Media & Communication']"
9984777801421.0,comedy film speech and social status,"['Broadcasting & Television', 'Mass Media & Communication']"
9926009880001420.0,comedy film,['Mass Media & Communication']
9930915801421.0,comedy film comic the,"['Comics & Graphic Novels', 'Mass Media & Communication']"
9924597100001420.0,comedy film comic the,"['Comics & Graphic Novels', 'Mass Media & Communication']"
9983804901421.0,comedy film,['Mass Media & Communication']
99143367801421.0,screwball comedy film love motion picture,['Mass Media & Communication']
99148990901421.0,romantic comedy film love motion picture,['Mass Media & Communication']
99215282401421.0,romantic comedy film love motion picture,['Mass Media & Communication']
9933271801421.0,comedy film satire soviet communism and,"['Broadcasting & Television', 'Mass Media & Communication']"
9931703801421.0,comedy film motion picture and literature satire adaptation,"['Film & Theater', 'Broadcasting & Television', 'Mass Media & Communication']"
99111827501421.0,comedy film,['Mass Media & Communication']
9965705501421.0,comedy film minority motion picture popular culture the industry,"['Popular Culture & Media', 'Mass Media & Communication']"
9927643512601420.0,fashion motion picture costume,['Modernism & Postmodernism']
99217928101421.0,crime film creation literary artistic etc motion picture reality art criminology,"['Broadcasting & Television', 'Documentary']"
9927486903201420.0,crime film,['Horror & Mystery']
99208053201421.0,cult film sensationalism motion picture electronic book,"['Electronic & Digital Media', 'Documentary']"
99128513601421.0,detective and mystery film masculinity motion picture,"['Horror & Mystery', 'Popular Culture & Media']"
9927496636001420.0,dialogue motion picture,['Popular Culture & Media']
9927581506701420.0,motion picture,[]
9927618006501420.0,documentary film motion picture producer and director,"['Film & Theater', 'Documentary']"
99141703301421.0,documentary film,['Documentary']
9927576611701420.0,documentary film experimental motion picture producer and director,"['Film & Theater', 'Documentary']"
99146715601421.0,documentary film,['Documentary']
99205777901421.0,documentary film television program,"['Broadcasting & Television', 'Documentary']"
99115953601421.0,documentary film,['Documentary']
9965743701421.0,documentary film,['Documentary']
99144972401421.0,rotha paul documentary film science,"['Science Fiction & Fantasy', 'Documentary', 'Mass Media & Communication']"
9928221755801420.0,documentary film,['Documentary']
99146460501421.0,documentary film,['Documentary']
99201651301421.0,documentary film,['Documentary']
9957631501421.0,documentary film,['Documentary']
9927516509701420.0,documentary film,['Documentary']
9927671202301420.0,documentary film television program,"['Broadcasting & Television', 'Documentary']"
9965729901421.0,documentary film,['Documentary']
9957096801421.0,documentary film,['Documentary']
9924608630001420.0,documentary film television program,"['Broadcasting & Television', 'Documentary']"
9927099930001420.0,documentary film,['Documentary']
99133543901421.0,documentary film,['Documentary']
9924608690001420.0,documentary film cinematography,['Documentary']
99118666801421.0,documentary film,['Documentary']
9927841701501420.0,documentary film,['Documentary']
9927565904101420.0,documentary film motion picture propaganda germany,['Documentary']
99214919001421.0,documentary film united states national characteristic american motion picture,"['Modernism & Postmodernism', 'Documentary']"
9928120500701420.0,documentary film,['Documentary']
9927581507001420.0,grierson documentary film influence literary artistic etc,['Documentary']
9928220560801420.0,documentary film photography motion picture history,"['Gender & Sexuality Identity', 'Documentary']"
99144787801421.0,documentary film video recording,"['Broadcasting & Television', 'Documentary']"
99115918201421.0,documentary film,['Documentary']
99147575701421.0,documentary film,['Documentary']
9924608660001420.0,documentary film animate computer animation animator motion picture producer and director,"['Film & Theater', 'Documentary']"
9927886013401420.0,documentary film criticism interpretation etc,['Documentary']
9927709451401420.0,documentary film mass medium death motion picture digital cinematography language art discipline journalism,"['Documentary', 'Mass Media & Communication']"
9928220564601420.0,macdougall david documentary film,"['Film & Theater', 'Documentary']"
99134176401421.0,documentary film united states,['Documentary']
99205778401421.0,documentary film television program,"['Broadcasting & Television', 'Documentary']"
9927577666201420.0,documentary film criticism interpretation etc,['Documentary']
9927569714001420.0,documentary film digital cinematography,['Documentary']
9932346201421.0,documentary film,['Documentary']
9928220559801420.0,brave new film documentary alternative mass medium,"['Documentary', 'Mass Media & Communication']"
99116122701421.0,documentary film,['Documentary']
9928427142601420.0,documentary film criticism,['Documentary']
99226638601421.0,documentary film,['Documentary']
99145316601421.0,documentary film united states politic and government criticism interpretation etc,"['Science Fiction & Fantasy', 'Documentary']"
9957709101421.0,documentary film experimental motion picture ethnology gaze,['Documentary']
99205777601421.0,documentary film,['Documentary']
99219425701421.0,documentary film,['Documentary']
9928336955801420.0,documentary film united states criticism interpretation etc,['Documentary']
9927580003101420.0,documentary film,['Documentary']
9934383901421.0,documentary film,['Documentary']
9924654910001420.0,documentary film genocide motion picture mass medium,"['Documentary', 'Mass Media & Communication']"
9927882766601420.0,documentary film sound motion picture genre art,"['Broadcasting & Television', 'Documentary']"
99111837701421.0,documentary film digital cinematography,['Documentary']
99146460401421.0,documentary film,['Documentary']
9927839108801420.0,documentary film woman motion picture producer and director feminism united states,"['Film & Theater', 'Documentary']"
99145931301421.0,documentary film,['Documentary']
99145906401421.0,documentary style film,['Documentary']
99145906601421.0,documentary style film,['Documentary']
99145906701421.0,documentary style film,['Documentary']
9925474590001420.0,documentary style film television program criticism interpretation etc,"['Broadcasting & Television', 'Documentary']"
99207532401421.0,dream motion picture,[]
9927576609801420.0,drug motion picture exploitation film,"['Documentary', 'Children & Young Adult']"
9926760990001420.0,dystopian film,"['Comedy & Humor', 'Documentary']"
9927566535001420.0,electronic surveillance motion picture,['Electronic & Digital Media']
9926800600001420.0,emotion motion picture audience,['Broadcasting & Television']
99217451801421.0,emotion motion picture television audience program viewer,['Broadcasting & Television']
9927686199701420.0,environmental ethic protection and motion picture environmentalism,['Documentary']
99228109701421.0,environmental protection and motion picture environmentalism ecology documentary film ecocriticism,"['Film & Theater', 'Documentary']"
9958297801421.0,epic film motion picture independent filmmaker,"['Modernism & Postmodernism', 'Film & Theater']"
99143367601421.0,epic film,"['Modernism & Postmodernism', 'Documentary']"
99199471101421.0,existentialism motion picture,[]
99143366801421.0,exoticism motion picture race,['Journalism & Politics']
99197233401421.0,experimental film,['Documentary']
9957096901421.0,experimental film,['Documentary']
99200082201421.0,experimental film poetry american motion picture and literature,"['Poetry', 'Documentary']"
9993645001421.0,experimental film low budget independent filmmaker electronic book,"['Electronic & Digital Media', 'Film & Theater', 'Documentary']"
9965760901421.0,experimental film,['Documentary']
9927466512201420.0,experimental film video art,"['Broadcasting & Television', 'Documentary']"
99115917601421.0,experimental film,['Documentary']
9928346856001420.0,experimental film motion picture cinema,['Documentary']
9985249901421.0,deren maya clarke shirley wieland joyce experimental film feminism and motion picture woman producer director,['Film & Theater']
99215158301421.0,experimental film art and motion picture society modernism,"['Film & Theater', 'Documentary', 'Modernism & Postmodernism']"
9928049796101420.0,experimental film intermediality new medium art,"['Journalism & Politics', 'Documentary', 'Mass Media & Communication']"
99118938901421.0,experimental film woman motion picture producer and director,['Film & Theater']
99149199101421.0,experimental film woman motion picture producer and director,['Film & Theater']
9928088185401420.0,face television mass medium motion picture,"['Broadcasting & Television', 'Mass Media & Communication']"
9924670520001420.0,fairy tale motion picture,['Children & Young Adult']
99215622601421.0,fairy tale motion picture,['Children & Young Adult']
99227973901421.0,fantasy film,"['Science Fiction & Fantasy', 'Documentary']"
99145906801421.0,fantasy film fiction american english,"['Science Fiction & Fantasy', 'Documentary']"
99227973501421.0,fantasy film,"['Science Fiction & Fantasy', 'Documentary']"
99200081901421.0,fantasy film time motion picture horror bergson henri horror gothic supernatural,['Horror & Mystery']
99219518601421.0,father and son motion picture daughter,['Children & Young Adult']
99207268701421.0,femmes fatale motion picture literature woman popular culture,"['Poetry', 'Popular Culture & Media']"
99205230801421.0,femmes fatale motion picture film noir,['Film & Theater']
9965907701421.0,femmes fatale motion picture film noir,['Film & Theater']
9969590001421.0,femmes fatale motion picture film noir street,['Film & Theater']
99219444501421.0,film noir motion picture,['Film & Theater']
9928332053201420.0,film noir criticism,['Film & Theater']
9993421601421.0,film noir,['Film & Theater']
99197211501421.0,film noir crime work class motion picture,"['Comedy & Humor', 'Film & Theater', 'Horror & Mystery']"
9984779301421.0,film noir,['Film & Theater']
99199471401421.0,film noir,['Film & Theater']
99116062401421.0,film noir,['Film & Theater']
99116062301421.0,film noir motion picture producer and director,['Film & Theater']
99116061801421.0,film noir,['Film & Theater']
99116061601421.0,film noir,['Film & Theater']
99116062001421.0,film noir,['Film & Theater']
9927527911001420.0,film noir,['Film & Theater']
99145978501421.0,film noir,['Film & Theater']
9928296755001420.0,film noir cinematography,['Film & Theater']
9927556301601420.0,film noir electronic book,"['Electronic & Digital Media', 'Film & Theater']"
9927755305801420.0,film noir united states criticism interpretation etc,['Film & Theater']
9927711512601420.0,film noir,['Film & Theater']
9956498001421.0,film noir,['Film & Theater']
9925478080001420.0,film noir motion picture american dream art national characteristic united states criticism interpretation etc history,"['Modernism & Postmodernism', 'Film & Theater']"
99220549601421.0,film noir,['Film & Theater']
99133402401421.0,film noir,['Film & Theater']
99227260201421.0,film noir fate and fatalism motion picture,['Film & Theater']
99150339201421.0,film noir popular culture united states criticism interpretation etc history,"['Film & Theater', 'Popular Culture & Media']"
99199594001421.0,film noir fiction american french,"['Gender & Sexuality Identity', 'Science Fiction & Fantasy', 'Film & Theater']"
99207531701421.0,film noir psychiatry motion picture mental illness,['Film & Theater']
99202287001421.0,film noir,['Film & Theater']
9927823413101420.0,film noir france criticism interpretation etc,['Film & Theater']
9927597509401420.0,food motion picture,['Gender & Sexuality Identity']
99207268801421.0,film,['Documentary']
9970877001421.0,frankenstein film,['Documentary']
9992975901421.0,gangster film police prison justice administration motion picture noir detective and mystery,"['Film & Theater', 'Horror & Mystery']"
99145979101421.0,gangster film detective and mystery noir,"['Film & Theater', 'Horror & Mystery']"
9928005909101420.0,masculinity motion picture gay pornographic film pornography internet,"['Gender & Sexuality Identity', 'Documentary', 'Popular Culture & Media']"
9925473440001420.0,girl motion picture teenage child actor children juvenile young,['Children & Young Adult']
99145905901421.0,globalization motion picture literature german drama,"['Holocaust & Jewish Studies', 'Film & Theater']"
9927597508701420.0,grail motion picture quest expedition,[]
99149264701421.0,martial art film,['Documentary']
9927686200001420.0,human body literature motion picture people with disability sociology,['Film & Theater']
99215973501421.0,people with disability motion picture human body sociology,['Film & Theater']
99216199201421.0,hero motion picture literature philosophy modern,"['Gender & Sexuality Identity', 'Film & Theater']"
9928049997801420.0,hispanic americans motion picture television,['Broadcasting & Television']
9984077401421.0,hispanic american motion picture actor and actress americans biography,['Film & Theater']
99215971501421.0,hispanic americans motion picture the industry american actor and actress dance television etc race sex electronic book,"['Electronic & Digital Media', 'Broadcasting & Television', 'Popular Culture & Media']"
9927708313101420.0,historical film adaptation history motion picture and criticism interpretation etc,"['Film & Theater', 'Popular Culture & Media']"
9927494262001420.0,historical film silent civilization ancient motion picture,"['Poetry', 'Popular Culture & Media']"
9927685706701420.0,historical film motion picture and history historiography,"['Journalism & Politics', 'Popular Culture & Media']"
99228624001421.0,historical film motion picture and history,['Popular Culture & Media']
99149050801421.0,historical film mexican fiction brazilian,"['Science Fiction & Fantasy', 'Popular Culture & Media']"
9990807101421.0,historical film,['Popular Culture & Media']
9989615701421.0,historical film historique,['Popular Culture & Media']
99227265101421.0,historical film motion picture and history,['Popular Culture & Media']
99226400301421.0,motion picture historiography history modern film electronic book,"['Electronic & Digital Media', 'Journalism & Politics', 'Documentary']"
9927825712401420.0,historical film motion picture industry history ancient and united states criticism interpretation etc,"['Documentary', 'Popular Culture & Media']"
99123068201421.0,historical film motion picture and history,['Popular Culture & Media']
9927664705701420.0,historical film motion picture and history producer director,"['Film & Theater', 'Popular Culture & Media']"
99129119601421.0,historical film motion picture and history,['Popular Culture & Media']
9927708313001420.0,historical film motion picture and history united states,['Popular Culture & Media']
99118196401421.0,historical film drama,"['Film & Theater', 'Popular Culture & Media']"
9927665407401420.0,hitler adolf,[]
9927465611201420.0,holocaust jewish motion picture,['Holocaust & Jewish Studies']
99134168701421.0,holocaust jewish motion picture,['Holocaust & Jewish Studies']
9927814910501420.0,world war holocaust jewish motion picture underground movement and,"['Holocaust & Jewish Studies', 'Journalism & Politics']"
9927465608601420.0,holocaust jewish motion picture,['Holocaust & Jewish Studies']
9927814910401420.0,holocaust jewish motion picture psychic trauma,"['Holocaust & Jewish Studies', 'Journalism & Politics']"
9927814910301420.0,holocaust jewish poland motion picture documentary film influence literary artistic etc criticism interpretation,"['Holocaust & Jewish Studies', 'Documentary']"
9942948501421.0,holocaust jewish motion picture,['Holocaust & Jewish Studies']
99197306001421.0,antisemitism motion picture holocaust jewish jews,['Holocaust & Jewish Studies']
9928133324601420.0,holocaust jewish motion picture television hitler adolf nazi,"['Holocaust & Jewish Studies', 'Broadcasting & Television']"
9927465607601420.0,holocaust jewish motion picture jews industry soviet union electronic book,"['Electronic & Digital Media', 'Film & Theater', 'Holocaust & Jewish Studies']"
9927465608701420.0,holocaust jewish motion picture,['Holocaust & Jewish Studies']
9927747712901420.0,holocaust jewish motion picture influence literary artistic etc united states history,"['Holocaust & Jewish Studies', 'Documentary']"
9927465607201420.0,holocaust jewish motion picture,['Holocaust & Jewish Studies']
9927465607301420.0,holocaust jewish motion picture antisemitism jews,['Holocaust & Jewish Studies']
99197286101421.0,holocaust jewish motion picture war film,"['Holocaust & Jewish Studies', 'Mass Media & Communication']"
99200366101421.0,holocaust jewish motion picture,['Holocaust & Jewish Studies']
9928426572801420.0,holocaust jewish motion picture,['Holocaust & Jewish Studies']
99111788701421.0,holocaust jewish motion picture,['Holocaust & Jewish Studies']
9928045397901420.0,holocaust jewish motion picture literature,['Holocaust & Jewish Studies']
99224355201421.0,holocaust jewish motion picture,['Holocaust & Jewish Studies']
9927814910201420.0,holocaust jewish motion picture woman war europe history,"['Holocaust & Jewish Studies', 'Mass Media & Communication']"
9927472802901420.0,holocaust jewish motion picture,['Holocaust & Jewish Studies']
9927578339401420.0,holocaust jewish documentary film evidence,"['Holocaust & Jewish Studies', 'Documentary']"
9927465607501420.0,holocaust jewish motion picture collective memory and,['Holocaust & Jewish Studies']
9927465608401420.0,holocaust jewish motion picture horror film horror gothic supernatural,"['Holocaust & Jewish Studies', 'Horror & Mystery']"
99146717701421.0,holocaust jewish motion picture,['Holocaust & Jewish Studies']
9984014501421.0,homosexuality motion picture,['Gender & Sexuality Identity']
99119497401421.0,homosexuality motion picture gay and,['Gender & Sexuality Identity']
9990429901421.0,homosexuality motion picture,['Gender & Sexuality Identity']
99125763301421.0,homosexuality motion picture gay,['Gender & Sexuality Identity']
99128217701421.0,homosexuality motion picture lesbianism,"['Gender & Sexuality Identity', 'Popular Culture & Media']"
9927470499801420.0,deleuze gille homosexuality motion picture gay,['Gender & Sexuality Identity']
9969568701421.0,motion picture and gay man dean james gibson mel reef keanu,"['Gender & Sexuality Identity', 'Comedy & Humor', 'Mass Media & Communication']"
9958806501421.0,homosexuality and motion picture,['Gender & Sexuality Identity']
9928345581301420.0,homosexuality motion picture sexual minority industry,"['Electronic & Digital Media', 'Broadcasting & Television']"
9942929601421.0,homosexuality motion picture stereotype social psychology mass medium,"['Science Fiction & Fantasy', 'Film & Theater', 'Mass Media & Communication']"
9983663001421.0,motion picture stereotype social psychology mass medium homosexuality and,"['Science Fiction & Fantasy', 'Film & Theater', 'Mass Media & Communication']"
9966699301421.0,motion picture and gay man audience,"['Gender & Sexuality Identity', 'Comedy & Humor']"
9989509501421.0,motion picture homosexuality latin america,['Gender & Sexuality Identity']
99203722101421.0,homosexuality motion picture gay producer and director aids disease,"['Gender & Sexuality Identity', 'Film & Theater']"
9928187359001420.0,homosexuality motion picture television queer theory sex role sexual minority,"['Electronic & Digital Media', 'Popular Culture & Media']"
9977358801421.0,homosexuality motion picture television,"['Gender & Sexuality Identity', 'Broadcasting & Television']"
99125842501421.0,homosexuality motion picture gay producer and director independent filmmaker,"['Gender & Sexuality Identity', 'Film & Theater']"
9966380001421.0,homosexuality motion picture,['Gender & Sexuality Identity']
9983813901421.0,homosexuality motion picture man,['Gender & Sexuality Identity']
9927595700701420.0,homosexuality motion picture television broadcasting film sex male,"['Broadcasting & Television', 'Popular Culture & Media']"
9925477670001420.0,homosexuality motion picture and gender identity sex role,"['Holocaust & Jewish Studies', 'Popular Culture & Media']"
9925478120001420.0,homosexuality motion picture gay,['Gender & Sexuality Identity']
9927732507201420.0,homosexuality motion picture and mass medium gay,"['Gender & Sexuality Identity', 'Mass Media & Communication']"
9928119796701420.0,homosexuality motion picture sexual minority aids disease biographical film,"['Gender & Sexuality Identity', 'Electronic & Digital Media']"
9978924201421.0,homosexuality and motion picture gay producer director,"['Gender & Sexuality Identity', 'Film & Theater']"
9958539801421.0,homosexuality motion picture and gay producer director,"['Gender & Sexuality Identity', 'Film & Theater']"
99128847401421.0,homosexuality motion picture gay,['Gender & Sexuality Identity']
9928188056901420.0,horror film motion picture criticism interpretation etc textbook horror gothic supernatural,['Horror & Mystery']
99147224001421.0,horror film horror gothic supernatural,['Horror & Mystery']
99229279801421.0,horror film sensationalism motion picture horror gothic supernatural,['Horror & Mystery']
9928412321301420.0,horror film motion picture other philosophy history century horror gothic supernatural,['Horror & Mystery']
9994677801421.0,horror film horror gothic supernatural,['Horror & Mystery']
9943093501421.0,horror film monster motion picture woman horror gothic supernatural,['Horror & Mystery']
99206382101421.0,horror film electronic book horror gothic supernatural,"['Electronic & Digital Media', 'Horror & Mystery']"
9957305001421.0,horror film sex role motion picture woman horror gothic supernatural,"['Horror & Mystery', 'Popular Culture & Media']"
9969590601421.0,horror film good and evil motion picture horror gothic supernatural,['Horror & Mystery']
99199412101421.0,horror film thriller motion picture audience emotion criticism interpretation etc horror gothic supernatural,['Horror & Mystery']
99227187401421.0,horror film terror motion picture september terrorist attack horror gothic supernatural,"['Broadcasting & Television', 'Horror & Mystery']"
99116062101421.0,horror film horror gothic supernatural,['Horror & Mystery']
9933482301421.0,hammer film production horror horror gothic supernatural,['Horror & Mystery']
9927620601101420.0,horror film torture motion picture sadism united states criticism interpretation etc horror gothic supernatural,['Horror & Mystery']
9927502644601420.0,horror film motion picture electronic book horror gothic supernatural,"['Electronic & Digital Media', 'Horror & Mystery']"
9926759400001420.0,horror film motion picture and history horror gothic supernatural,['Horror & Mystery']
9927556297201420.0,chandler helen laemmle carl horror film motion picture horror gothic supernatural,['Horror & Mystery']
99145981401421.0,horror film science fiction fantasy tale american motion picture actor and actress producer director author horror gothic supernatural,"['Science Fiction & Fantasy', 'Film & Theater', 'Horror & Mystery']"
9928076080601420.0,horror film criticism interpretation etc horror gothic supernatural,['Horror & Mystery']
9927556401601420.0,horror film horror gothic supernatural,['Horror & Mystery']
9943584201421.0,horror film comedy sensationalism motion picture sex violence horror gothic supernatural,['Horror & Mystery']
9927820113901420.0,world war horror film literature art psychic trauma and society civilization modern influence literary artistic etc criticism interpretation history horror gothic supernatural,"['Journalism & Politics', 'Horror & Mystery', 'Documentary']"
9928332108101420.0,horror film motherhood motion picture mother horror gothic supernatural,['Horror & Mystery']
99133686701421.0,horror film woman motion picture horror gothic supernatural,"['Film & Theater', 'Horror & Mystery']"
9928390515601420.0,horror film thriller motion picture fear sleep disorder criticism horror gothic supernatural,['Horror & Mystery']
9928047710501420.0,horror film eugenic motion picture grotesque people with disability horrorfilm horror gothic supernatural,"['Film & Theater', 'Horror & Mystery']"
99142729701421.0,horror film sound motion picture horror gothic supernatural,['Horror & Mystery']
99140715001421.0,horror film disaster science fiction apocalypse motion picture horror gothic supernatural,"['Science Fiction & Fantasy', 'Horror & Mystery']"
9951920601421.0,horror film sex motion picture sensationalism horror gothic supernatural,['Horror & Mystery']
99146450501421.0,horror film horror gothic supernatural,['Horror & Mystery']
9927503128801420.0,human right motion picture,"['Journalism & Politics', 'Film & Theater']"
99199560701421.0,motion picture imperialism great britain united states history,['Mass Media & Communication']
9927665413001420.0,imperialism motion picture,['Modernism & Postmodernism']
9927683704901420.0,motion picture male impersonator lesbian lesbianism sex role,"['Journalism & Politics', 'Popular Culture & Media']"
9928205351901420.0,impressionism motion picture art,[]
99117046101421.0,indians motion picture,['Journalism & Politics']
99128841801421.0,indians motion picture,['Journalism & Politics']
9956602701421.0,indians motion picture,['Journalism & Politics']
9927671205401420.0,indians motion picture,['Journalism & Politics']
99133353401421.0,indian woman motion picture,['Gender & Sexuality Identity']
9927747441401420.0,indians motion picture native people,['Journalism & Politics']
9980742601421.0,indians motion picture western film,"['Journalism & Politics', 'Film & Theater']"
9927769808101420.0,indians the motion picture industry indigenous people stereotype social psychology united states history,"['Journalism & Politics', 'Science Fiction & Fantasy', 'Film & Theater']"
99200054001421.0,indigenous film people motion picture,"['Journalism & Politics', 'Documentary']"
9927497172701420.0,international relation motion picture television,"['Journalism & Politics', 'Broadcasting & Television']"
99220822701421.0,italian americans motion picture ethnicity producer and director the industry,"['Gender & Sexuality Identity', 'Film & Theater']"
99215159001421.0,italy motion picture italian americans,['Gender & Sexuality Identity']
9974140801421.0,james bond film,['Mass Media & Communication']
99178375401421.0,woman jazz musician motion picture big band television broadcasting music variety show program,"['Gender & Sexuality Identity', 'Broadcasting & Television']"
9925474380001420.0,jews motion picture identity psychology,"['Science Fiction & Fantasy', 'Holocaust & Jewish Studies']"
99111215901421.0,jews motion picture,['Holocaust & Jewish Studies']
99220921201421.0,jews motion picture holocaust jewish israel,['Holocaust & Jewish Studies']
9927732510901420.0,jews popular culture judaism christianity interfaith relation interpersonal motion picture television love united states,['Popular Culture & Media']
9928125756901420.0,jews the motion picture industry celebrity israel hollywood los angeles calif arab israeli conflict international relation palestinian arabs zionism california united states history,"['Broadcasting & Television', 'Documentary', 'Mass Media & Communication']"
9973070601421.0,joan arc saint motion picture,[]
99227974701421.0,joan,[]
99198356001421.0,journalist motion picture,['Science Fiction & Fantasy']
9965771701421.0,justice administration motion picture,['Electronic & Digital Media']
99117263001421.0,woman lawyer motion picture justice administration,"['Gender & Sexuality Identity', 'Electronic & Digital Media']"
99149499801421.0,king kong film,['Mass Media & Communication']
9989521301421.0,work class motion picture,['Comedy & Humor']
9986156901421.0,work class motion picture,['Comedy & Humor']
9965921901421.0,work class motion picture silent film,"['Poetry', 'Comedy & Humor']"
9927987979701420.0,process film work motion picture criticism interpretation etc,"['Comedy & Humor', 'Documentary']"
99215751001421.0,lesbianism motion picture cold war woman popular culture,"['Journalism & Politics', 'Popular Culture & Media']"
9928263157601420.0,motion picture lesbian woman germany criticism interpretation etc film,"['Gender & Sexuality Identity', 'Documentary']"
99128984201421.0,word television program criticism and interpretation lesbianism motion picture homosexuality bisexuality gay popular culture,"['Gender & Sexuality Identity', 'Broadcasting & Television', 'Popular Culture & Media']"
9927747444901420.0,african american lesbian motion picture lesbianism producer and director,"['Film & Theater', 'Popular Culture & Media']"
9956296301421.0,lesbianism motion picture,['Popular Culture & Media']
99133354201421.0,lord the ring fellowship motion picture two tower return king industry popular culture,"['Broadcasting & Television', 'Popular Culture & Media', 'Mass Media & Communication']"
9994607501421.0,love motion picture audience race relation silent film united states criticism interpretation etc,"['Poetry', 'Journalism & Politics', 'Film & Theater']"
99149468601421.0,romantic comedy film love motion picture electronic book,"['Electronic & Digital Media', 'Mass Media & Communication']"
9925477380001420.0,love motion picture woman sex role violence,"['Film & Theater', 'Popular Culture & Media']"
9927680376401420.0,film makeup costume hairdresse motion picture,"['Modernism & Postmodernism', 'Documentary']"
99227707701421.0,film makeup,['Documentary']
9928091285201420.0,makeup artist beauty operator motion picture film hairstyling california,['Documentary']
9927583700101420.0,man woman relationship motion picture,['Mass Media & Communication']
9985301701421.0,man woman relationship motion picture sex role masculinity,"['Popular Culture & Media', 'Mass Media & Communication']"
9927583693401420.0,motion picture television program broadcasting digital medium chief executive officer producer and director,"['Film & Theater', 'Broadcasting & Television', 'Documentary']"
99148967701421.0,shakespeare motion picture,['Film & Theater']
99147003701421.0,motion picture,[]
9991207901421.0,motion picture american industry,['Broadcasting & Television']
99228627301421.0,marriage motion picture popular culture,"['Comedy & Humor', 'Popular Culture & Media']"
99215634301421.0,masculinity motion picture,['Popular Culture & Media']
99227254401421.0,masculinity motion picture man,['Popular Culture & Media']
99163990101421.0,masculinity motion picture television popular culture mass medium and,"['Popular Culture & Media', 'Mass Media & Communication']"
9927583806701420.0,masculinity motion picture television homosexuality,"['Gender & Sexuality Identity', 'Broadcasting & Television', 'Popular Culture & Media']"
9927749499901420.0,peplum film human body motion picture masculinity criticism interpretation etc,"['Film & Theater', 'Popular Culture & Media']"
9926727470001420.0,mathematics motion picture,[]
9974145801421.0,melodrama motion picture,['Documentary']
9978900501421.0,man motion picture machismo homosexuality and,['Gender & Sexuality Identity']
9957045101421.0,man motion picture masculinity,['Popular Culture & Media']
99215290001421.0,man motion picture masculinity war film,"['Popular Culture & Media', 'Mass Media & Communication']"
99119547201421.0,masculinity motion picture male friendship race relation,['Journalism & Politics']
99123029901421.0,man motion picture masculinity homosexuality and,"['Gender & Sexuality Identity', 'Popular Culture & Media']"
9984006101421.0,man motion picture,['Mass Media & Communication']
9942913901421.0,man motion picture popular culture sex role,['Popular Culture & Media']
99140676201421.0,man motion picture masculinity popular culture sex role,['Popular Culture & Media']
9969723001421.0,man motion picture hero,['Mass Media & Communication']
99115918401421.0,man motion picture and,['Mass Media & Communication']
9928245459201420.0,mental illness motion picture mentally ill woman disorder person people with psychiatric,"['Journalism & Politics', 'Film & Theater']"
9928220564101420.0,borderland motion picture mexican american border region america film criticism,"['Journalism & Politics', 'Documentary', 'Modernism & Postmodernism']"
99146981101421.0,mexican american border region motion picture america united states,"['Journalism & Politics', 'Modernism & Postmodernism']"
99199498101421.0,mexican americans motion picture stereotype social psychology literature american,"['Science Fiction & Fantasy', 'Film & Theater']"
9942993601421.0,mexican americans motion picture,['Journalism & Politics']
99133873301421.0,mexican americans motion picture popular culture,['Popular Culture & Media']
9967083401421.0,mexican americans motion picture television the industry,['Broadcasting & Television']
9927643412601420.0,mexico diplomatic relation motion picture national characteristic mexican,"['Journalism & Politics', 'Film & Theater', 'Modernism & Postmodernism']"
9956295901421.0,minority motion picture racism race relation silent film,"['Poetry', 'Journalism & Politics']"
9980747101421.0,motion picture race relation electronic book,"['Electronic & Digital Media', 'Journalism & Politics']"
99118301601421.0,minority motion picture television mass medium,"['Broadcasting & Television', 'Mass Media & Communication']"
9927755300201420.0,minority motion picture industry race,"['Journalism & Politics', 'Broadcasting & Television']"
9971095101421.0,minority motion picture woman european americans actress,"['Gender & Sexuality Identity', 'Modernism & Postmodernism']"
9986001201421.0,minority motion picture race relation racism sex role,"['Journalism & Politics', 'Popular Culture & Media']"
99111465501421.0,miscegenation racist theory motion picture,[]
99227174201421.0,monster motion picture horror film teratology horror gothic supernatural,['Horror & Mystery']
99199596201421.0,murder motion picture mass medium thriller detective and mystery film,"['Horror & Mystery', 'Mass Media & Communication']"
99119133801421.0,musical film metro goldwyn mayer homosexuality and motion picture,"['Gender & Sexuality Identity', 'Broadcasting & Television']"
9927805994401420.0,metro goldwyn mayer musical film united states criticism interpretation etc,['Broadcasting & Television']
99227265201421.0,musical film,['Broadcasting & Television']
9928351349601420.0,musical film walt disney company theatrical production animate theater stage adaptation united states,"['Journalism & Politics', 'Film & Theater', 'Broadcasting & Television']"
9928220560701420.0,musical film great britain criticism interpretation etc,"['Broadcasting & Television', 'Mass Media & Communication']"
9990018501421.0,myth motion picture mythology,"['Film & Theater', 'Modernism & Postmodernism']"
9927588689601420.0,motion picture animate film mythology japan,['Film & Theater']
99218483201421.0,national characteristic motion picture culture,"['Modernism & Postmodernism', 'Popular Culture & Media']"
99141776601421.0,national characteristic motion picture,['Modernism & Postmodernism']
99147094401421.0,national characteristic motion picture nationalism,"['Film & Theater', 'Modernism & Postmodernism']"
9927718295401420.0,motion picture industry culture mass medium and national characteristic united states history,['Mass Media & Communication']
99123027401421.0,national characteristic american motion picture war film,"['Modernism & Postmodernism', 'Mass Media & Communication']"
9985077401421.0,national socialism and motion picture woman kristina harvey lilian leander zarah,"['Gender & Sexuality Identity', 'Modernism & Postmodernism']"
9924610270001420.0,hitler adolf national socialism and motion picture industry propaganda american german nazi,"['Broadcasting & Television', 'Modernism & Postmodernism']"
9970920801421.0,national socialism and motion picture,['Modernism & Postmodernism']
99225897901421.0,nazi motion picture national socialism,['Modernism & Postmodernism']
9927487401201420.0,national socialism and motion picture melodrama electronic book,"['Electronic & Digital Media', 'Modernism & Postmodernism']"
99133315301421.0,national socialism and motion picture propaganda german,['Modernism & Postmodernism']
99145859101421.0,national socialism and motion picture propaganda,['Modernism & Postmodernism']
99217238501421.0,nazi motion picture national socialism world war,['Modernism & Postmodernism']
9989314901421.0,motion picture national socialism and germany history,['Modernism & Postmodernism']
9926099130001420.0,triumph des willen motion picture inglourious basterd national socialism,['Modernism & Postmodernism']
9968613101421.0,national socialism motion picture and,['Modernism & Postmodernism']
9932967701421.0,triumph des willen motion picture national socialism,['Modernism & Postmodernism']
9958105401421.0,nature motion picture,['Film & Theater']
9927828197801420.0,african americans motion picture,[]
9985086201421.0,african americans motion picture american producer and director,['Film & Theater']
9927693768701420.0,blaxploitation film,['Documentary']
9927618006601420.0,african americans motion picture the industry race django unchain tarantino quentin,"['Journalism & Politics', 'Broadcasting & Television']"
99112788501421.0,african american motion picture actor and actress americans,[]
9974983801421.0,african americans motion picture,[]
9983808001421.0,african american man motion picture silent film,"['Poetry', 'Mass Media & Communication']"
9965721401421.0,black the motion picture industry african americans,['Broadcasting & Television']
9927742213901420.0,african americans motion picture the industry,['Broadcasting & Television']
9989305901421.0,african american motion picture producer and director americans biography,['Film & Theater']
99146322101421.0,blaxploitation film action and adventure african american woman hero motion picture united states,['Mass Media & Communication']
9927608913101420.0,african american man motion picture masculinity,['Popular Culture & Media']
9927679109901420.0,african americans the motion picture industry,['Broadcasting & Television']
9991374501421.0,african americans motion picture jazz and music,['Gender & Sexuality Identity']
9968062401421.0,african americans motion picture micheaux oscar multiracial people,['Journalism & Politics']
9927710112201420.0,motion picture industry african americans race united states,"['Journalism & Politics', 'Broadcasting & Television']"
99119724601421.0,african american man motion picture popular culture masculinity,['Popular Culture & Media']
9987604601421.0,african americans motion picture musical film,['Broadcasting & Television']
99128030701421.0,african americans motion picture the industry,['Broadcasting & Television']
9982126901421.0,african americans motion picture american fiction film adaptation,"['Science Fiction & Fantasy', 'Film & Theater']"
9984531801421.0,african american woman motion picture,['Gender & Sexuality Identity']
99205706301421.0,african american woman motion picture actor and actress electronic book,"['Gender & Sexuality Identity', 'Electronic & Digital Media']"
9985073101421.0,african americans motion picture city and town life,['Poetry']
9927519870101420.0,african americans motion picture race racism,['Journalism & Politics']
99207313901421.0,african american woman motion picture actor and actress,['Gender & Sexuality Identity']
99116339501421.0,african americans motion picture the industry race,"['Journalism & Politics', 'Broadcasting & Television']"
9932592401421.0,african americans the motion picture industry,['Broadcasting & Television']
99148473001421.0,blaxploitation film african americans motion picture american actor producer and director,['Film & Theater']
99146807701421.0,african americans motion picture the perform art shakespeare,['Film & Theater']
9927556280101420.0,african americans motion picture racism stereotype social psychology the industry american political activist,"['Science Fiction & Fantasy', 'Film & Theater']"
99128738001421.0,blaxploitation film african american woman hero motion picture,"['Film & Theater', 'Mass Media & Communication']"
9943811601421.0,african americans motion picture,[]
9957928601421.0,african americans motion picture documentary film,['Documentary']
99135487901421.0,african americans motion picture religion,['Popular Culture & Media']
9965907601421.0,black motion picture woman sex,"['Broadcasting & Television', 'Popular Culture & Media']"
99227293001421.0,nihilism philosophy motion picture television good and evil culture,"['Gender & Sexuality Identity', 'Comics & Graphic Novels', 'Popular Culture & Media']"
99119258801421.0,occultism motion picture television,"['Modernism & Postmodernism', 'Broadcasting & Television']"
99149125701421.0,occultism motion picture,['Modernism & Postmodernism']
99201444501421.0,motion picture and opera musical film,"['Film & Theater', 'Broadcasting & Television']"
9927648417001420.0,our gang film history and criticism african americans the motion picture industry racism race relation stereotype social psychology,"['Journalism & Politics', 'Science Fiction & Fantasy', 'Film & Theater', 'Documentary']"
9928195659001420.0,woman motion picture paris france,['Gender & Sexuality Identity']
9928376929201420.0,paris france motion picture,[]
9927786188401420.0,vertigo motion picture philosophy perform art,"['Gender & Sexuality Identity', 'Film & Theater']"
9987771301421.0,film poster american african americans motion picture,['Documentary']
9928407648201420.0,film poster advertise graphic artist motion picture industry illustrate work,"['Comedy & Humor', 'Documentary']"
9927806002301420.0,film poster motion picture industry advertise commercial art history,['Documentary']
9927664799901420.0,film poster polish western,['Film & Theater']
99197225201421.0,poland polish people motion picture world war,['Journalism & Politics']
9979536501421.0,politic motion picture hollywood los angeles calif,"['Journalism & Politics', 'Documentary']"
99228646101421.0,motion picture television program,['Broadcasting & Television']
99145051001421.0,motion picture politic,['Journalism & Politics']
9927622612701420.0,motion picture socialism and politic,"['Journalism & Politics', 'Modernism & Postmodernism']"
9927666408501420.0,motion picture industry communism and cold war united states,"['Journalism & Politics', 'Broadcasting & Television']"
99122645401421.0,motion picture,[]
9956570301421.0,motion picture social class,['Children & Young Adult']
99220098901421.0,motion picture cold war communism and,['Journalism & Politics']
99201061801421.0,motion picture documentary film environmental united states politic terrorism iraq war,"['Journalism & Politics', 'Documentary']"
99205787101421.0,motion picture industry socialism and film criticism radicalism politic work class,"['Comedy & Humor', 'Broadcasting & Television', 'Documentary']"
9927606509801420.0,motion picture industry politic argentina,['Broadcasting & Television']
9927516412701420.0,motion picture cold war communism and,['Journalism & Politics']
9957097901421.0,motion picture sex role,['Popular Culture & Media']
9927718292501420.0,motion picture homeless person poor united states criticism interpretation etc,['Children & Young Adult']
9956542101421.0,capra frank howard ron populist film motion picture,"['Broadcasting & Television', 'Documentary']"
9925478290001420.0,pregnancy motion picture feminist theory,['Gender & Sexuality Identity']
99224324101421.0,president motion picture historical film and history electronic book,"['Poetry', 'Electronic & Digital Media', 'Popular Culture & Media']"
9927806003701420.0,animate film color motion picture storyboard,['Documentary']
9927693767101420.0,motion picture producer and director globalization industry,['Film & Theater']
99227271401421.0,motion picture cinematography,['Mass Media & Communication']
99149000701421.0,motion picture storyboard,[]
99141322501421.0,motion picture storyboard,[]
9928080682401420.0,computer animation motion picture,"['Journalism & Politics', 'Film & Theater']"
9927583811201420.0,motion picture,[]
99144787401421.0,motion picture video recording,['Broadcasting & Television']
99199476701421.0,motion picture theater kazan elia,['Film & Theater']
99116211901421.0,motion picture television analog electronic system digital,"['Electronic & Digital Media', 'Broadcasting & Television', 'Documentary']"
9927461998601420.0,roeg nicola motion picture,[]
9925505780001420.0,motion picture storyboard,[]
9927964701201420.0,motion picture producer and director interview,['Film & Theater']
9927492407801420.0,progressivism united states politics motion picture audience electronic book,['Electronic & Digital Media']
99133796701421.0,prostitute motion picture,[]
99115918301421.0,psychoanalysis and motion picture,['Holocaust & Jewish Studies']
9925477700001420.0,lacan jacque deleuze gille slavoj psychoanalysis and motion picture,"['Gender & Sexuality Identity', 'Holocaust & Jewish Studies']"
9927906301501420.0,motion picture education ethnographic film amateur african americans minority race awareness united states education teaching,"['Journalism & Politics', 'Documentary']"
99147576001421.0,multiracial people motion picture,['Journalism & Politics']
9927508608401420.0,rape motion picture revenge,[]
9970046501421.0,rape motion picture woman television,"['Gender & Sexuality Identity', 'Journalism & Politics', 'Broadcasting & Television']"
99229279501421.0,realism motion picture,['Journalism & Politics']
9927508608501420.0,realism motion picture human body,"['Journalism & Politics', 'Film & Theater']"
99220003201421.0,religion motion picture nostalgia,['Popular Culture & Media']
99207638801421.0,renaissance motion picture historical film documentary television literature,"['Modernism & Postmodernism', 'Documentary', 'Popular Culture & Media']"
99127917201421.0,road film,['Documentary']
99220472501421.0,robot motion picture literature,"['Film & Theater', 'Broadcasting & Television']"
9928209445001420.0,rome civilization ancient motion picture historical film peplum empire criticism interpretation etc,['Popular Culture & Media']
99208250301421.0,rome,[]
99227922201421.0,schizophrenia motion picture mental illness,['Film & Theater']
9927597513301420.0,science fiction film american english alienation social psychology motion picture literature,['Science Fiction & Fantasy']
9927656008301420.0,science fiction film apocalypse motion picture,"['Science Fiction & Fantasy', 'Documentary']"
99216770001421.0,science fiction film noir genre criticism interpretation etc,"['Science Fiction & Fantasy', 'Film & Theater', 'Documentary']"
99122634701421.0,science fiction film,"['Science Fiction & Fantasy', 'Documentary']"
9925477740001420.0,science fiction film criticism interpretation etc,"['Science Fiction & Fantasy', 'Documentary']"
99207720201421.0,science fiction film dick philip motion picture and architecture home,"['Science Fiction & Fantasy', 'Popular Culture & Media']"
9927809114001420.0,science fiction film motion picture armed force united states criticism interpretation etc history,"['Science Fiction & Fantasy', 'Documentary']"
99227308201421.0,science fiction film,"['Science Fiction & Fantasy', 'Documentary']"
9957058001421.0,science fiction film serial,"['Science Fiction & Fantasy', 'Broadcasting & Television']"
9980888301421.0,science fiction film motion picture radio program television,"['Science Fiction & Fantasy', 'Broadcasting & Television']"
99145983501421.0,science fiction film noir,"['Science Fiction & Fantasy', 'Film & Theater']"
99143278401421.0,science fiction film black motion picture african americans,"['Science Fiction & Fantasy', 'Broadcasting & Television']"
99117293401421.0,science fiction film woman scientist motion picture,"['Science Fiction & Fantasy', 'Film & Theater']"
99145051101421.0,science fiction film motion picture united states usa hollywood criticism interpretation etc fantasy trivia and miscellanea,"['Science Fiction & Fantasy', 'Documentary']"
9927686195101420.0,science fiction film philosophy marxist,"['Science Fiction & Fantasy', 'Popular Culture & Media']"
99116061901421.0,science fiction film,"['Science Fiction & Fantasy', 'Documentary']"
99148942701421.0,science fiction film,"['Science Fiction & Fantasy', 'Documentary']"
9927677104401420.0,science fiction film,"['Science Fiction & Fantasy', 'Documentary']"
9928221755701420.0,science fiction film history discipline source,"['Science Fiction & Fantasy', 'Documentary']"
9927528105601420.0,interstellar motion picture science,['Science Fiction & Fantasy']
9926108240001420.0,science motion picture,['Science Fiction & Fantasy']
99215285901421.0,science motion picture scientist,['Science Fiction & Fantasy']
99149196601421.0,sensationalism motion picture sex,"['Horror & Mystery', 'Popular Culture & Media']"
9990003201421.0,serial murderer motion picture literature american fiction tueur meurtrier dan roman,"['Broadcasting & Television', 'Documentary']"
9927471002901420.0,motion picture industry film serial white pearl electronic book,"['Electronic & Digital Media', 'Documentary']"
99128799801421.0,erotic film,['Film & Theater']
99227708801421.0,pornographic film pornography sex motion picture mass medium and psychology gay erotic,['Mass Media & Communication']
99135071601421.0,erotic film thriller motion picture,['Film & Theater']
99117394501421.0,erotic film sex motion picture oral history,"['Journalism & Politics', 'Film & Theater', 'Popular Culture & Media']"
99141231101421.0,sex motion picture,['Popular Culture & Media']
99128026501421.0,sex motion picture mass medium pornography,"['Popular Culture & Media', 'Mass Media & Communication']"
99133426801421.0,sex motion picture thriller erotic film,"['Film & Theater', 'Popular Culture & Media']"
99147650501421.0,sex motion picture erotic film,"['Film & Theater', 'Popular Culture & Media']"
9928090781501420.0,motion picture sex france united states history,['Popular Culture & Media']
99146322801421.0,sex role motion picture,['Popular Culture & Media']
9927685910101420.0,motion picture road film romance genre gender identity woman united states,"['Holocaust & Jewish Studies', 'Documentary']"
9956643001421.0,african americans motion picture sex role,['Popular Culture & Media']
99217335001421.0,single woman motion picture television popular culture,['Popular Culture & Media']
9966509401421.0,slavery motion picture,[]
99219448501421.0,motion picture popular culture industry actor and actress celebrity electronic book,"['Electronic & Digital Media', 'Popular Culture & Media']"
9990796501421.0,motion picture,[]
9965721301421.0,motion picture popular culture,['Popular Culture & Media']
99217335901421.0,sociology motion picture,['Film & Theater']
9985849301421.0,motion picture theater united states,['Film & Theater']
9956643601421.0,motion picture producer and director african american,['Film & Theater']
99149272801421.0,motion picture producer and director african american,['Film & Theater']
9969797501421.0,motion picture popular culture mass medium and,"['Popular Culture & Media', 'Mass Media & Communication']"
9958838401421.0,motion picture,[]
9974201201421.0,motion picture,[]
99200076601421.0,social problem motion picture sex role race relation producer and director actor actress screenwriter,"['Journalism & Politics', 'Popular Culture & Media', 'Film & Theater']"
9968948701421.0,southern state racism motion picture african americans appalachian people,['Journalism & Politics']
9927648418201420.0,space and time motion picture architecture theater,"['Gender & Sexuality Identity', 'Film & Theater']"
99117469701421.0,spy film television program story american english,['Broadcasting & Television']
99226547001421.0,united states espionage motion picture industry spy film television program,['Broadcasting & Television']
99149266001421.0,star war film miscellanea cinematography motion picture,['Mass Media & Communication']
9928293655801420.0,walt disney production star war film neoliberalism motion picture civil corporate state culture united states history,"['Journalism & Politics', 'Mass Media & Communication']"
99149137801421.0,star war film culture motion picture,"['Popular Culture & Media', 'Mass Media & Communication']"
99226717401421.0,star war film motion picture and history,['Mass Media & Communication']
9927588689401420.0,star war film,['Mass Media & Communication']
99143767601421.0,stereotype social psychology motion picture mass medium,"['Science Fiction & Fantasy', 'Film & Theater', 'Mass Media & Communication']"
9925477070001420.0,stills motion picture actor and actress photographer cinematography,['Mass Media & Communication']
9924670510001420.0,superhero film motion picture and globalization masculinity sex role,"['Film & Theater', 'Popular Culture & Media']"
9928332153801420.0,comics inc marvel comic_strip group studio superhero film television program comic strip character motion picture copyright intellectual property duopolie,"['Broadcasting & Television', 'Comics & Graphic Novels']"
9928121793801420.0,ghost motion picture popular culture decolonization,['Popular Culture & Media']
99125696801421.0,surrealism motion picture,['Modernism & Postmodernism']
99123952201421.0,thriller motion picture mental illness psychiatry,['Film & Theater']
9928411802401420.0,thriller motion picture slow cinema experimental film,"['Documentary', 'Mass Media & Communication']"
9927502494101420.0,motion picture industry audience digital medium convergence telecommunication,"['Broadcasting & Television', 'Documentary', 'Mass Media & Communication']"
9927660940901420.0,motion picture industry,['Broadcasting & Television']
9928090781601420.0,motion picture industry california history,['Broadcasting & Television']
99226037001421.0,motion picture industry digital cinematography electronic book,"['Electronic & Digital Media', 'Documentary']"
99208077801421.0,technology motion picture digital cinematography,['Documentary']
99201943101421.0,terrorism motion picture psychic trauma september terrorist attack war popular culture and mass medium,"['Journalism & Politics', 'Broadcasting & Television', 'Popular Culture & Media', 'Mass Media & Communication']"
9927580003401420.0,terrorism motion picture political violence,"['Film & Theater', 'Broadcasting & Television']"
9927699205801420.0,terrorism motion picture television,['Broadcasting & Television']
99148656201421.0,texas,[]
99133271901421.0,time motion picture,['Gender & Sexuality Identity']
99219463401421.0,motion picture time history,['Gender & Sexuality Identity']
9927583805201420.0,torture motion picture television mass medium psychoanalysis and,"['Holocaust & Jewish Studies', 'Broadcasting & Television', 'Mass Media & Communication']"
9927732311001420.0,toy story motion picture lasseter pixar firm film animate computer animation,"['Electronic & Digital Media', 'Journalism & Politics', 'Popular Culture & Media', 'Film & Theater']"
9927828163901420.0,transgend people motion picture,['Journalism & Politics']
9928463283501420.0,motion picture and transnationalism morocco,[]
9928063377601420.0,motion picture industry and globalization,"['Film & Theater', 'Broadcasting & Television']"
99199658201421.0,motion picture and transnationalism globalization,['Film & Theater']
99129007801421.0,cross dressing motion picture transsexual internet pornography,['Modernism & Postmodernism']
9927471003201420.0,travelogue motion picture nonfiction film,"['Comedy & Humor', 'Documentary']"
9927647700501420.0,eichmann adolf trial motion picture holocaust jewish historical film nuremberg war crime germany,"['Holocaust & Jewish Studies', 'Popular Culture & Media', 'Mass Media & Communication']"
9924540720001420.0,trickster motion picture,[]
9995936301421.0,united states,[]
99219435701421.0,united states national characteristic american motion picture hollywood los angeles calif,"['Modernism & Postmodernism', 'Documentary']"
9927828810701420.0,silent film utopias motion picture united states history,"['Poetry', 'Film & Theater']"
99147114301421.0,stoker bram dracula vampire film criticism interpretation etc,['Broadcasting & Television']
99145978701421.0,vampire film television,['Broadcasting & Television']
99116064401421.0,vampire film,['Broadcasting & Television']
9927621602401420.0,computer game motion picture and video,"['Journalism & Politics', 'Broadcasting & Television']"
99229280201421.0,violence motion picture,['Film & Theater']
99229279101421.0,violence motion picture,['Film & Theater']
99227675201421.0,violence motion picture documentary film mass medium,"['Documentary', 'Mass Media & Communication']"
99229279901421.0,violence motion picture television,"['Film & Theater', 'Broadcasting & Television']"
9927828711601420.0,september terrorist attack motion picture hero influence literary artistic etc psychic trauma terrorism villain violence united states history,"['Journalism & Politics', 'Broadcasting & Television', 'Documentary', 'Film & Theater']"
99111221301421.0,violence motion picture popular culture,"['Film & Theater', 'Popular Culture & Media']"
9988314001421.0,motion picture united states violence history,['Film & Theater']
99229280401421.0,violence motion picture,['Film & Theater']
9927508607401420.0,violence motion picture,['Film & Theater']
9928082529601420.0,visual perception motion picture,['Science Fiction & Fantasy']
9928085277401420.0,voice over actor and actress,['Journalism & Politics']
99199447001421.0,voice over animation cinematography,"['Journalism & Politics', 'Film & Theater']"
99228632201421.0,war film,['Mass Media & Communication']
9928119892901420.0,war film woman motion picture and nationalism heroine sex role silent united states criticism interpretation etc history,"['Popular Culture & Media', 'Mass Media & Communication']"
9927579987801420.0,war film sex role motion picture woman criticism interpretation etc,"['Popular Culture & Media', 'Mass Media & Communication']"
99116789401421.0,war film,['Mass Media & Communication']
99141900201421.0,nuclear warfare motion picture,[]
9927818368901420.0,duras marguerite nagai takashi hersey kamei fumio hiroshima mon amour motion picture atomic bomb victim literature criticism interpretation etc,['Film & Theater']
9925268490001420.0,war film,['Mass Media & Communication']
9990085201421.0,war film,['Mass Media & Communication']
9927699205701420.0,war film criticism interpretation etc,['Mass Media & Communication']
99146815501421.0,war film united states,['Mass Media & Communication']
9927597511201420.0,western film cowboy popular culture story,"['Film & Theater', 'Popular Culture & Media']"
9957096601421.0,western film television program,"['Film & Theater', 'Broadcasting & Television']"
99228631401421.0,western film electronic book,"['Electronic & Digital Media', 'Film & Theater']"
9927721012801420.0,western film politic motion picture religion criticism interpretation etc,"['Journalism & Politics', 'Popular Culture & Media', 'Film & Theater']"
99133544001421.0,western film television program united states criticism interpretation etc,"['Film & Theater', 'Broadcasting & Television']"
99148934401421.0,western film nature motion picture,['Film & Theater']
99140716101421.0,western film,['Film & Theater']
99206459201421.0,western film national characteristic american motion picture politic hawk howard ford,"['Journalism & Politics', 'Film & Theater', 'Modernism & Postmodernism']"
9989907101421.0,western film,['Film & Theater']
9990068401421.0,western film silent,"['Poetry', 'Film & Theater']"
99116061501421.0,western film,['Film & Theater']
9927818368501420.0,spaghetti western catalog,['Film & Theater']
9985299001421.0,white motion picture race relation social problem,"['Journalism & Politics', 'Popular Culture & Media']"
9984905301421.0,white motion picture african americans race relation,['Journalism & Politics']
9927728511101420.0,solser musidora shipman nell silent film motion picture actor and actress woman,"['Poetry', 'Film & Theater']"
9985539001421.0,woman motion picture human body,"['Gender & Sexuality Identity', 'Film & Theater']"
99116002801421.0,feminism and motion picture woman,['Gender & Sexuality Identity']
9927671199101420.0,motion picture industry woman the actor and actress hollywood los angeles calif,"['Gender & Sexuality Identity', 'Documentary']"
9928430272701420.0,motion picture for woman melodrama marriage,"['Gender & Sexuality Identity', 'Comedy & Humor', 'Documentary']"
99135554201421.0,feminism and motion picture woman producer director screenwriter feminist film,"['Gender & Sexuality Identity', 'Film & Theater']"
99201543401421.0,feminism and motion picture feminist film criticism mulvey laura silverman kaja lauretis teresa creed barbara,['Poetry']
9927823408601420.0,walt disney company fairy tale motion picture feminism and feminist film criticism sex role woman,"['Poetry', 'Journalism & Politics', 'Popular Culture & Media', 'Children & Young Adult']"
9968441701421.0,woman motion picture united states,['Gender & Sexuality Identity']
9927796079401420.0,derrida jacque deconstruction feminism and motion picture influence literary artistic etc woman,"['Gender & Sexuality Identity', 'Documentary']"
9927841698601420.0,documentary film feminism and motion picture woman producer director,"['Film & Theater', 'Documentary']"
9927841698501420.0,feminism and motion picture documentary film woman producer director,"['Film & Theater', 'Documentary']"
9927855313801420.0,documentary film feminism and motion picture criticism interpretation etc,"['Gender & Sexuality Identity', 'Documentary']"
9928130071601420.0,nonfiction film feminist criticism interpretation etc,"['Gender & Sexuality Identity', 'Comedy & Humor', 'Documentary']"
9988691401421.0,woman motion picture the industry feminism and feminist film criticism,['Poetry']
9990021201421.0,woman motion picture,['Gender & Sexuality Identity']
9957632001421.0,woman the motion picture industry screenwriter cinema united states,"['Film & Theater', 'Documentary']"
9966565501421.0,woman motion picture and the industry,['Poetry']
99135461001421.0,motion picture for woman,['Gender & Sexuality Identity']
99207691101421.0,femininity motion picture woman,['Gender & Sexuality Identity']
9924740490001420.0,woman the motion picture industry actor and actress hollywood los angeles calif,"['Poetry', 'Documentary']"
99149623001421.0,woman motion picture feminism and,['Poetry']
99133854001421.0,woman the motion picture industry actor and actress producer director,['Film & Theater']
9957056801421.0,woman motion picture female friendship,"['Gender & Sexuality Identity', 'Journalism & Politics']"
9931585801421.0,woman motion picture feminism and feminist film criticism,['Poetry']
99121643401421.0,woman motion picture sex discrimination legal film,['Popular Culture & Media']
9956627901421.0,woman motion picture minority white man racism feminist theory,"['Gender & Sexuality Identity', 'Journalism & Politics']"
99218486701421.0,woman motion picture feminism and for electronic book,"['Poetry', 'Electronic & Digital Media']"
99107366701421.0,woman motion picture image philosophy capitalism suitor before the rain,['Gender & Sexuality Identity']
99117044201421.0,woman motion picture,['Gender & Sexuality Identity']
9966598401421.0,woman motion picture,['Gender & Sexuality Identity']
9991654201421.0,woman motion picture sex role historical film psychoanalysis and,['Popular Culture & Media']
9927671199801420.0,woman motion picture violence,"['Gender & Sexuality Identity', 'Film & Theater']"
99129610401421.0,woman the motion picture industry and,['Poetry']
9927787219801420.0,motion picture and woman actress the industry,['Poetry']
9928281448001420.0,motion picture filmmaker woman producer and director history,['Film & Theater']
9970305001421.0,woman motion picture feminism and feminist film criticism lesbianism television,['Poetry']
99111826901421.0,feminist film criticism feminism and motion picture,['Poetry']
9965751701421.0,woman motion picture feminist film criticism,['Poetry']
9991442601421.0,woman detective mass medium,"['Horror & Mystery', 'Mass Media & Communication']"
99116826601421.0,woman motion picture violence,"['Gender & Sexuality Identity', 'Film & Theater']"
9927859409801420.0,motion picture and woman producer director,['Film & Theater']
9972074401421.0,feminism and motion picture woman,['Gender & Sexuality Identity']
9956811501421.0,motion picture and woman popular culture chicago ill,['Popular Culture & Media']
99215631701421.0,feminism and motion picture woman for,['Gender & Sexuality Identity']
99133680301421.0,feminist film criticism feminism and motion picture,['Poetry']
9927508608101420.0,woman motion picture feminism and,['Poetry']
99133761801421.0,woman the motion picture industry feminism and,['Poetry']
9957076401421.0,woman the motion picture industry,['Poetry']
9969056301421.0,woman motion picture violence,"['Gender & Sexuality Identity', 'Film & Theater']"
9957054001421.0,feminism and motion picture feminist film woman criticism,"['Gender & Sexuality Identity', 'Film & Theater']"
9927717329501420.0,woman the motion picture industry producer and director latin america,"['Gender & Sexuality Identity', 'Film & Theater']"
9977347501421.0,woman motion picture actor and actress character,"['Gender & Sexuality Identity', 'Electronic & Digital Media']"
99124039201421.0,woman motion picture voice over,"['Gender & Sexuality Identity', 'Journalism & Politics']"
9927519868701420.0,gifted woman motion picture television,"['Gender & Sexuality Identity', 'Journalism & Politics', 'Broadcasting & Television']"
9927823087901420.0,woman motion picture producer and director the industry feminist film feminism united states,"['Gender & Sexuality Identity', 'Film & Theater']"
9927803371601420.0,woman the motion picture industry hollywood los angeles calif california,"['Poetry', 'Documentary']"
9988328501421.0,woman television comedy,"['Gender & Sexuality Identity', 'Comedy & Humor', 'Journalism & Politics', 'Broadcasting & Television']"
9928076081001420.0,woman the motion picture industry sex discrimination employment metoo movement television united states,"['Journalism & Politics', 'Broadcasting & Television', 'Popular Culture & Media', 'Poetry']"
9925474360001420.0,feminist film woman motion picture producer and director criticism,['Film & Theater']
9927558204801420.0,woman motion picture producer and director feminism,['Film & Theater']
9984892701421.0,woman motion picture producer and director feminism the industry,['Film & Theater']
99215761801421.0,woman motion picture for and feminist film television,"['Poetry', 'Broadcasting & Television']"
99127916101421.0,teenage boy motion picture television homosexuality and,"['Gender & Sexuality Identity', 'Comedy & Humor', 'Electronic & Digital Media', 'Broadcasting & Television']"
9958736801421.0,teenage girl motion picture teen film audience,"['Comedy & Humor', 'Documentary']"
9983613401421.0,youth motion picture,['Comedy & Humor']
99133817401421.0,youth motion picture,['Comedy & Humor']
99229450101421.0,zombie film monster,['Horror & Mystery']
9933407801421.0,motion picture authorship television,['Broadcasting & Television']
9958041501421.0,motion picture authorship treatment television etc,['Broadcasting & Television']
99111826001421.0,motion picture authorship,[]
9925470970001420.0,motion picture authorship,[]
99142441201421.0,motion picture authorship,[]
9958042301421.0,motion picture play authorship,['Broadcasting & Television']
9956974301421.0,motion picture authorship short film,"['Electronic & Digital Media', 'Documentary']"
99115953501421.0,motion picture authorship play creative writing,"['Journalism & Politics', 'Broadcasting & Television']"
9933372801421.0,motion picture authorship screenwriter,['Film & Theater']
9965703001421.0,motion picture authorship african americans the industry screenwriter american,['Film & Theater']
9914346001421.0,motion picture authorship television,['Broadcasting & Television']
99227469701421.0,motion picture authorship television,['Broadcasting & Television']
99142818501421.0,motion picture authorship playwrite play,"['Film & Theater', 'Broadcasting & Television']"
9958043201421.0,motion picture authorship comedy film,['Mass Media & Communication']
9994820501421.0,motion picture authorship,[]
9944317401421.0,motion picture authorship play character and characteristic,"['Electronic & Digital Media', 'Broadcasting & Television']"
9995781301421.0,motion picture authorship,[]
99198341001421.0,motion picture authorship short film,"['Electronic & Digital Media', 'Documentary']"
9985746701421.0,motion picture authorship film adaptation,['Film & Theater']
9994778301421.0,motion picture authorship,[]
99199447301421.0,animate film video game,['Broadcasting & Television']
99146817001421.0,comic book strip etc animate film video game,"['Broadcasting & Television', 'Comics & Graphic Novels']"
9991184301421.0,motion picture authorship screenwriter,['Film & Theater']
99198387701421.0,motion picture authorship television drama dialogue,"['Film & Theater', 'Broadcasting & Television', 'Popular Culture & Media']"
9958499601421.0,motion picture play authorship short film,"['Electronic & Digital Media', 'Broadcasting & Television']"
9927496635701420.0,motion picture play,['Broadcasting & Television']
9987581801421.0,motion picture authorship television,['Broadcasting & Television']
99219049901421.0,motion picture authorship,[]
9927521312201420.0,motion picture authorship industry electronic book,"['Electronic & Digital Media', 'Broadcasting & Television']"
9958049301421.0,motion picture authorship,[]
99219057401421.0,motion picture authorship television,['Broadcasting & Television']
9927890412501420.0,creative writing motion picture authorship myth literature narration rhetoric paperback,"['Poetry', 'Journalism & Politics']"
99220465701421.0,motion picture authorship play television,['Broadcasting & Television']
9990106401421.0,motion picture authorship,[]
99116122201421.0,animate film television program,['Broadcasting & Television']
99111835001421.0,motion picture authorship,[]
99227469301421.0,motion picture authorship,[]
9933423101421.0,motion picture authorship play,['Broadcasting & Television']
9930590301421.0,motion picture play african americans,['Broadcasting & Television']
9958041801421.0,motion picture play,['Broadcasting & Television']
9930563701421.0,motion picture,[]
9958041601421.0,,[]
9943577601421.0,atalante motion picture,[]
9951642801421.0,barfly motion picture,[]
9930493801421.0,dick philip blade runner motion picture,[]
9932575101421.0,big heat motion picture,[]
9946835501421.0,wolfe tom bonfire the vanity motion picture,[]
9944918801421.0,boudu sauvʹe des eaux motion picture,[]
9932575701421.0,citizen kane motion picture,['Broadcasting & Television']
9931987301421.0,double indemnity motion picture,[]
9966474001421.0,,[]
9958043501421.0,gettysburg battle united states,[]
9934406001421.0,greed motion picture,[]
9944752901421.0,gift motion picture,[]
9933432901421.0,mary vous salue marie motion picture livre,[]
9932977501421.0,motion picture,[]
9924489840001420.0,kiki delivery service motion picture animation cinematography animate film,['Film & Theater']
9958043101421.0,,[]
9927643913901420.0,action and adventure film historical,"['Popular Culture & Media', 'Mass Media & Communication']"
9932613401421.0,olympia motion picture,[]
9988567401421.0,escape brigand and robber government investigator detroit mich motion picture play,"['Science Fiction & Fantasy', 'Broadcasting & Television']"
9951924101421.0,psycho motion picture,[]
9956615001421.0,immigrant,['Broadcasting & Television']
9934410301421.0,seventh seal motion picture,[]
9958040701421.0,,[]
99111248201421.0,motion picture play,['Broadcasting & Television']
9958040801421.0,,[]
9932596101421.0,singin the rain motion picture,[]
9931381501421.0,vertigo motion picture,[]
9956726501421.0,vertigo motion picture,[]
9932112301421.0,go the day well motion picture,[]
9931022001421.0,wizard motion picture myth popular culture paradise secularism united states,"['Modernism & Postmodernism', 'Popular Culture & Media']"
9933419001421.0,wizard motion picture,[]
99133271201421.0,capote truman,[]
9924610110001420.0,lincoln abraham president,['Poetry']
99228577101421.0,begin motion picture dark knight rise nolan christopher,[]
9928109560601420.0,black panther motion picture people superhero film wakanda africa imaginary place african,['Comedy & Humor']
9927528111101420.0,boyhood motion picture documentary photography,"['Gender & Sexuality Identity', 'Documentary']"
99215750601421.0,brokeback mountain motion picture proulx annie,[]
99226671301421.0,brokeback mountain motion picture homosexuality western film proulx annie,"['Gender & Sexuality Identity', 'Film & Theater']"
99207555001421.0,brokeback mountain motion picture proulx annie,[]
99145981801421.0,brokeback mountain motion picture proulx annie,[]
99147212501421.0,fahrenheit motion picture,[]
9927841701201420.0,fantastic beast and where find they motion picture scamander newt rowling wizard animal mythical monster magic harry potter film character characteristic fantasy juvenile work trivia miscellanea,"['Film & Theater', 'Horror & Mystery']"
9988700401421.0,motion picture play,['Broadcasting & Television']
99214272101421.0,god and monster motion picture electronic book,"['Comedy & Humor', 'Electronic & Digital Media']"
99217500201421.0,inception motion picture,[]
9928273259701420.0,joker motion picture,[]
9988749401421.0,criminal motion picture play,['Broadcasting & Television']
9928262558401420.0,namesake motion picture,[]
9928456083801420.0,sen chihiro kamikakushi motion picture film criticism,['Documentary']
99199446101421.0,shrek motion picture the third animate film animation cinematography,['Film & Theater']
9928194175801420.0,kaguyahime monogatari motion picture animate film japan,['Documentary']
99219521501421.0,tigre neve motion picture,[]
9988696001421.0,motion picture play,['Broadcasting & Television']
99134502601421.0,troy motion picture trojan war,['Journalism & Politics']
99134063901421.0,animate film television program animation cinematography,"['Film & Theater', 'Broadcasting & Television']"
99215750101421.0,animate film,['Documentary']
99143084801421.0,short film animator animate united states interview,"['Electronic & Digital Media', 'Broadcasting & Television']"
99116002401421.0,animate film,['Documentary']
9958043401421.0,motion picture,[]
99201871801421.0,car chase film motion picture,['Documentary']
998092301421.0,motion picture producer and director actor actress,['Film & Theater']
99227096001421.0,motion picture,[]
9928221450501420.0,film adaptation criticism interpretation etc,['Film & Theater']
9966903001421.0,film adaptation motion picture and literature,['Film & Theater']
9927502292701420.0,shakespeare film adaptation english drama motion picture and literature,['Film & Theater']
99111831301421.0,film adaptation,['Film & Theater']
9928076677801420.0,fiction film adaptation,"['Science Fiction & Fantasy', 'Film & Theater']"
9927674944701420.0,russian literature film adaptation emigration and immigration motion picture,"['Film & Theater', 'Broadcasting & Television']"
9943535001421.0,film adaptation television,"['Film & Theater', 'Broadcasting & Television']"
9927675813801420.0,film adaptation motion picture industry comic strip character and book superhero united states,"['Film & Theater', 'Comics & Graphic Novels']"
99123947801421.0,film adaptation,['Film & Theater']
99207310901421.0,austen jane pride and prejudice motion picture literature,['Film & Theater']
9966904001421.0,film adaptation english fiction motion picture and literature,"['Film & Theater', 'Documentary']"
9927889798801420.0,film adaptation comic book strip etc character motion picture television mass medium and culture,"['Film & Theater', 'Comics & Graphic Novels', 'Mass Media & Communication']"
9927755313201420.0,film adaptation television english literature american motion picture and criticism interpretation etc,"['Film & Theater', 'Broadcasting & Television']"
9925474340001420.0,film adaptation motion picture and literature hermeneutic,['Film & Theater']
99215591401421.0,film adaptation chinese fiction motion picture and literature,"['Film & Theater', 'Documentary']"
9924499800001420.0,film adaptation criticism motion picture and literature,['Film & Theater']
9927796075701420.0,short story film adaptation motion picture play,"['Electronic & Digital Media', 'Film & Theater', 'Broadcasting & Television']"
9985463101421.0,film adaptation motion picture and literature european fiction,"['Film & Theater', 'Modernism & Postmodernism']"
9991196201421.0,film adaptation motion picture and literature,['Film & Theater']
99143366701421.0,film adaptation,['Film & Theater']
9956769401421.0,film adaptation,['Film & Theater']
9990018301421.0,american fiction,['Science Fiction & Fantasy']
9927674936401420.0,film adaptation motion picture and literature,['Film & Theater']
9958041001421.0,kubrick nabokov vladimir vladimirovich king stephen hasford gustav film adaptation,['Film & Theater']
9925906270001420.0,greek drama tragedy,"['Gender & Sexuality Identity', 'Film & Theater', 'Horror & Mystery']"
9927821689801420.0,film adaptation motion picture industry comic strip character and book superhero united states,"['Film & Theater', 'Comics & Graphic Novels']"
9983958501421.0,film adaptation motion picture and literature,['Film & Theater']
9927829912901420.0,fiction film adaptation motion picture and literature criticism interpretation etc,"['Science Fiction & Fantasy', 'Film & Theater']"
99198400501421.0,film adaptation motion picture authorship,['Film & Theater']
9928066673901420.0,motion picture and comic book industry strip etc,"['Broadcasting & Television', 'Comics & Graphic Novels']"
9933419601421.0,film adaptation motion picture authorship play and literature,"['Film & Theater', 'Broadcasting & Television']"
99227281501421.0,film adaptation stage geschichte,['Film & Theater']
99215754501421.0,film adaptation motion picture and literature,['Film & Theater']
9927462010301420.0,film adaptation english literature motion picture and,['Film & Theater']
99228847101421.0,spanish literature motion picture film adaptation,['Film & Theater']
9958042701421.0,motion picture play authorship,['Broadcasting & Television']
9970232401421.0,motion picture play,['Broadcasting & Television']
9928005912201420.0,medea motion picture edipo vangelo secondo matteo,[]
9990430301421.0,motion picture play,['Broadcasting & Television']
9958041901421.0,motion picture play,['Broadcasting & Television']
9957038401421.0,motion picture play,['Broadcasting & Television']
9927890412701420.0,motion picture play screenplay,['Broadcasting & Television']
9927522112401420.0,bout souffle motion picture,[]
9927708709601420.0,herzog werner,[]
9988695901421.0,rock music musician groupie fan motion picture play,['Broadcasting & Television']
9927535913601420.0,godard jean luc alphaville motion picture,['Journalism & Politics']
9988695001421.0,motion picture play,['Broadcasting & Television']
9928223058801420.0,motion picture fassbinder rainer werner angst essen seele auf fiction film history,"['Science Fiction & Fantasy', 'Documentary']"
9965723901421.0,annie hall motion picture,['Gender & Sexuality Identity']
9988694901421.0,motion picture play,['Broadcasting & Television']
9927698313801420.0,bresson argent motion picture,[]
9927713010701420.0,battaglia algeri motion picture,[]
9927967212401420.0,babettes gæstebud motion picture axel gabriel dinesen isak criticism interpretation etc,[]
99226785401421.0,big lebowski motion picture,[]
9957058401421.0,bird motion picture,[]
9988747201421.0,blackmail motion picture play,['Broadcasting & Television']
9988697801421.0,motion picture play,['Broadcasting & Television']
9927578334601420.0,blue velvet motion picture,[]
9927511997601420.0,hepburn audrey breakfast tiffany motion picture,[]
9927769612001420.0,brooks louise pabst der pandora motion picture history,[]
9928214841401420.0,motion picture haneke thriller history,['Mass Media & Communication']
9928034398201420.0,caravaggio motion picture,[]
9927710646901420.0,casablanca motion picture history united states,[]
9927522112801420.0,casque motion picture,[]
9927706710801420.0,genet jean chant motion picture,['Journalism & Politics']
9927522112501420.0,chien andalou motion picture,[]
9988695101421.0,motion picture play,['Broadcasting & Television']
9928376691601420.0,mankiewicz herman welle citizen kane motion picture authorship,"['Broadcasting & Television', 'Film & Theater']"
9996106801421.0,citizen kane motion picture,['Broadcasting & Television']
9927502795401420.0,motion picture,[]
9927708709801420.0,motion picture,[]
9927708708901420.0,conformista motion picture,[]
9927556313901420.0,corbeau motion picture,[]
9927535913501420.0,diabolique motion picture,[]
9927725213401420.0,dolce vita motion picture,[]
9928333959701420.0,motion picture look now united states history,[]
9927526113501420.0,dassin jule rififi chez les hommes motion picture,[]
9934413701421.0,bacon lloyd street motion picture,['Film & Theater']
9926009920001420.0,visconti luchino tomasi lampedusa giuseppe gattopardo motion picture,[]
99147491601421.0,go with the wind motion picture mitchell margaret electronic book,['Electronic & Digital Media']
9927502504201420.0,go with the wind motion picture exhibition,[]
9928166057201420.0,mcewen todd motion picture childhood and youth person autobiography children juvenile young,['Children & Young Adult']
9988695701421.0,gangster mafia motion picture play,['Broadcasting & Television']
9927684603001420.0,renoir jean motion picture and history grande illusion,['Journalism & Politics']
9927684094601420.0,renoir jean grande illusion motion picture,['Journalism & Politics']
9927505401601420.0,grande illusion motion picture,[]
99122824301421.0,haine motion picture,[]
99227230101421.0,heart glass motion picture herzog werner,[]
9928450782501420.0,hotaru haka motion picture animate film japan criticism,['Documentary']
9957056701421.0,independence day motion picture,[]
9928169359601420.0,jeanne dielman quai commerce bruxelle motion picture,[]
9927502795501420.0,jour motion picture,[]
9927710112001420.0,king jazz motion picture musical film whiteman paul,"['Broadcasting & Television', 'Mass Media & Communication']"
9927502795701420.0,ladri biciclette motion picture,[]
99147117801421.0,scorsese martin last temptation christ motion picture film criticism interpretation etc,"['Journalism & Politics', 'Documentary']"
9928093030201420.0,lodger motion picture united states criticism interpretation etc history,[]
9927743699701420.0,mononoke hime motion picture,[]
9988697701421.0,motion picture play,['Broadcasting & Television']
99140604601421.0,luis motion picture city child poverty hunger mexico los olvidados children juvenile young,['Children & Young Adult']
9957057501421.0,once upon time america motion picture,['Gender & Sexuality Identity']
9927814910101420.0,ostatni etap motion picture jakubowska wanda auschwitz concentration camp holocaust jewish criticism interpretation etc,['Holocaust & Jewish Studies']
9927579991901420.0,other side the wind motion picture producer and director,['Film & Theater']
9957057601421.0,palm beach story motion picture,['Electronic & Digital Media']
9957057701421.0,performance motion picture,['Film & Theater']
99197592001421.0,psycho motion picture thriller,['Mass Media & Communication']
9927897006701420.0,murder for hire thief boxer sport pulp fiction motion picture drama screenplay,"['Science Fiction & Fantasy', 'Film & Theater', 'Broadcasting & Television']"
99149469901421.0,que viva mexico motion picture eisenstein,['Film & Theater']
99116061401421.0,rear window motion picture,[]
9928371558801420.0,woman the motion picture industry rebecca united states,['Poetry']
9928234757701420.0,powell pressburger emeric fiction film motion picture red shoe,"['Science Fiction & Fantasy', 'Documentary']"
9927522112601420.0,renoir jean règle jeu motion picture,['Journalism & Politics']
9927708708101420.0,renoir jean jeu motion picture,['Journalism & Politics']
9927502795601420.0,reine margot motion picture,[]
9927698313901420.0,rossellini roberto roma aperta motion picture criticism interpretation etc,[]
9928238155901420.0,anderson wes rushmore motion picture criticism interpretation etc,[]
9967084301421.0,salt the earth motion picture,[]
9928411262501420.0,world war motion picture save private ryan,['Journalism & Politics']
9956569801421.0,schindler list motion picture holocaust jewish,['Holocaust & Jewish Studies']
9925477370001420.0,searcher motion picture historical film and history comanche indians massacre indian captivity,"['Journalism & Politics', 'Popular Culture & Media']"
9928379429901420.0,servant motion picture,[]
9927841778401420.0,holocaust jewish motion picture shoah,['Holocaust & Jewish Studies']
9932097701421.0,stagecoach motion picture,[]
9957058201421.0,sunrise motion picture,[]
9988694701421.0,motion picture play,['Broadcasting & Television']
9928169359501420.0,richardson tony taste honey motion picture criticism interpretation etc film,['Documentary']
99143002001421.0,thelma louise motion picture,[]
9927698314001420.0,motion picture third man suspense television etc write great britain united states,"['Broadcasting & Television', 'Mass Media & Communication']"
99133576301421.0,thelma louise motion picture woman,['Gender & Sexuality Identity']
9985631201421.0,step motion picture electronic book,['Electronic & Digital Media']
9957856301421.0,titanic motion picture,[]
99215751701421.0,motion picture george trip the moon electronic book,"['Electronic & Digital Media', 'Film & Theater']"
9957058301421.0,trois couleurs bleu couleur rouge blanc,[]
9927845535901420.0,kubrick clarke arthur space odyssey motion picture,"['Gender & Sexuality Identity', 'Film & Theater']"
9927806994201420.0,kubrick space odyssey motion picture perform art criticism interpretation etc,"['Gender & Sexuality Identity', 'Film & Theater']"
99198601401421.0,tystnaden motion picture bergman ingmar,[]
9957057101421.0,ultimo tango parigi,[]
99200366601421.0,vita bella motion picture holocaust jewish,['Holocaust & Jewish Studies']
9928343156501420.0,who afraid virginia woolf motion picture marriage nichols mike albee taylor elizabeth burton richard segal george dennis sandy biography,"['Comedy & Humor', 'Film & Theater']"
9927838511301420.0,peckinpah sam wild bunch motion picture western film united states nonfiction criticism interpretation etc,"['Comedy & Humor', 'Film & Theater']"
9958041401421.0,james henry wing the dove motion picture,['Journalism & Politics']
9928159759401420.0,motion picture come age film mamá también,"['Comedy & Humor', 'Documentary']"
9944664701421.0,tashlin frank motion picture producer and director television,"['Broadcasting & Television', 'Film & Theater']"
9943499401421.0,ingram rex motion picture producer and director,['Film & Theater']
9931821401421.0,motion picture actor and actress entertainer athlete fame public opinion popular culture,"['Modernism & Postmodernism', 'Popular Culture & Media']"
9968040501421.0,motion picture,[]
9943642201421.0,motion picture producer and director,['Film & Theater']
9973179601421.0,motion picture,[]
9933395801421.0,motion picture,[]
99207055301421.0,motion picture actor and actress,[]
9930465301421.0,screenwriter hollywood los angeles calif,"['Film & Theater', 'Documentary']"
99142642801421.0,screenwriter,['Film & Theater']
99205786401421.0,motion picture producer and director screenwriter authorship electronic book,"['Electronic & Digital Media', 'Film & Theater']"
99226547901421.0,motion picture producer and director,['Film & Theater']
99207531501421.0,motion picture producer and director,['Film & Theater']
9924655080001420.0,fame motion picture actor and actress cult film,['Documentary']
9989620001421.0,jewish motion picture producer and director jews the industry,"['Holocaust & Jewish Studies', 'Film & Theater']"
9962547101421.0,screenwriter motion picture producer and director play american literature industry blacklisting author hollywood los angeles calif,"['Film & Theater', 'Documentary']"
9927833314001420.0,motion picture actor and actress united states biography,[]
99207031001421.0,motion picture actor and actress,[]
9981561501421.0,woman motion picture producer and director,['Film & Theater']
9927572409101420.0,motion picture actor and actress,[]
99134195301421.0,theatrical producer and director choreographer,['Film & Theater']
99125761201421.0,motion picture actor and actress acting,[]
99207055501421.0,motion picture actor and actress,[]
9944957101421.0,motion picture actor and actress world war,['Journalism & Politics']
99133591501421.0,woman motion picture producer and director,['Film & Theater']
99207055701421.0,motion picture actor and actress,[]
99221753601421.0,motion picture actor and actress cooking american,[]
99207055801421.0,motion picture actor and actress,[]
9932696201421.0,bisexuality clift montgomery brando marlon dean james motion picture actor male,['Journalism & Politics']
99119645701421.0,woman screenwriter motion picture authorship,['Film & Theater']
9990946601421.0,motion picture actor and actress silent film,['Poetry']
9927826407801420.0,motion picture actor and actress united states biography,[]
9927826407901420.0,motion picture actor and actress united states,[]
9927826407701420.0,motion picture actor and actress united states biography,[]
9957056401421.0,motion picture producer and director actor actress entertainer,['Film & Theater']
9958281601421.0,woman motion picture producer and director the industry,['Film & Theater']
9978446601421.0,celebrity motion picture actor and actress,['Mass Media & Communication']
9933403101421.0,motion picture producer and director,['Film & Theater']
99199552701421.0,motion picture actor and actress metro goldwyn mayer,[]
99207055901421.0,motion picture actor and actress united states filmstar biography,[]
9930799601421.0,black mask screenwriter motion picture industry,"['Film & Theater', 'Broadcasting & Television']"
9994700201421.0,woman motion picture producer and director the industry,['Film & Theater']
99207558801421.0,motion picture producer and director electronic book,"['Electronic & Digital Media', 'Film & Theater']"
9945351801421.0,pedro,[]
9944921601421.0,arzn dorothy,[]
9933542201421.0,berkeley busby musical film theater,"['Film & Theater', 'Broadcasting & Television']"
9956720801421.0,coppola francis ford,[]
9943676001421.0,disney walt silent film motion picture producer and director animator animation cinematography,"['Poetry', 'Journalism & Politics', 'Film & Theater']"
9932209001421.0,drew documentary film united states criticism interpretation etc,['Documentary']
9943407301421.0,eisenstein silent film,['Poetry']
9933168801421.0,eisenstein historical film motion picture socialism,"['Modernism & Postmodernism', 'Popular Culture & Media']"
9957278401421.0,eisner walt disney company chief executive officer,['Journalism & Politics']
9944801301421.0,fassbinder rainer werner motion picture producer and director,['Film & Theater']
9956770701421.0,fassbinder rainer werner motion picture producer and director,['Film & Theater']
9957075801421.0,godard jean luc motion picture producer and director,"['Journalism & Politics', 'Film & Theater']"
9956630801421.0,greenaway peter,[]
9942908801421.0,motion picture homosexuality,['Gender & Sexuality Identity']
9932678501421.0,lacan jacque psychoanalysis and motion picture,['Holocaust & Jewish Studies']
9958049401421.0,national characteristic american motion picture united states,['Modernism & Postmodernism']
9931585701421.0,,[]
9933391801421.0,,[]
9951919201421.0,,[]
99133240301421.0,motion picture producer and director,['Film & Theater']
9933356401421.0,,[]
9930613301421.0,howe lyman motion picture producer and director silent film industry popular culture,"['Poetry', 'Film & Theater', 'Popular Culture & Media']"
9945199501421.0,kubrick,['Film & Theater']
9943164701421.0,kurasawa akira intertextuality,['Gender & Sexuality Identity']
9966476001421.0,lang fritz,[]
9933374701421.0,lean david motion picture producer and director,['Film & Theater']
9931701501421.0,lorentz pare documentary film,['Documentary']
9945199201421.0,lubitsch ernst silent film,['Poetry']
9933376601421.0,lumet sidney criticism interpretation etc,[]
9933428001421.0,lynch david,['Film & Theater']
9933406201421.0,mamet david motion picture,['Film & Theater']
9932411901421.0,mekas jona experimental film motion picture industry,['Documentary']
9933777501421.0,,[]
9933405001421.0,mizoguchi kenji time motion picture,['Gender & Sexuality Identity']
9945199001421.0,peckinpah sam motion picture,[]
9945351701421.0,porter edwin thomas edison inc silent film motion picture,"['Poetry', 'Film & Theater']"
9933406601421.0,riefenstahl leni woman photographer motion picture producer and director photography artistic ethnology underwater,"['Gender & Sexuality Identity', 'Film & Theater']"
9942518301421.0,riefenstahl leni motion picture producer and director,['Film & Theater']
9933371301421.0,riefenstahl leni,[]
9933375801421.0,roeg nicola,[]
9933425301421.0,scorsese martin,['Journalism & Politics']
9951338701421.0,sirk douglas melodrama motion picture,['Documentary']
9933356901421.0,sturge preston motion picture producer and director screenwriter,['Film & Theater']
9944806401421.0,arsenʹevich motion picture producer and director,['Film & Theater']
9933839701421.0,von sternberg josef dietrich marlene costume,['Modernism & Postmodernism']
9945199601421.0,wanger walter motion picture producer and director,"['Film & Theater', 'Mass Media & Communication']"
9933427501421.0,welle motion picture producer and director actor,['Film & Theater']
9933397601421.0,wender wim cinema,['Documentary']
9932889401421.0,wiseman frederick documentary film,['Documentary']
99142993401421.0,allen woody motion picture producer and director,['Film & Theater']
9927666407801420.0,allen woody motion picture producer and director united states,['Film & Theater']
9927619312801420.0,allen woody motion picture producer and director actor actress united states,['Film & Theater']
99198589201421.0,pedro,[]
99134188201421.0,pedro,[]
99197023201421.0,altman motion picture producer and director,['Film & Theater']
9928167444001420.0,akerman chantal criticism interpretation etc,[]
9927556307701420.0,anderson wes,[]
9965725301421.0,antonioni michelangelo motion picture producer and director,['Film & Theater']
99227099701421.0,antonioni michelangelo motion picture producer and director,['Film & Theater']
9957943001421.0,antonioni michelangelo cinema,['Documentary']
9957056501421.0,antonioni michelangelo,[]
9927656004401420.0,barthe motion picture,[]
99141564901421.0,bergman ingmar,[]
99143768601421.0,bergman ingmar,[]
9990430001421.0,bergman ingmar,[]
99219508401421.0,bertolucci bernardo,[]
9956774401421.0,bertolucci bernardo,[]
99198596701421.0,besson luc motion picture producer and director,"['Journalism & Politics', 'Film & Theater']"
99207840301421.0,borzage frank,['Broadcasting & Television']
9927568604801420.0,brackett wilder billy motion picture producer and director screenwriter friendship united states,"['Journalism & Politics', 'Film & Theater']"
9928249339401420.0,bresson motion picture producer and director france interview,['Film & Theater']
9927711408301420.0,bresson criticism interpretation etc,[]
9926019850001420.0,luis motion picture producer and director,['Film & Theater']
9927497413701420.0,burton tim,[]
99197578001421.0,cameron james motion picture producer and director,"['Film & Theater', 'Mass Media & Communication']"
9928249513301420.0,campion jane criticism interpretation etc,[]
99215752201421.0,campion jane electronic book,['Electronic & Digital Media']
9957097001421.0,capra frank,['Broadcasting & Television']
9926679740001420.0,cassavete,[]
9987597001421.0,chopra yash,[]
9928392036301420.0,clouzot,[]
9927620905701420.0,coen joel ethan motion picture producer and director united states criticism interpretation etc,['Film & Theater']
9927666410401420.0,coen joel ethan motion picture,[]
99116064101421.0,coen joel ethan criticism interpretation etc,[]
99226630501421.0,coen joel ethan,[]
99149659101421.0,coen joel ethan,[]
99145979601421.0,coen joel ethan,[]
9927895893301420.0,coppola sofia woman motion picture producer and director feminism united states criticism interpretation etc,['Film & Theater']
9928241404201420.0,coppola francis ford motion picture producer and director american zoetrope firm biography,"['Film & Theater', 'Popular Culture & Media']"
9927719406601420.0,curtiz motion picture producer and director,['Film & Theater']
9927523311501420.0,davy terence electronic book,['Electronic & Digital Media']
9944504701421.0,demille cecil,[]
99144135501421.0,demille cecil motion picture producer and director,['Film & Theater']
9926090890001420.0,demy jacque motion picture producer and director,"['Gender & Sexuality Identity', 'Film & Theater']"
9927505700101420.0,deren maya criticism interpretation etc,[]
9970396301421.0,deren maya,[]
9927607785701420.0,disney walt,['Journalism & Politics']
9927796075801420.0,disney walt criticism interpretation etc,['Journalism & Politics']
99225577301421.0,ebert roger film critic criticism motion picture,['Mass Media & Communication']
9927796076101420.0,eisenstein motion picture producer and director soviet union biography,['Film & Theater']
9927809083001420.0,eisenstein motion picture producer and director,['Film & Theater']
9927685689701420.0,eisenstein motion picture,[]
9927796075901420.0,eisenstein motion picture producer and director criticism interpretation etc,['Film & Theater']
9994608001421.0,eisenstein,[]
99227708501421.0,epstein jean,['Journalism & Politics']
9928329256701420.0,farocki harun independent filmmaker criticism and interpretation germany biography,['Film & Theater']
9956625701421.0,fassbinder rainer werner motion picture germany criticism interpretation etc history,[]
9927462401201420.0,fellini federico motion picture producer and director art,['Film & Theater']
9927656002301420.0,fellini federico italy,[]
99200051901421.0,fellini federico motion picture music,['Gender & Sexuality Identity']
9928292959701420.0,fischinger oskar experimental film motion picture avant garde aesthetic germany united states exhibition catalog history,"['Holocaust & Jewish Studies', 'Documentary']"
99207555401421.0,ford,[]
9927828191201420.0,ford wayne western film,['Film & Theater']
99227710101421.0,,[]
9927726171301420.0,fox motion picture producer and director industry united states biography history,['Film & Theater']
99145785701421.0,godard jean luc,['Journalism & Politics']
9956602501421.0,godard jean luc,['Journalism & Politics']
9924740100001420.0,godard jean luc motion picture,['Journalism & Politics']
99133426901421.0,godard jean luc,['Journalism & Politics']
9957055701421.0,godard jean luc,['Journalism & Politics']
9927805995801420.0,godard jean luc experimental film subjectivity motion picture criticism interpretation etc,"['Journalism & Politics', 'Documentary']"
9927496633501420.0,godard jean luc motion picture and history electronic book,"['Electronic & Digital Media', 'Journalism & Politics']"
99129329501421.0,marina evseevna motion picture producer and director woman,['Film & Theater']
9967082701421.0,gordon bernard motion picture producer and director screenwriter blacklisting author,['Film & Theater']
99207555101421.0,greenaway peter,[]
99148337701421.0,griffith motion picture and theater electronic book,"['Electronic & Digital Media', 'Film & Theater']"
99198655001421.0,guy alice,[]
9925443180001420.0,haneke,[]
9928046898001420.0,hartley hal criticism interpretation etc interview,['Broadcasting & Television']
99228211201421.0,hartley hal,[]
99115918001421.0,hearst randolph motion picture producer and director publisher publishing industry california united states history biography,"['Journalism & Politics', 'Film & Theater']"
9927733712901420.0,motion picture producer and director germany interview,['Film & Theater']
99227709501421.0,herzog werner motion picture producer and director,['Film & Theater']
9927715108901420.0,herzog werner motion picture producer and director,['Film & Theater']
99219366901421.0,hinkle motion picture industry dialogue coach stunt performer hollywood los angeles calif texas actor and actress,['Documentary']
9927665410701420.0,motion picture producer and director,['Film & Theater']
9969930801421.0,,[]
99142996101421.0,criticism interpretation etc,[]
9957684801421.0,motion picture,[]
99220389301421.0,,[]
9927579989001420.0,,[]
99149125501421.0,motion picture art and,[]
99220384601421.0,,[]
99219436801421.0,film adaptation electronic book,"['Electronic & Digital Media', 'Film & Theater']"
9988584201421.0,,[]
99221758801421.0,wolff mark film poster,['Documentary']
9981916001421.0,,[]
99215930901421.0,,[]
99148931101421.0,lang fritz minnelli vincente,[]
9927693496101420.0,motion picture,[]
9988302701421.0,,[]
9927583697801420.0,human body motion picture television,"['Film & Theater', 'Broadcasting & Television']"
9927693497101420.0,mythology classical,"['Film & Theater', 'Modernism & Postmodernism']"
9924632840001420.0,united states,[]
99220436301421.0,psycho motion picture bird marnie play american authorship film adaptation screenwriter electronic book,"['Electronic & Digital Media', 'Film & Theater']"
9928144759401420.0,thriller motion picture producer and director philosophy great britain united states biography criticism interpretation etc,"['Gender & Sexuality Identity', 'Film & Theater', 'Mass Media & Communication']"
9995938901421.0,welle renoir jean,"['Journalism & Politics', 'Film & Theater']"
9933397501421.0,,[]
9928041497901420.0,motion picture producer and director great britain biography,"['Film & Theater', 'Mass Media & Communication']"
99115918101421.0,,[]
9956631401421.0,huston,[]
9927869175701420.0,iger success business executive motion picture studio walt disney company pixar firm leadership management united states biography,"['Journalism & Politics', 'Film & Theater']"
9927597098101420.0,ivens joris motion picture producer and director,['Film & Theater']
99147568901421.0,jarman derek,[]
99221765701421.0,jurow martin motion picture producer and director,"['Journalism & Politics', 'Film & Theater']"
9927487911701420.0,kazan elia theatrical producer and director motion picture,['Film & Theater']
99206145301421.0,kazan elia,[]
99147223001421.0,kazan elia criticism interpretation etc,[]
9970231201421.0,krzysztof cinema,['Documentary']
9970230601421.0,krzysztof,[]
9926370950001420.0,motion picture producer and director kubrick literature film adaptation electronic book,"['Electronic & Digital Media', 'Film & Theater']"
9928220561001420.0,kubrick authority motion picture control psychology order criticism interpretation etc,"['Science Fiction & Fantasy', 'Film & Theater']"
99148931301421.0,kubrick,['Film & Theater']
9928268158301420.0,kubrick motion picture producer and director biography,['Film & Theater']
9927170170001420.0,kubrick motion picture producer and director,['Film & Theater']
9925906290001420.0,kubrick look magazine photojournalist motion picture producer and director,"['Gender & Sexuality Identity', 'Film & Theater']"
9928006301701420.0,motion picture producer and director united states kubrick biography,['Film & Theater']
99143100901421.0,kubrick motion picture,['Film & Theater']
9919416901421.0,kubrick,['Film & Theater']
99207554401421.0,kubrick,['Film & Theater']
99207553901421.0,kubrick,['Film & Theater']
9927618005801420.0,kubrick motion picture producer and director,['Film & Theater']
99201533701421.0,kurosawa akira motion picture producer and director,['Film & Theater']
99219435601421.0,kurosawa akira,[]
9928124259301420.0,lanzmann claude shoah motion picture holocaust jewish,['Holocaust & Jewish Studies']
9927665409801420.0,interview lee ang motion picture producer and director,"['Science Fiction & Fantasy', 'Film & Theater']"
9927580003501420.0,lee ang criticism interpretation etc,['Science Fiction & Fantasy']
9928039773001420.0,lilienthal peter motion picture producer and director jewish jews german diaspora transnationalism germany latin america biography criticism interpretation etc history,"['Holocaust & Jewish Studies', 'Film & Theater']"
9927786188901420.0,lubitsch ernst motion picture producer and director criticism interpretation etc,['Film & Theater']
9927686001701420.0,lucas george motion picture producer and director,['Film & Theater']
9928407960801420.0,lupino ida filmakers inc hollywood calif woman motion picture producer and director television actor actress film noir thriller program biography,"['Film & Theater', 'Broadcasting & Television']"
9927759814001420.0,lynch david motion picture producer and director united states,['Film & Theater']
9925919810001420.0,lynch david motion picture producer and director,['Film & Theater']
99207319701421.0,lynch david,['Film & Theater']
99226549101421.0,lynch david,['Film & Theater']
99207531901421.0,lynch david motion picture producer and director,['Film & Theater']
9927731706701420.0,mclaren norman animator animate film industry canada,['Documentary']
9927716836101420.0,mailer norman,[]
9925478280001420.0,motion picture producer and director theatrical mamoulian rouben,['Film & Theater']
9990082901421.0,malick terrence,[]
9927853413601420.0,malle louis motion picture producer and director france criticism interpretation etc,['Film & Theater']
99134220801421.0,malle louis,['Science Fiction & Fantasy']
99205277301421.0,mamoulian rouben motion picture producer and director,['Film & Theater']
9928340959601420.0,may elaine woman screenwriter motion picture producer and director comedian comedy biography,['Film & Theater']
99221762101421.0,mayer louis motion picture producer and director,['Film & Theater']
9927693769101420.0,medvedkin alexander motion picture,[]
9928149122801420.0,motion picture producer and director melville jean pierre france biography,"['Journalism & Politics', 'Film & Theater']"
9928292558901420.0,mendieta ana experimental film motion picture united states perform art exhibition catalog criticism interpretation etc,"['Film & Theater', 'Documentary']"
9966562901421.0,micheaux oscar,[]
9995939201421.0,micheaux oscar,[]
99135650601421.0,micheaux oscar motion picture producer and director african american,['Film & Theater']
9927626473801420.0,miyazaki hayao animator animation cinematography,['Film & Theater']
9927626473901420.0,miyazaki hayao animator animation cinematography,['Film & Theater']
99133244101421.0,miyazaki hayao animation cinematography,['Film & Theater']
9927804510301420.0,miyazaki hayao animator animation cinematography animate film japan biography,['Film & Theater']
9928107884401420.0,miyazaki hayao myth motion picture animation cinematography animate film hero japan,"['Film & Theater', 'Mass Media & Communication']"
99219515501421.0,monicelli mario motion picture and history,[]
99128501201421.0,moore motion picture,[]
99219516201421.0,moretti nanni,[]
9927600708701420.0,moretti nanni motion picture location rome italy,[]
99148732701421.0,morris errol mcelwee ross rouch jean documentary film,"['Journalism & Politics', 'Documentary']"
9927881286801420.0,nichols mike motion picture producer and director theatrical united states biography anecdote quotation,"['Film & Theater', 'Documentary']"
9927656003501420.0,nichols mike,[]
9925771720001420.0,motion picture producer and director nolan christopher electronic book,"['Electronic & Digital Media', 'Film & Theater']"
9934443301421.0,notari elvira dora film motion picture for woman city and town life,"['Poetry', 'Film & Theater']"
99148990701421.0,oshii mamoru,[]
99133244001421.0,oshii mamoru criticism interpretation etc,[]
9927581512101420.0,oshii mamoru criticism interpretation etc,[]
9994661701421.0,ozu,[]
9967079501421.0,paradzhanov,[]
9928005912101420.0,pasolini pier paolo motion picture producer and director criticism interpretation etc,['Film & Theater']
99198632901421.0,pasolini pier paolo,[]
99205649501421.0,pasolini pier paolo antonioni michelangelo motion picture,[]
9957055501421.0,peckinpah sam violence motion picture,['Film & Theater']
9990084801421.0,peckinpah sam,[]
99215232901421.0,penn arthur motion picture producer and director,['Film & Theater']
9927622605801420.0,perry tyler african american motion picture producer and director television americans the industry,"['Broadcasting & Television', 'Film & Theater']"
9927578334701420.0,petri elio motion picture italian industry,"['Gender & Sexuality Identity', 'Broadcasting & Television']"
9926018880001420.0,pialat maurice motion picture producer and director painter,['Film & Theater']
9927620413901420.0,poitra laura installation art documentary film electronic surveillance,"['Electronic & Digital Media', 'Documentary']"
99145667901421.0,polanski roman motion picture producer and director,['Film & Theater']
9968331901421.0,portillo lourde diablo nunca duerme,[]
99145824601421.0,preminger otto motion picture producer and director actor actress,['Film & Theater']
99145819801421.0,preminger otto motion picture producer and director actor actress,['Film & Theater']
9927487398601420.0,ray satyajit motion picture producer and director,['Film & Theater']
99116040601421.0,ray satyajit,[]
99140719701421.0,ray satyajit,[]
99205500501421.0,ray satyajit motion picture producer and director india criticism interpretation etc,['Film & Theater']
99205678001421.0,renoir jean,['Journalism & Politics']
9927712418901420.0,motion picture producer and director renoir jean france,"['Journalism & Politics', 'Film & Theater']"
9969229601421.0,renoir jean,['Journalism & Politics']
9928083685501420.0,motion picture producer and director riefenstahl leni,['Film & Theater']
99134328001421.0,riefenstahl leni motion picture producer and director,['Film & Theater']
9969697401421.0,riefenstahl leni motion picture producer and director,['Film & Theater']
9986607001421.0,riefenstahl leni motion picture producer and director national socialism woman,"['Modernism & Postmodernism', 'Film & Theater']"
99140717201421.0,riefenstahl leni motion picture producer and director,['Film & Theater']
9927597495001420.0,rodriguez,[]
9927683701701420.0,rohmer motion picture producer and director france,['Film & Theater']
99143768301421.0,rohmer,[]
9928390516701420.0,romero george horror film motion picture producer and director united states biography horror gothic supernatural,"['Film & Theater', 'Horror & Mystery']"
9969738701421.0,rossellini roberto,[]
9924632800001420.0,rothafel samuel lionel motion picture theater owner radio broadcaster businessman industry,"['Film & Theater', 'Broadcasting & Television']"
9969227601421.0,russell ken motion picture,[]
99207370201421.0,sayle,[]
9924597490001420.0,sayle,[]
9927882467401420.0,motion picture producer and director schroeter werner germany,['Film & Theater']
99145058801421.0,scorsese martin,['Journalism & Politics']
99119268901421.0,scorsese martin man motion picture,"['Journalism & Politics', 'Mass Media & Communication']"
99201325701421.0,scorsese martin niro,['Journalism & Politics']
99274686601421.0,soderbergh steven motion picture producer and director,['Film & Theater']
9927992936501420.0,cinematographer motion picture producer and director united states sonnenfeld barry biography autobiography,['Film & Theater']
99219515701421.0,sorrentino paolo,[]
9927686200901420.0,spielberg steven child motion picture children juvenile young,['Children & Young Adult']
99207532101421.0,spielberg steven,[]
9927732312301420.0,spielberg steven motion picture producer and director jews united states biography,"['Holocaust & Jewish Studies', 'Film & Theater']"
9927494257001420.0,spielberg steven,[]
9956569601421.0,spielberg steven motion picture producer and director,['Film & Theater']
9928341359701420.0,sturge preston comedy film motion picture producer and director screenwriter united states biography,"['Film & Theater', 'Mass Media & Communication']"
99201431001421.0,sturge preston,[]
9926610850001420.0,talbot toby daniel new yorker theater york motion picture owner,"['Journalism & Politics', 'Film & Theater']"
9928236598601420.0,tarantino quentin motion picture producer and director biographical comic_strip nonfiction graphic work novel,"['Comedy & Humor', 'Film & Theater']"
99220826201421.0,tarantino quentin,[]
99116063101421.0,tarantino quentin motion picture producer and director,['Film & Theater']
9927862199901420.0,arsenʹevich motion picture producer and director criticism interpretation etc,['Film & Theater']
99227564401421.0,tashlin frank film criticism interpretation etc,"['Broadcasting & Television', 'Documentary']"
9956615401421.0,tati jacque,['Gender & Sexuality Identity']
9958149001421.0,truffaut motion picture producer and director,['Film & Theater']
9927726509101420.0,truffaut criticism interpretation etc,[]
9926019030001420.0,truffaut double motion picture producer and director,['Film & Theater']
9927595698701420.0,truffaut,[]
99133539801421.0,truffaut henri pierre deux anglaises continent motion picture jules jim criticism interpretation etc,[]
99207532001421.0,ulmer edgar,[]
99207532501421.0,ulmer edgar,[]
9927453060001420.0,urban motion picture producer and director documentary film,"['Film & Theater', 'Documentary']"
9927881280401420.0,varda motion picture producer and director new wave film feminism france perform art criticism interpretation etc,['Film & Theater']
9928375690601420.0,varda woman motion picture producer and director photographer france biography,['Film & Theater']
9957098501421.0,visconti luchino,[]
9928430572501420.0,visconti luchino,[]
9927828195801420.0,wachowski lana lilly criticism interpretation etc,[]
9966901201421.0,wajda andrzej danton motion picture man iron marble,['Mass Media & Communication']
99227095901421.0,warhol andy,[]
99227165901421.0,warhol andy,[]
9927566536801420.0,weber lois motion picture producer and director woman the industry silent film,"['Poetry', 'Film & Theater']"
99227279001421.0,weir peter motion picture producer and director electronic book,"['Electronic & Digital Media', 'Film & Theater']"
9927665002001420.0,motion picture producer and director actor welle united states,['Film & Theater']
9927683702601420.0,welle motion picture producer and director actor united states,['Film & Theater']
9927806995901420.0,welle criticism interpretation etc,['Film & Theater']
99198615401421.0,welle rko radio picture electronic book,"['Electronic & Digital Media', 'Broadcasting & Television']"
99145981501421.0,welle motion picture producer and director,['Film & Theater']
99226079201421.0,wilder billy,[]
99228694401421.0,wong kar wai electronic book,['Electronic & Digital Media']
9965979601421.0,motion picture actor and actress,[]
9932364501421.0,godard jean luc,['Journalism & Politics']
9930942901421.0,columbia picture,[]
9932645801421.0,ufa motion picture industry,['Broadcasting & Television']
9943621201421.0,disney walt company popular culture intercultural communication,"['Journalism & Politics', 'Popular Culture & Media']"
9965437001421.0,disney walt company child film children juvenile young,"['Journalism & Politics', 'Children & Young Adult']"
9931131701421.0,eisner walt disney company,['Journalism & Politics']
9927828084001420.0,american international picture television firm motion program united states,['Broadcasting & Television']
99221757901421.0,columbia picture,[]
99141749401421.0,motion picture gainsborough studio austen jane sense and sensibility persuasion british broadcasting corporation,"['Broadcasting & Television', 'Film & Theater']"
9957111501421.0,gainsborough studio,['Film & Theater']
9928046698201420.0,marvel studio motion picture animation cinematography united states,"['Film & Theater', 'Comics & Graphic Novels']"
9928231854001420.0,marvel studio entertainment group motion picture building complex science fiction film superhero criticism,"['Science Fiction & Fantasy', 'Film & Theater', 'Comics & Graphic Novels']"
99225574501421.0,miramax film independent filmmaker united states filmproduktion hollywood usa,"['Film & Theater', 'Documentary']"
9927671902801420.0,rko radio picture,['Broadcasting & Television']
9926020180001420.0,ufa firm motion picture,['Popular Culture & Media']
99205208401421.0,universal film manufacture company woman motion picture producer and director,['Film & Theater']
9928129394001420.0,vitagraph company america motion picture studio industry brooklyn new york,"['Journalism & Politics', 'Film & Theater']"
9992067901421.0,walt disney company counterculture,['Journalism & Politics']
9928407438001420.0,walt disney company sex motion picture minority firma film geschichte motiv kunst rassenfrage,"['Journalism & Politics', 'Popular Culture & Media']"
9969587401421.0,walt disney company character motion picture,['Journalism & Politics']
99133254501421.0,walt disney company industrial management,"['Journalism & Politics', 'Film & Theater']"
9991515201421.0,walt disney company,['Journalism & Politics']
9928407667901420.0,walt disney company popular culture motion picture studio amusement park,"['Journalism & Politics', 'Popular Culture & Media']"
9928450583701420.0,disney walt company film adaptation english literature child and society criticism literary children juvenile young,"['Journalism & Politics', 'Film & Theater', 'Children & Young Adult']"
9967058901421.0,walt disney company popular culture,"['Journalism & Politics', 'Popular Culture & Media']"
9958683601421.0,walt disney company homosexuality and motion picture,['Journalism & Politics']
9927879658601420.0,walt disney animation studio woman animator the motion picture industry cinematography employee united states,"['Journalism & Politics', 'Film & Theater']"
9927674948301420.0,walt disney company film adaptation motion picture and literature,"['Journalism & Politics', 'Film & Theater']"
99207627301421.0,walt disney company,['Journalism & Politics']
9956251401421.0,walt disney company,['Journalism & Politics']
9928045786201420.0,motion picture animate film pixar firm walt disney production united states,"['Journalism & Politics', 'Popular Culture & Media']"
99111725301421.0,eisner walt disney company roy katzenberg jeffrey,['Journalism & Politics']
99148312301421.0,walt disney company motion picture industry television amusement park electronic book,"['Electronic & Digital Media', 'Journalism & Politics', 'Broadcasting & Television']"
9983046701421.0,warner bros picture national socialism and motion electronic book,"['Electronic & Digital Media', 'Modernism & Postmodernism']"
9927712439601420.0,warner bros picture motion studio producer and director biography,['Film & Theater']
99218727201421.0,theater,['Film & Theater']
99227139501421.0,literary style french literature,"['Gender & Sexuality Identity', 'Journalism & Politics']"
9956764501421.0,literary style language and,"['Poetry', 'Journalism & Politics']"
9928040996701420.0,english language literary style,"['Poetry', 'Journalism & Politics']"
9931757801421.0,theater drama,['Film & Theater']
9928145646701420.0,drama theater dictionary,['Film & Theater']
9965713301421.0,theater drama,['Film & Theater']
9928402647101420.0,theater,['Film & Theater']
9931493801421.0,theater,['Film & Theater']
9927611048501420.0,theater,['Film & Theater']
9931532401421.0,theater commedia,['Film & Theater']
9928402647001420.0,theater,['Film & Theater']
9943769401421.0,theater perform art postmodernism,"['Film & Theater', 'Popular Culture & Media']"
9927826306601420.0,theater act,['Film & Theater']
9927644008901420.0,theater and society audience,['Film & Theater']
9927827011901420.0,drama theater criticism interpretation etc,['Film & Theater']
9951859401421.0,theater drama,['Film & Theater']
9927896211001420.0,theater history,['Film & Theater']
9946911101421.0,act theater,['Film & Theater']
99111708201421.0,theater,['Film & Theater']
9931021901421.0,theater postmodernism,"['Film & Theater', 'Popular Culture & Media']"
9931863301421.0,theater dramatic criticism drama,['Film & Theater']
99133212401421.0,theater dramatic criticism,['Film & Theater']
9932161401421.0,theater,['Film & Theater']
9927787372101420.0,theater and society,['Film & Theater']
99147009901421.0,theater fantastic the literature fantasy drama,"['Science Fiction & Fantasy', 'Film & Theater']"
9944918601421.0,theater movement act audience,"['Journalism & Politics', 'Film & Theater']"
9932584201421.0,theater act,['Film & Theater']
9928076674901420.0,phenomenology theater perform art,['Film & Theater']
9928085280001420.0,perform art history,['Film & Theater']
9956919701421.0,theater,['Film & Theater']
9933845401421.0,theater,['Film & Theater']
9927714411901420.0,perform art amateur theater site specific,['Film & Theater']
9933218601421.0,theater and society,['Film & Theater']
99135207401421.0,theater,['Film & Theater']
9932974701421.0,theater and society perform art rite ceremony play electronic book,"['Electronic & Digital Media', 'Film & Theater']"
9928084381401420.0,theater discipline narration rhetoric performance art,"['Poetry', 'Film & Theater']"
9930443101421.0,theater,['Film & Theater']
99133212201421.0,theater and society,['Film & Theater']
9927693765401420.0,readability literary style grammar comparative and general criticism textual literature,"['Gender & Sexuality Identity', 'Journalism & Politics']"
9946898801421.0,theater act dance anthropology,"['Film & Theater', 'Modernism & Postmodernism']"
9931834601421.0,theater drama,['Film & Theater']
9946899401421.0,theater,['Film & Theater']
9932877301421.0,theater semiotic,['Film & Theater']
9932135201421.0,theater semiotics and literature,['Film & Theater']
9943535901421.0,theater drama,['Film & Theater']
9945392701421.0,theater,['Film & Theater']
9965218301421.0,theater,['Film & Theater']
9957073401421.0,theater anthropology art semiotics and the,['Film & Theater']
9928077990301420.0,perform art theater,['Film & Theater']
9928085278001420.0,body image the theater history informational work,"['Comedy & Humor', 'Film & Theater']"
9927643903001420.0,theater and globalization society perform art urban ecology sociology,['Film & Theater']
9928091167201420.0,theater and the internet digital medium technology art canada,"['Film & Theater', 'Documentary']"
99134334401421.0,mass medium and theater,"['Film & Theater', 'Mass Media & Communication']"
9994779601421.0,theater audience and society,['Film & Theater']
9932483101421.0,theater and state,['Film & Theater']
9991229301421.0,theater drama,['Film & Theater']
99116884501421.0,theater and state nationalism,['Film & Theater']
9927521312101420.0,national characteristic the theater and state nationalism literature,"['Film & Theater', 'Modernism & Postmodernism']"
9930917501421.0,theater english drama,['Film & Theater']
9958221301421.0,government aid the theater theatrical company and society,"['Science Fiction & Fantasy', 'Film & Theater']"
99205467101421.0,theater and state censorship,"['Journalism & Politics', 'Film & Theater']"
99142440801421.0,theater and state national socialism german drama,"['Film & Theater', 'Modernism & Postmodernism']"
9928084381101420.0,perform art theater and society berlin germany cultural policy,['Film & Theater']
9996191601421.0,theater and state english language,"['Poetry', 'Film & Theater']"
9990383501421.0,theater,['Film & Theater']
9927787215601420.0,prynne collier jeremy home richmond theater finley karen miller tim national endowment for the art short view immorality and profaneness english stage society censorship culture conflict social great britain united states case study history,"['Film & Theater', 'Popular Culture & Media', 'Mass Media & Communication']"
9927529607501420.0,theater,['Film & Theater']
9934404101421.0,theater religion and drama intercultural communication literature european mexico,"['Film & Theater', 'Popular Culture & Media', 'Modernism & Postmodernism']"
9927786712001420.0,aesthetic theater and society aufsatzsammlung,['Film & Theater']
9965768301421.0,theater and society perform art intercultural communication,"['Film & Theater', 'Popular Culture & Media']"
9942921401421.0,boal augusto theater,['Film & Theater']
9931024101421.0,theater experimental drama political play,"['Film & Theater', 'Broadcasting & Television']"
9957057901421.0,theater street worker demonstration,['Film & Theater']
9995738401421.0,drama genre theater and society,"['Film & Theater', 'Documentary']"
9970016701421.0,theater,['Film & Theater']
99199656001421.0,theater and society,['Film & Theater']
9991183301421.0,theater playwrite,['Film & Theater']
9990134901421.0,theater,['Film & Theater']
9926670940001420.0,theater,['Film & Theater']
9927827012701420.0,theater management,['Film & Theater']
9928091385001420.0,theater theatrical producer and director perform art,['Film & Theater']
9927826306301420.0,theater,['Film & Theater']
99218488001421.0,theater management,['Film & Theater']
9928083676501420.0,stagehand theater,['Film & Theater']
9995671501421.0,theater,['Film & Theater']
9928091384801420.0,theater leadership handbook and manual,"['Journalism & Politics', 'Film & Theater']"
9990386101421.0,theater drama,['Film & Theater']
9951846701421.0,theater drama,['Film & Theater']
9928091384601420.0,theater,['Film & Theater']
9928076976301420.0,perform art dramaturge,['Film & Theater']
9927588690501420.0,theater dramaturge,['Film & Theater']
9990430701421.0,theater motion picture television act,"['Film & Theater', 'Broadcasting & Television']"
9928091384401420.0,theater,['Film & Theater']
9927858292501420.0,dramaturge theater,['Film & Theater']
9994778901421.0,theater management,['Film & Theater']
9928091385301420.0,act brecht bertolt theater,['Film & Theater']
9927688115901420.0,act,[]
9929171801421.0,act,[]
9943501001421.0,theater and state,['Film & Theater']
9991167601421.0,act african americans the perform art american theater ward douglas turner actor,['Film & Theater']
9927470503001420.0,act experimental theater,['Film & Theater']
99140713601421.0,act,[]
9927719393201420.0,act african american actor americans the perform art,['Film & Theater']
9958220801421.0,act method,['Gender & Sexuality Identity']
9927575012501420.0,act,[]
9927686202001420.0,act,[]
9957487201421.0,act,[]
9990377601421.0,act,[]
99219099401421.0,act,[]
9958224701421.0,act,[]
9927468913701420.0,act,[]
9928071323101420.0,act phenomenology,[]
9957680101421.0,act theater,['Film & Theater']
99143061601421.0,act,[]
99215724401421.0,act,[]
9989523301421.0,act,[]
9928085281501420.0,act movement,['Journalism & Politics']
99207557901421.0,act improvisation acting,['Film & Theater']
9958221501421.0,psacharopoulos nikos act,[]
9946897301421.0,act,[]
9925477160001420.0,act,[]
9927838512201420.0,chekhov act,[]
99207253601421.0,act theater,['Film & Theater']
9927556296701420.0,act,[]
9928071323401420.0,performance art act aesthetic human body philosophy perform,"['Gender & Sexuality Identity', 'Film & Theater']"
9925824670001420.0,gister earle method act,['Gender & Sexuality Identity']
9928235342801420.0,gister earle method act,['Gender & Sexuality Identity']
9957058101421.0,stanislavsky konstantin method act,['Gender & Sexuality Identity']
9928077990401420.0,method act teacher history informational work,"['Gender & Sexuality Identity', 'Comedy & Humor', 'Broadcasting & Television']"
9927719312001420.0,method act american drama,"['Gender & Sexuality Identity', 'Film & Theater']"
9928071324001420.0,method act,['Gender & Sexuality Identity']
99203722201421.0,method act theater stanislavsky konstantin,"['Gender & Sexuality Identity', 'Film & Theater']"
9933395001421.0,chekhov anton pavlovich method act character and characteristic literature,"['Gender & Sexuality Identity', 'Electronic & Digital Media']"
9928292059001420.0,method act motion picture acting actor and actress audience united states history,['Gender & Sexuality Identity']
99147121201421.0,method act stanislavsky konstantin,['Gender & Sexuality Identity']
9927827001501420.0,costume,['Modernism & Postmodernism']
9927827001201420.0,costume,['Modernism & Postmodernism']
9928085280501420.0,costume design,['Modernism & Postmodernism']
99227082501421.0,costume design,['Modernism & Postmodernism']
9927556287401420.0,costume,['Modernism & Postmodernism']
9928084383201420.0,costume performance,"['Film & Theater', 'Modernism & Postmodernism']"
99226717301421.0,costume hading jane elsie lily burke billie theater fashion,"['Film & Theater', 'Modernism & Postmodernism']"
99198337701421.0,costume design draw,['Modernism & Postmodernism']
9931886001421.0,theatrical makeup act,['Film & Theater']
9928910001421.0,persuasion rhetoric psychology,"['Poetry', 'Science Fiction & Fantasy']"
9942925201421.0,niedzialkowski stefan mime,[]
9945036601421.0,impersonation female impersonator,['Journalism & Politics']
9942921001421.0,impersonation theater cross dressing female impersonator male and society sex role literature feminism,"['Gender & Sexuality Identity', 'Journalism & Politics', 'Film & Theater', 'Popular Culture & Media']"
9943465201421.0,impersonation satire,['Broadcasting & Television']
9942919201421.0,improvisation acting stand comedy,"['Comedy & Humor', 'Broadcasting & Television']"
9942922901421.0,movement act dance notation,"['Journalism & Politics', 'Modernism & Postmodernism']"
9946898401421.0,movement act,['Journalism & Politics']
9932398601421.0,theater rehearsal,['Film & Theater']
9942921901421.0,theater rehearsal act,['Film & Theater']
9927556311601420.0,act,[]
9928085280901420.0,audition minority the perform art african americans act united states instructional and educational work education teaching,"['Comedy & Humor', 'Electronic & Digital Media', 'Film & Theater']"
99111831401421.0,act,[]
9927686202101420.0,act comedy,['Comedy & Humor']
9926760950001420.0,act comedy,['Comedy & Humor']
99116062601421.0,act english language,['Poetry']
99206830801421.0,english language act,['Poetry']
99227138001421.0,english language voice culture,"['Poetry', 'Journalism & Politics', 'Popular Culture & Media']"
9927556284401420.0,communication mime,['Popular Culture & Media']
9928150658801420.0,theater clown mime history,['Film & Theater']
9958787201421.0,breech part male impersonator impersonation theater,"['Journalism & Politics', 'Film & Theater']"
9928084381201420.0,drag king male impersonator gender expression southern state history,"['Comedy & Humor', 'Journalism & Politics']"
99116040401421.0,impersonation female impersonator male gender identity,"['Holocaust & Jewish Studies', 'Journalism & Politics']"
9928085281201420.0,creative ability business employee improvisation acting,"['Journalism & Politics', 'Film & Theater']"
9928090236101420.0,improvisation acting,['Film & Theater']
9927556303401420.0,improvisation acting music perform art,"['Gender & Sexuality Identity', 'Film & Theater']"
9928095973001420.0,improvisation acting handbook interview and manual,"['Journalism & Politics', 'Film & Theater']"
9928090236001420.0,improvisation acting,['Film & Theater']
9927803372001420.0,stand comedy improvisation acting united states nonfiction history routine,"['Comedy & Humor', 'Broadcasting & Television']"
99206435501421.0,mask maker theater perform art,['Film & Theater']
9956301201421.0,mask theater,['Film & Theater']
99128844301421.0,mask theater folk drama indic,['Film & Theater']
9928071322801420.0,movement act aesthetic case study,['Journalism & Politics']
99219096901421.0,movement act mime aesthetic,['Journalism & Politics']
9984520401421.0,movement act,['Journalism & Politics']
9925478270001420.0,movement act actor,['Journalism & Politics']
9927556408901420.0,act emotion,['Broadcasting & Television']
99226038501421.0,act realization,[]
9928084383401420.0,act alexander technique,[]
9928085280801420.0,act theater rehearsal,['Film & Theater']
9928076166101420.0,theater rehearsal,['Film & Theater']
9928084381701420.0,act theater rehearsal,['Film & Theater']
99134487801421.0,actress theater and society,['Film & Theater']
99116062501421.0,act voice culture audiobook,"['Journalism & Politics', 'Popular Culture & Media']"
9928085277501420.0,voice training act culture,"['Journalism & Politics', 'Popular Culture & Media']"
99219099301421.0,act voice culture,"['Journalism & Politics', 'Popular Culture & Media']"
99219097701421.0,voice culture sing act,"['Journalism & Politics', 'Popular Culture & Media']"
9956780101421.0,theater,['Film & Theater']
9928085279901420.0,set designer stage management theater,['Film & Theater']
9927556291001420.0,act alexander technique,[]
9927823999401420.0,theater,['Film & Theater']
9928083675901420.0,theater computer the,"['Journalism & Politics', 'Film & Theater']"
9928411801701420.0,act,[]
9928084380501420.0,shakespeare shakespearean actor and actress act meisner sanford theater,['Film & Theater']
9928085279001420.0,mainstreame education drama inclusive education teaching,['Film & Theater']
99205230201421.0,act,[]
9927556308701420.0,act,[]
99227069101421.0,act theater russians great britain,['Film & Theater']
99147564501421.0,stanislavsky konstantin sankt teatralʹnogo iskusstva act electronic book,['Electronic & Digital Media']
9969565001421.0,actors studio new york,"['Journalism & Politics', 'Film & Theater']"
99220540701421.0,monologue drama man,"['Gender & Sexuality Identity', 'Film & Theater']"
99220540801421.0,monologue drama woman,"['Gender & Sexuality Identity', 'Film & Theater']"
9988078301421.0,monologue act,['Gender & Sexuality Identity']
9945176001421.0,act monologue,['Gender & Sexuality Identity']
9966825701421.0,monologue french act,['Gender & Sexuality Identity']
9987851901421.0,monologue act american drama man,"['Gender & Sexuality Identity', 'Film & Theater']"
9987852001421.0,monologue act american drama woman,"['Gender & Sexuality Identity', 'Film & Theater']"
9927826912701420.0,monologue act man,['Gender & Sexuality Identity']
9945174501421.0,act dialogue,['Popular Culture & Media']
99116063501421.0,monologue drama young man act,"['Gender & Sexuality Identity', 'Film & Theater', 'Children & Young Adult']"
9957487301421.0,act dialogue english drama,"['Film & Theater', 'Popular Culture & Media']"
99207072201421.0,act dialogue english drama american,"['Film & Theater', 'Popular Culture & Media']"
9945175101421.0,act monologue american drama woman,"['Gender & Sexuality Identity', 'Film & Theater']"
9928216079801420.0,monologue english act actor black actress drama,"['Gender & Sexuality Identity', 'Film & Theater', 'Broadcasting & Television']"
99145223601421.0,act monologue drama,"['Gender & Sexuality Identity', 'Film & Theater']"
9927880412401420.0,drama american monologue transgender people writing,"['Gender & Sexuality Identity', 'Journalism & Politics', 'Film & Theater']"
99140752901421.0,act dialogue,['Popular Culture & Media']
99111833701421.0,dialogue monologue act,"['Gender & Sexuality Identity', 'Popular Culture & Media']"
9927673753001420.0,monologue act sexual minority comedy sketch,"['Gender & Sexuality Identity', 'Comedy & Humor', 'Electronic & Digital Media']"
9945175201421.0,monologue act,['Gender & Sexuality Identity']
9994779101421.0,monologue act man,['Gender & Sexuality Identity']
9994779201421.0,monologue act woman,['Gender & Sexuality Identity']
9927527910901420.0,monologue act woman,['Gender & Sexuality Identity']
9984840601421.0,monologue act american drama man,"['Gender & Sexuality Identity', 'Film & Theater']"
9945175901421.0,act monologue literature modern,['Gender & Sexuality Identity']
99111834101421.0,monologue act american drama woman,"['Gender & Sexuality Identity', 'Film & Theater']"
9927523492301420.0,act monologue african american actor,['Gender & Sexuality Identity']
9927527910701420.0,monologue act man american drama,"['Gender & Sexuality Identity', 'Film & Theater']"
99112787401421.0,act american drama english monologue,"['Gender & Sexuality Identity', 'Film & Theater']"
99133317701421.0,monologue english,['Gender & Sexuality Identity']
9945175601421.0,act drama,['Film & Theater']
99220540401421.0,monologue act drama,"['Gender & Sexuality Identity', 'Film & Theater']"
9958221601421.0,act english drama american,['Film & Theater']
9927527910801420.0,monologue act wit and humor comedy humor,['Comedy & Humor']
9927556292101420.0,stage management theater,['Film & Theater']
99111644501421.0,stage management theater,['Film & Theater']
9928076165501420.0,theater perform art,['Film & Theater']
9928090235901420.0,stage management theater,['Film & Theater']
99220203201421.0,theater,['Film & Theater']
9928076165901420.0,theater geschichte bibliografie,['Film & Theater']
9928287945701420.0,chambord loir cher france opera costume chateau francia decoracion teatro indumentaria exhibition catalog,"['Modernism & Postmodernism', 'Film & Theater']"
9931092701421.0,theater scene paint constructivism art,['Film & Theater']
9965220101421.0,theater,['Film & Theater']
9965251801421.0,theater,['Film & Theater']
9965271601421.0,theater,['Film & Theater']
9927826912601420.0,stage lighting,['Film & Theater']
9967082901421.0,stage lighting,['Film & Theater']
9928090236801420.0,stage fly machinery management theater handbook and manual,"['Journalism & Politics', 'Film & Theater']"
9927470499601420.0,electronic book theater experimental avant garde aesthetic,"['Electronic & Digital Media', 'Film & Theater', 'Holocaust & Jewish Studies']"
99227116401421.0,theater,['Film & Theater']
99205374401421.0,theater set designer theatrical producer and director,['Film & Theater']
9927903302801420.0,theater handbook and manual,"['Journalism & Politics', 'Film & Theater']"
9928091384501420.0,theater,['Film & Theater']
9927732890501420.0,stage prop theater,['Film & Theater']
99220192701421.0,theater stage prop,['Film & Theater']
99201431201421.0,theater costume design stage lighting draw,"['Film & Theater', 'Modernism & Postmodernism']"
9927826910801420.0,theater,['Film & Theater']
9965251701421.0,set designer theater,['Film & Theater']
99220203401421.0,schlemmer oskar theater bauhaus,['Film & Theater']
9927823999301420.0,theater united states,['Film & Theater']
9927470501201420.0,theater,['Film & Theater']
9927529605301420.0,theater,['Film & Theater']
9951921101421.0,theater,['Film & Theater']
99215536701421.0,discourse analysis narrative fiction motion picture and literature narration rhetoric postcolonialism the art electronic book,"['Poetry', 'Electronic & Digital Media']"
9957074001421.0,narration rhetoric,['Poetry']
99228819601421.0,narration the rhetoric,['Poetry']
9978907001421.0,narration rhetoric law and literature,['Poetry']
99140667801421.0,narration rhetoric,['Poetry']
9927823088801420.0,narration rhetoric,['Poetry']
9931529001421.0,narration rhetoric fiction motion picture play and literature,['Poetry']
9931912601421.0,narration rhetoric transmission text,['Poetry']
99117039001421.0,narration rhetoric literature,['Poetry']
9928438371201420.0,authorship creative writing narration rhetoric local author problem and exercise,"['Poetry', 'Journalism & Politics']"
9944776701421.0,lacan jacque narration rhetoric geometry,"['Gender & Sexuality Identity', 'Poetry']"
9957037301421.0,narration rhetoric discourse analysis narrative literature,['Poetry']
9944510901421.0,narration rhetoric time literature slavic,"['Gender & Sexuality Identity', 'Poetry']"
99146955401421.0,narration rhetoric mass medium,"['Poetry', 'Mass Media & Communication']"
9927821713901420.0,narration rhetoric,['Poetry']
99227275401421.0,narration rhetoric,['Poetry']
9931601901421.0,narration rhetoric discourse analysis psycholinguistic thought and think consciousness,['Poetry']
9931703201421.0,opening rhetoric narration epic poetry fiction,"['Poetry', 'Modernism & Postmodernism']"
9944865501421.0,narration rhetoric,['Poetry']
99145316201421.0,fiction chaotic behavior system literature narration rhetoric,['Poetry']
9956309701421.0,narration rhetoric fiction ideology and literature,['Poetry']
9980694001421.0,narration rhetoric literature and science religion,"['Poetry', 'Film & Theater']"
9984203801421.0,narration rhetoric deconstruction postmodernism literature,"['Gender & Sexuality Identity', 'Poetry', 'Popular Culture & Media']"
99150110801421.0,human body literature narration rhetoric,"['Poetry', 'Film & Theater']"
9927569713601420.0,history mimesis literature narration rhetoric plot drama novel etc time,"['Poetry', 'Documentary']"
9943606001421.0,narration rhetoric literature fiction subject philosophy,"['Gender & Sexuality Identity', 'Poetry', 'Documentary']"
9931208301421.0,narration rhetoric ideology and literature,['Poetry']
9932132001421.0,narration rhetoric plot drama novel etc,"['Poetry', 'Documentary']"
9944780901421.0,narration rhetoric,['Poetry']
9927823123101420.0,theater act apply anthropology material culture,"['Film & Theater', 'Popular Culture & Media']"
99199478301421.0,drama medieval theater violence the intention literature,['Film & Theater']
99111404401421.0,theater and society,['Film & Theater']
9944478301421.0,theater europe,['Film & Theater']
9928085277701420.0,disability the theater english drama literature england criticism interpretation etc history,['Film & Theater']
9974981401421.0,rhetoric ancient kairos the greek word,"['Gender & Sexuality Identity', 'Poetry']"
9927956014001420.0,fiction plot drama novel etc,['Documentary']
9932543801421.0,theater,['Film & Theater']
99142728801421.0,theater drama film adaptation television,"['Film & Theater', 'Broadcasting & Television']"
9944801901421.0,theater dadaism surrealism experimental,"['Film & Theater', 'Modernism & Postmodernism']"
9927787372301420.0,theater history,['Film & Theater']
9927803371101420.0,theater popular culture nineteen sixty history,"['Science Fiction & Fantasy', 'Film & Theater', 'Popular Culture & Media']"
9927644008701420.0,theater drama architecture site specific,['Film & Theater']
99142728601421.0,theater drama film adaptation television,"['Film & Theater', 'Broadcasting & Television']"
9927787372001420.0,theater and society history,['Film & Theater']
9929067301421.0,theater audience,['Film & Theater']
9956270401421.0,experimental theater drama,['Film & Theater']
9943140101421.0,experimental theater drama postmodernism literature deconstruction and society,"['Gender & Sexuality Identity', 'Film & Theater', 'Popular Culture & Media']"
9930754501421.0,experimental theater drama postmodernism literature,"['Film & Theater', 'Popular Culture & Media']"
9927686201701420.0,theater audience,['Film & Theater']
9986612901421.0,theater audience drama,['Film & Theater']
9927787371901420.0,theater architecture audience,['Film & Theater']
99206826101421.0,experimental theater perform art avant garde aesthetic,"['Holocaust & Jewish Studies', 'Film & Theater']"
99205466501421.0,experimental theater,['Film & Theater']
99135964601421.0,experimental theater avant garde aesthetic,"['Holocaust & Jewish Studies', 'Film & Theater']"
9927556285401420.0,digital medium experimental theater technology and the art,"['Film & Theater', 'Documentary']"
99139865801421.0,brus muehl otto nitsch hermann schwarzkogler rudolf experimental theater art modern vienna actionist,['Film & Theater']
9927880412301420.0,experimental theater performance art perform playwrite,['Film & Theater']
9927880412501420.0,ensemble theater experimental improvisation acting,['Film & Theater']
9928085280201420.0,experimental theater improvisation acting act perform art,['Film & Theater']
99127759101421.0,experimental theater for deaf people,['Film & Theater']
9927877300301420.0,experimental theater and society avant garde aesthetic brazil mexico,"['Holocaust & Jewish Studies', 'Film & Theater']"
9928083676601420.0,drama theater european modernism literature aesthetic baroque criticism interpretation etc history,"['Film & Theater', 'Modernism & Postmodernism']"
9943963501421.0,bibliography book industry and trade read library science literacy,"['Science Fiction & Fantasy', 'Holocaust & Jewish Studies', 'Broadcasting & Television']"
99128729201421.0,invention rhetoric discourse analysis,['Poetry']
9932203601421.0,theater indigenous people indian drama sami inuit european eskimo,"['Film & Theater', 'Modernism & Postmodernism']"
9928234757901420.0,theater open air perform art,['Film & Theater']
99205580301421.0,american drama theater,['Film & Theater']
9967081701421.0,theater american drama,['Film & Theater']
99226920101421.0,theater,['Film & Theater']
99199410501421.0,theater,['Film & Theater']
9942980801421.0,theater american drama,['Film & Theater']
9933505901421.0,theater and society,['Film & Theater']
9930896801421.0,theater american drama,['Film & Theater']
9951891801421.0,theater united states,['Film & Theater']
9988518701421.0,theater american drama,['Film & Theater']
99146812601421.0,theater american drama and society nationalism literature national characteristic patriotism united states,"['Film & Theater', 'Modernism & Postmodernism']"
9988317401421.0,perform art united states history,['Film & Theater']
9942428501421.0,act theater,['Film & Theater']
99219097901421.0,theater american drama frontier and pioneer life literature,"['Poetry', 'Film & Theater']"
99199519001421.0,perform art,['Film & Theater']
9931820101421.0,theater and society melodrama american drama,['Film & Theater']
9927827001101420.0,theater and society antislavery movement violence literature united states history,"['Journalism & Politics', 'Film & Theater']"
9928049797101420.0,theater breech part child actor fisher clara lander american drama english commonwealth country england united states children juvenile young,"['Film & Theater', 'Children & Young Adult']"
9927719392401420.0,theater american drama masculinity the united states criticism interpretation etc history,"['Film & Theater', 'Popular Culture & Media']"
9965705801421.0,theater american drama,['Film & Theater']
9927472911901420.0,theater united states history,['Film & Theater']
9956715201421.0,theater american drama gay actor aids disease literature,"['Gender & Sexuality Identity', 'Film & Theater']"
9927719392901420.0,theater and society american drama ethnicity the minority literature race relation united states,"['Journalism & Politics', 'Film & Theater']"
9927719392301420.0,civil war spain theater literature public opinion and united states history,"['Journalism & Politics', 'Film & Theater', 'Modernism & Postmodernism']"
9956602201421.0,theater american drama,['Film & Theater']
99200072501421.0,theater,['Film & Theater']
9965270801421.0,theater american drama and society,['Film & Theater']
9928077990801420.0,theater united states history,['Film & Theater']
9930943101421.0,theater american drama,['Film & Theater']
99134064201421.0,theater,['Film & Theater']
99118684601421.0,theater,['Film & Theater']
9987583101421.0,theater,['Film & Theater']
99199559901421.0,theater and society american drama national characteristic literature nationalism cultural pluralism,"['Film & Theater', 'Modernism & Postmodernism']"
99219098101421.0,theater political play american english drama war terrorism literature patriotism dissenter september terrorist attack,"['Film & Theater', 'Broadcasting & Television']"
9929092301421.0,spolin viola cage wooster group experimental theater act,['Film & Theater']
99146793101421.0,figure speech literature european,"['Modernism & Postmodernism', 'Broadcasting & Television']"
9958102201421.0,african american theater actor,['Film & Theater']
9943118101421.0,feminism and theater lesbianism feminist sex role criticism,"['Gender & Sexuality Identity', 'Popular Culture & Media']"
9933779601421.0,feminist theater feminism and african american woman the,"['Gender & Sexuality Identity', 'Film & Theater']"
9968252701421.0,american drama african theater americans literature criticism interpretation etc,['Film & Theater']
9927686198601420.0,theater african american civil right movement harlem new york intellectual life state united states,['Journalism & Politics']
9927719393101420.0,african american theater perform art americans civil right movement the united states history,"['Journalism & Politics', 'Film & Theater']"
9943653001421.0,african american theater drama,['Film & Theater']
9990134501421.0,african american theater drama,['Film & Theater']
9927556311301420.0,african americans the perform art race discrimination white blackface entertainer racism popular culture slavery relation northeastern state united states,"['Journalism & Politics', 'Popular Culture & Media']"
9989312201421.0,african american theater black drama,"['Film & Theater', 'Broadcasting & Television']"
9927743713201420.0,african americans the perform art american theater drama broadway new york state criticism interpretation etc history,"['Journalism & Politics', 'Film & Theater']"
9927619307101420.0,african american theater americans the perform art,['Film & Theater']
9927827000701420.0,african american theater drama religion literature criticism interpretation etc history,"['Film & Theater', 'Popular Culture & Media']"
99119271401421.0,perform art african americans the united states,['Film & Theater']
99133241401421.0,african american theater drama,['Film & Theater']
9928311027801420.0,american drama comedy federal theatre project work literature united states criticism interpretation etc,"['Comedy & Humor', 'Film & Theater']"
9927719392801420.0,carolina playmaker federal theatre project theater and society,['Film & Theater']
99216494801421.0,federal theatre project theater and society national characteristic american,"['Film & Theater', 'Modernism & Postmodernism']"
9988174801421.0,federal theatre project,['Film & Theater']
9988360601421.0,federal theatre project theater,['Film & Theater']
9956389401421.0,feminist theater feminism and woman the,"['Gender & Sexuality Identity', 'Film & Theater']"
9968542501421.0,gay theater feminist and lesbian study woman,"['Gender & Sexuality Identity', 'Film & Theater']"
9981422701421.0,gay theater,"['Gender & Sexuality Identity', 'Film & Theater']"
9986042301421.0,gay theater american drama man writing homosexuality literature sex role,"['Gender & Sexuality Identity', 'Film & Theater', 'Popular Culture & Media']"
9924632890001420.0,gay theater homosexuality and the perform art,"['Gender & Sexuality Identity', 'Film & Theater']"
9980956501421.0,hispanic american theater african ethnic,"['Film & Theater', 'Modernism & Postmodernism']"
9966672801421.0,hispanic american theater woman the drama spanish,['Film & Theater']
99226923701421.0,hispanic american theater latin drama woman literature americans gender identity human body,"['Gender & Sexuality Identity', 'Holocaust & Jewish Studies', 'Film & Theater']"
9957598101421.0,hispanic american theater americans motion picture literature,['Film & Theater']
9970923201421.0,hispanic american theater woman the one person show perform art drama spanish,['Film & Theater']
9927673752701420.0,wow café theatre new york lesbian theater feminist experimental state,"['Gender & Sexuality Identity', 'Journalism & Politics', 'Film & Theater']"
99116040901421.0,mexican american theater hispanic drama spanish woman literature lesbian mexicain espagnol latino dan lesbienne,"['Gender & Sexuality Identity', 'Film & Theater']"
9927732512301420.0,comedian comedy group identity racism sexism,"['Comedy & Humor', 'Journalism & Politics', 'Film & Theater']"
99205503901421.0,perform art imperialism popular culture theater propaganda appalachian region,"['Film & Theater', 'Popular Culture & Media', 'Modernism & Postmodernism']"
9927556387701420.0,theater historic building perform art amusement dallas tex,['Film & Theater']
9931022101421.0,kalfin chelsea theater center new york,"['Journalism & Politics', 'Film & Theater']"
9974213601421.0,perform art amusement atlanta,['Film & Theater']
9928083676401420.0,theater experimental and society illinois history,['Film & Theater']
99145316401421.0,guthrie theater,['Film & Theater']
9927834913801420.0,theater and society louisiana creole drama history,['Film & Theater']
9927676942401420.0,theater domestic space the labor literature woman new york state,"['Gender & Sexuality Identity', 'Journalism & Politics']"
99135071701421.0,astor place riot new york forrest edwin macready theater shakespeare,"['Journalism & Politics', 'Film & Theater']"
9990107301421.0,off broadway theater american drama,['Film & Theater']
9994778601421.0,theater,['Film & Theater']
99198175701421.0,theater musical,"['Film & Theater', 'Broadcasting & Television']"
9957056901421.0,theater entertainer,['Film & Theater']
9927827012001420.0,theater and society broadway new york state united states history,"['Journalism & Politics', 'Film & Theater']"
99149197901421.0,theater,['Film & Theater']
9928090235001420.0,theater broadway new york state history,"['Journalism & Politics', 'Film & Theater']"
9927827000901420.0,fox te apollo theater new york street african american entertainer music hall variety cabaret etc harlem building state comic_strip graphic work adaptation comic book strip novel history,"['Gender & Sexuality Identity', 'Comics & Graphic Novels']"
9927556412001420.0,theater broadway new york,"['Journalism & Politics', 'Film & Theater']"
9927497198001420.0,theater eugene center,['Film & Theater']
9933844901421.0,metaphor literary form symbolism literature,"['Film & Theater', 'Documentary']"
99172894301421.0,metaphor empathy electronic book,['Electronic & Digital Media']
9965752801421.0,metaphor,[]
9927556310901420.0,comedian vaudeville united states,['Film & Theater']
9957056201421.0,shubert lee sam jacob schubert family organization theater theatrical producer and director,['Film & Theater']
9927611501701420.0,theatrical producer and director dramatist american theater,['Film & Theater']
9928035391401420.0,motion picture actor and actress character characteristic united states biography,['Electronic & Digital Media']
9933406101421.0,motion picture actor and actress western film,['Film & Theater']
9933356101421.0,booth family wilke edwin junius brutus lincoln abraham actor,['Children & Young Adult']
9958063001421.0,woman entertainer motion picture television,"['Film & Theater', 'Broadcasting & Television']"
9928083677801420.0,actor theater audience theatrical producer and director pandemic society personal correspondence,['Film & Theater']
9966560001421.0,african american entertainer,['Film & Theater']
99134110401421.0,african american comedians biography,[]
99133251501421.0,african american comedians wit and humor comedy humor,['Comedy & Humor']
99145980701421.0,gay motion picture actor and actress bohemianism hollywood los angeles calif,"['Gender & Sexuality Identity', 'Documentary']"
9927994212301420.0,mania greg comedian gay man united states,"['Gender & Sexuality Identity', 'Comedy & Humor', 'Film & Theater']"
9970309501421.0,gay motion picture actor and actress producer director,"['Gender & Sexuality Identity', 'Film & Theater']"
99133314701421.0,actress impresario,[]
9945174401421.0,bogart anne,[]
9931689601421.0,booth junius brutus actor,[]
9944315501421.0,brando marlon actor motion picture and actress,[]
9965219601421.0,chaikin open theater act actor,['Film & Theater']
9942842501421.0,field lew theater comedian,['Film & Theater']
9932527701421.0,hall adrian theater,"['Gender & Sexuality Identity', 'Film & Theater']"
9931021801421.0,hepburn katharine motion picture actor and actress,[]
9945317301421.0,hepburn katharine houghton family motion picture actor and actress,['Children & Young Adult']
9951844401421.0,monroe marilyn popular culture motion picture,['Popular Culture & Media']
9943435001421.0,reagan ronald warner bros picture motion industry,['Broadcasting & Television']
9942752401421.0,roger will entertainer humorist american comedy humor,"['Comedy & Humor', 'Film & Theater']"
9965449801421.0,wayne motion picture actor and actress,[]
9956288301421.0,mae sex the perform art,"['Film & Theater', 'Popular Culture & Media']"
9957723901421.0,adler jacob jewish actor theater yiddish,"['Holocaust & Jewish Studies', 'Film & Theater']"
9927556304601420.0,adler stella act teacher method,"['Gender & Sexuality Identity', 'Broadcasting & Television']"
99224222401421.0,alda alan actor,[]
9927619312601420.0,allen woody motion picture producer and director actor actress comedian united states,['Film & Theater']
9927887314001420.0,allen woody comedian motion picture producer and director united states biography,['Film & Theater']
9927502660301420.0,anderson pamela,[]
9928447372401420.0,arnaz desi ball lucille cuban americans television actor and actress entertainer broadcasting personality cuba united states biography,"['Broadcasting & Television', 'Film & Theater']"
99135016801421.0,autry gene motion picture actor and actress singer,[]
99199563201421.0,berle milton comedian,['Film & Theater']
99208109201421.0,bogart humphrey motion picture actor and actress,[]
99199552401421.0,burns george comedian entertainer,['Film & Theater']
9985651901421.0,burstein pesach actor jewish theater yiddish,"['Holocaust & Jewish Studies', 'Film & Theater']"
99199496601421.0,cagney james,['Mass Media & Communication']
99199743901421.0,carlin george comedian,['Film & Theater']
99206708501421.0,carlin george comedian wade sally screenwriter,['Film & Theater']
99199506501421.0,chace rebecca vaudeville entertainer,['Film & Theater']
9959384101421.0,chaplin motion picture actor and actress,[]
9927556310601420.0,chaplin motion picture actor and actress comedian united states,['Film & Theater']
9925478340001420.0,chaplin music hall variety theater cabaret etc,['Gender & Sexuality Identity']
99199506401421.0,chaplin,[]
9927556310801420.0,chaplin shoulder arm motion picture great dictator monsieur verdoux war film comedy,['Mass Media & Communication']
99143646501421.0,chaplin,[]
99220919801421.0,chaplin keystone film company motion picture actor and actress,"['Journalism & Politics', 'Documentary']"
99148966801421.0,chaplin,[]
9988360301421.0,chaplin motion picture actor and actress comedian,['Film & Theater']
9924608740001420.0,colbert stephen united states political satire american,['Broadcasting & Television']
9966979001421.0,davis sammy entertainer united states biography autobiography,['Film & Theater']
9988128501421.0,davis sammy entertainer,['Film & Theater']
9988470001421.0,davis sammy entertainer african american,['Film & Theater']
99199557901421.0,dressler marie actor,[]
9928343174301420.0,dunne griffin actor autobiography literary work genre,"['Comedy & Humor', 'Documentary']"
9927807410801420.0,eastwood clint criticism interpretation etc biography,[]
99148463901421.0,fairbank douglas motion picture actor and actress,[]
9927461509801420.0,woman comedian television personality american wit and humor fey tina audiobook comedy humor,"['Comedy & Humor', 'Broadcasting & Television']"
99199574301421.0,fields comedian motion picture actor and actress,['Film & Theater']
9957735501421.0,foy eddie comedian,['Film & Theater']
99199506701421.0,gable clark motion picture actor and actress,[]
9957045301421.0,haine motion picture actor and actress gay man,"['Gender & Sexuality Identity', 'Comedy & Humor']"
9992096801421.0,hayworth rita motion picture actor and actress,[]
9985848401421.0,hope bob comedian,['Film & Theater']
99197032601421.0,jefferson actor theater,['Film & Theater']
99200264101421.0,jones james earl actor,['Mass Media & Communication']
9927803237701420.0,juroe press agent motion picture actor and actress celebrity united states biography history,"['Journalism & Politics', 'Mass Media & Communication']"
9927581498001420.0,kaling mindy actor adulthood conduct life united states,['Poetry']
9926680260001420.0,keaton buster motion picture actor and actress comedian,['Film & Theater']
99199571701421.0,keaton buster vaudeville,['Film & Theater']
9928440769701420.0,motion picture actor and actress body image woman beauty personal keaton diane united states autobiography,"['Gender & Sexuality Identity', 'Journalism & Politics']"
9928438768801420.0,keaton diane hall randy motion picture actor and actress sibling recluse family united states autobiography biography,"['Gender & Sexuality Identity', 'Children & Young Adult']"
99199553201421.0,langdon harry motion picture actor and actress,[]
99220337301421.0,langella frank actor celebrity,"['Broadcasting & Television', 'Mass Media & Communication']"
99119739201421.0,lawford christopher kennedy actor recover addict,[]
9928447373501420.0,lee bruce asian american actor martial artist americans chinese china united states biography,['Science Fiction & Fantasy']
9928131054601420.0,lee bruce chinese american actor martial artist art film influence literary artistic etc china united states criticism interpretation biography,"['Science Fiction & Fantasy', 'Documentary']"
9992978301421.0,lee canada motion picture actor and actress african american,['Science Fiction & Fantasy']
99205486101421.0,lee gypsy rise stripteaser author american,['Science Fiction & Fantasy']
99118857001421.0,mcdaniel hattie motion picture actor and actress,[]
9958628001421.0,marx groucho brother comedian,['Film & Theater']
9928094375601420.0,motion picture actor and actress mccarthy andrew united states nineteen eighty biography autobiography history,['Science Fiction & Fantasy']
9986270601421.0,menken adah isaacs actor,[]
9928083677401420.0,merritt tyler african american actor united states autobiography biography,[]
9957397401421.0,monroe marilyn motion picture actor and actress,[]
9957057201421.0,monroe marilyn motion picture actor and actress,[]
9927841700501420.0,noah trevor apartheid racially mixed people xhosa african comedian television personality africa united states humor essay perform art comedy form biography autobiography comedy humor,"['Comedy & Humor', 'Broadcasting & Television']"
9928344825401420.0,pacino actor motion picture and actress autobiography,[]
99197577801421.0,papp theatrical producer and director public theater new york actor,"['Journalism & Politics', 'Film & Theater']"
9928090572901420.0,poitier sidney lebarie ayele actor,[]
9928315310501420.0,poitier sidney speech address etc american actor african united states biography,['Broadcasting & Television']
9995938501421.0,poitier sidney actor african american,[]
9927622206001420.0,poitier sidney,[]
9928340416601420.0,powell loy myrna motion picture actor and actress thin man film detective mystery united states criticism,"['Horror & Mystery', 'Mass Media & Communication']"
9927717407601420.0,prince harold theatrical producer and director united states,['Film & Theater']
9927684708701420.0,robinson phoebe african american woman comedian television comedy writer,"['Comedy & Humor', 'Film & Theater', 'Broadcasting & Television']"
9928340415801420.0,roger will entertainer humorist american biography comedy humor,"['Comedy & Humor', 'Film & Theater']"
99208018501421.0,roger will entertainer humorist american comedy humor,"['Comedy & Humor', 'Film & Theater']"
99221758501421.0,rooney mickey actor motion picture and actress,[]
9928071323701420.0,rowe mickey actor autistic people united states autobiography biography,['Journalism & Politics']
9928343158101420.0,femme production motion picture actor and actress producer director erotic film pornography royalle candida sex educator united states history biography,"['Film & Theater', 'Popular Culture & Media']"
9927719311201420.0,schneider alan beckett samuel,[]
9927643578601420.0,schumer amy comedian actor,['Film & Theater']
9928447373901420.0,seller jeffrey musical theater producer and director broadway new york american drama biography autobiography,"['Journalism & Politics', 'Film & Theater']"
9980689001421.0,smith bob theater people with mental disability,['Film & Theater']
9927619410301420.0,taylor elizabeth actor fame celebrity,['Mass Media & Communication']
9928344680801420.0,taylor elizabeth motion picture actor and actress united states trivia miscellanea biography,[]
9928220563901420.0,taylor elizabeth motion picture actor and actress united states civilization,['Film & Theater']
99206823201421.0,taylor elizabeth motion picture actor and actress,[]
9927496632301420.0,temple shirley motion picture actor and actress popular culture depression united states,['Popular Culture & Media']
99221682701421.0,wayne quotation american,['Documentary']
9927678805401420.0,african american actor washington denzel united states,[]
9957057001421.0,wasserman lew mca inc chief executive officer,[]
9927544964201420.0,wayne motion picture actor and actress western film,['Film & Theater']
9927472911501420.0,motion picture industry masculinity and globalization nineteen fifty wayne electronic book,['Electronic & Digital Media']
99199557301421.0,mae motion picture actor and actress,[]
99199557201421.0,mae motion picture actor and actress relation with african americans united states biography,['Journalism & Politics']
99199616501421.0,wheeler bert woolsey motion picture actor and actress comedian,['Film & Theater']
99120837301421.0,williams bert blackface entertainer minstrel show,['Film & Theater']
9927794707501420.0,williams robin comedian actor united states biography,['Film & Theater']
9989634801421.0,wong anna may motion picture actor and actress,[]
9928226040901420.0,wong anna may chinese american motion picture actor and actress asian americans the industry xenophobia hollywood los angeles calif united states biography,['Documentary']
9995646801421.0,wong actor gay parent family,"['Gender & Sexuality Identity', 'Children & Young Adult']"
9928151754901420.0,constance television actor and actress motion picture asian american united states biography autobiography essay,['Broadcasting & Television']
9957698901421.0,ziegfeld flo woman entertainer feminine beauty aesthetic racism,"['Journalism & Politics', 'Film & Theater']"
99206826201421.0,theater playwrite,['Film & Theater']
99198397101421.0,theater management congo square theatre company chicago ill,"['Journalism & Politics', 'Film & Theater']"
9933395101421.0,theater woman the sex discrimination against and society,"['Film & Theater', 'Popular Culture & Media']"
99205457201421.0,ethnicity the theater race and society electronic book,"['Electronic & Digital Media', 'Film & Theater']"
9966609001421.0,marx chico groucho harpo zeppo gummo brother comedian motion picture actor and actress,['Film & Theater']
9965144701421.0,performance group theater,['Film & Theater']
99133275601421.0,asian american theater,['Film & Theater']
9988519101421.0,gorilla repertory theatre company act theater,['Film & Theater']
99133399701421.0,live theatre new york fluxus group artist black art movement avant garde aesthetic,"['Journalism & Politics', 'Holocaust & Jewish Studies', 'Film & Theater']"
9927693496201420.0,marx brother comedian vaudeville united states,['Film & Theater']
99221760301421.0,marx brother comedian,['Film & Theater']
9927681410801420.0,provincetown player woman the theater and literature american drama mass,"['Film & Theater', 'Mass Media & Communication']"
9927787466901420.0,stage for action theater company theatrical and society united states history,['Film & Theater']
99135017501421.0,woman the theater feminism and,"['Gender & Sexuality Identity', 'Film & Theater']"
9928090235301420.0,shakespeare theater multiculturalism the lepage,['Film & Theater']
9927686078301420.0,lepage theater,['Film & Theater']
99146461901421.0,plummer christopher actor,[]
99124043901421.0,saltzman devyani motion picture actor and actress,[]
9944868601421.0,theater and society hispanic american,['Film & Theater']
99200081701421.0,theater hispanic american latin drama,"['Gender & Sexuality Identity', 'Film & Theater']"
9942829101421.0,theater and society,['Film & Theater']
9933433601421.0,theater and society popular culture,"['Film & Theater', 'Popular Culture & Media']"
9992066201421.0,theater mayan drama,['Film & Theater']
99149743401421.0,theater and society perform art mexican drama national characteristic,['Film & Theater']
99124109301421.0,cantinfla entertainer,['Film & Theater']
9932516901421.0,reagan ronald bush george rhetoric strategic defense initiative communication politic,"['Poetry', 'Journalism & Politics', 'Film & Theater']"
9951858501421.0,rhetoric literary style,"['Poetry', 'Journalism & Politics']"
9931913701421.0,castro fidel rhetoric political leadership communication politic cuba,"['Poetry', 'Journalism & Politics']"
9951857801421.0,rhetoric press and politic political campaign united states great britain,"['Poetry', 'Journalism & Politics', 'Mass Media & Communication']"
99146464501421.0,rhetoric political oratory president,['Poetry']
9927453170001420.0,translate and interpreting,['Holocaust & Jewish Studies']
9927674946601420.0,translate and interpreting literature,['Holocaust & Jewish Studies']
9984945401421.0,translate and interpreting,['Holocaust & Jewish Studies']
99207928801421.0,translate and interpreting literature,['Holocaust & Jewish Studies']
9927627813301420.0,translate and interpreting,['Holocaust & Jewish Studies']
99111072301421.0,translate and interpreting literature society language culture acculturation postcolonialism,['Holocaust & Jewish Studies']
9969228301421.0,translate and interpreting eco umberto,['Holocaust & Jewish Studies']
9967207301421.0,translate and interpreting literature,['Holocaust & Jewish Studies']
9932799601421.0,translate and interpreting chinese literature,['Holocaust & Jewish Studies']
99124020201421.0,translate and interpreting,['Holocaust & Jewish Studies']
99198485901421.0,literature translate and interpreting,['Holocaust & Jewish Studies']
9924740320001420.0,translate and interpreting literature language culture,"['Poetry', 'Holocaust & Jewish Studies']"
99111235101421.0,holmes james translate and interpreting,"['Holocaust & Jewish Studies', 'Mass Media & Communication']"
9967881501421.0,translate and interpreting greek poetry modern keeley edmund translator,"['Gender & Sexuality Identity', 'Poetry', 'Holocaust & Jewish Studies']"
9984946001421.0,translate and interpreting,['Holocaust & Jewish Studies']
9985204301421.0,translate and interpreting literature,['Holocaust & Jewish Studies']
9985885301421.0,translate and interpreting,['Holocaust & Jewish Studies']
9932780601421.0,translate and interpreting criticism textual literature,"['Holocaust & Jewish Studies', 'Broadcasting & Television']"
9930563801421.0,translate and interpreting comparative literature russian language english,"['Gender & Sexuality Identity', 'Holocaust & Jewish Studies']"
9927502795301420.0,translator literature heim henry,"['Journalism & Politics', 'Film & Theater']"
9931702501421.0,translate and interpreting deconstruction structuralism literary analysis historicism imperialism,"['Gender & Sexuality Identity', 'Holocaust & Jewish Studies']"
9943798401421.0,translate and interpreting,['Holocaust & Jewish Studies']
9970474301421.0,translate and interpreting criticism,['Holocaust & Jewish Studies']
9985318801421.0,translate and interpreting,['Holocaust & Jewish Studies']
99124021401421.0,translate and interpreting criticism,['Holocaust & Jewish Studies']
9928247755501420.0,translate and interpreting literature criticism interpretation etc,['Holocaust & Jewish Studies']
99109412501421.0,translate and interpreting literature anthropology comparative cross cultural study criticism,['Holocaust & Jewish Studies']
9957388701421.0,translate and interpreting literature,['Holocaust & Jewish Studies']
99111181001421.0,literature chinese,['Film & Theater']
9931532301421.0,translate and interpreting oriental literature language,"['Poetry', 'Holocaust & Jewish Studies']"
9985319401421.0,translate and interpreting pontiero giovanni,['Holocaust & Jewish Studies']
9985325201421.0,translate and interpreting translator,['Holocaust & Jewish Studies']
9927727106501420.0,traducteurs translate and interpreting translator,['Holocaust & Jewish Studies']
9927621338301420.0,literature fiction translate and interpreting,"['Holocaust & Jewish Studies', 'Documentary']"
9957088401421.0,translate and interpreting,['Holocaust & Jewish Studies']
99124021901421.0,translate and interpreting criticism,['Holocaust & Jewish Studies']
99107392401421.0,translate and interpreting,['Holocaust & Jewish Studies']
99133397401421.0,translate and interpreting literature intercultural communication,"['Holocaust & Jewish Studies', 'Popular Culture & Media']"
9927674937601420.0,translate and interpreting literature society korean russian japanese,['Holocaust & Jewish Studies']
9927556392801420.0,translate and interpreting indic literature english imperialism electronic book,"['Electronic & Digital Media', 'Holocaust & Jewish Studies']"
99111232101421.0,translate and interpreting literature modern russia soviet union,"['Holocaust & Jewish Studies', 'Film & Theater']"
9928159358001420.0,korean literature translation,"['Film & Theater', 'Children & Young Adult']"
9945645901421.0,translate and interpreting translation,['Holocaust & Jewish Studies']
9981716901421.0,femme anglais langue,[]
9931743201421.0,theater jamaica,['Film & Theater']
9956920401421.0,perform art artist,['Film & Theater']
9928077990601420.0,theater opera operetta italy america history,['Film & Theater']
99149482801421.0,theater,['Film & Theater']
99220203501421.0,theater and society argentine drama politic literature,"['Journalism & Politics', 'Film & Theater']"
9931716201421.0,rodrigue nelson theater brazilian drama,['Film & Theater']
9927597611201420.0,perform art dance brazilian brazil,"['Film & Theater', 'Modernism & Postmodernism']"
9931159501421.0,theater chilean drama,['Film & Theater']
9931880701421.0,theater and society european drama,['Film & Theater']
9927526112201420.0,theater audience,['Film & Theater']
9927526112101420.0,theater act audience,['Film & Theater']
9927787467001420.0,experimental theater music child ethnic and state europe cultural policy history children juvenile young,"['Film & Theater', 'Children & Young Adult']"
9927823999001420.0,race the theater blackface entertainer stereotype social psychology perform art racism,"['Journalism & Politics', 'Science Fiction & Fantasy', 'Film & Theater']"
9989907501421.0,theater,['Film & Theater']
99127781601421.0,perform art theater opera festival,['Film & Theater']
9933189501421.0,theater european drama english masque europe great britain,"['Film & Theater', 'Modernism & Postmodernism']"
9928187734101420.0,actor act theater great britain history biography,['Film & Theater']
99111649401421.0,theater english drama,['Film & Theater']
99141321301421.0,theater,['Film & Theater']
9944685301421.0,theater,['Film & Theater']
9933274101421.0,theater and society,['Film & Theater']
9931563801421.0,feminism and theater,"['Gender & Sexuality Identity', 'Film & Theater']"
9933489401421.0,woman the theater and society actress,['Film & Theater']
9927882466401420.0,feminism and theater woman the feminist english drama literature great britain criticism interpretation etc history,"['Gender & Sexuality Identity', 'Film & Theater']"
99216245701421.0,woman the theater english drama and society england,['Film & Theater']
99134181801421.0,woman the theater actress mentor creation literary artistic etc,"['Film & Theater', 'Documentary']"
99201630801421.0,woman the theater and society actress great britain schauspielerin,['Film & Theater']
99145196101421.0,actress art flirt,[]
9927556304501420.0,woman the theater actress work mother english drama literature motherhood,"['Comedy & Humor', 'Film & Theater', 'Mass Media & Communication']"
99141320801421.0,theater,['Film & Theater']
9927556305101420.0,theater english drama,['Film & Theater']
9943692901421.0,theater english drama mystery and miracle play,"['Film & Theater', 'Horror & Mystery', 'Broadcasting & Television']"
99199563001421.0,theater and society audience english drama,['Film & Theater']
99205466001421.0,shakespeare theater act england history,['Film & Theater']
9942903501421.0,theater,['Film & Theater']
99147112201421.0,henslowe philip theatrical manager theater toneelvoorstellingen kasboeken,['Film & Theater']
9943536201421.0,theater and society,['Film & Theater']
9927504511401420.0,theatrical company theater literature and society english drama,"['Holocaust & Jewish Studies', 'Film & Theater']"
99219100201421.0,theater perform art english drama shakespeare and literature illustration book england,['Film & Theater']
99220188501421.0,theater,['Film & Theater']
9928085278601420.0,theater audience shakespeare england essay history,"['Film & Theater', 'Popular Culture & Media']"
9927678411001420.0,england theater great britain,['Film & Theater']
9927823141101420.0,theater english drama criticism interpretation etc history,['Film & Theater']
99227095701421.0,theater and society shakespeare jonson ben,['Film & Theater']
9927685708701420.0,theater act shakespeare,['Film & Theater']
99133638301421.0,theater english drama england criticism interpretation etc history,['Film & Theater']
9932816901421.0,theater religious drama english reformation,['Film & Theater']
99135756101421.0,theater actress english drama,['Film & Theater']
9928249339501420.0,child actor theater english drama england criticism interpretation etc history children juvenile young,"['Film & Theater', 'Children & Young Adult']"
9969587601421.0,theater great britain,['Film & Theater']
99216239901421.0,theater english drama religious religion literature,"['Film & Theater', 'Popular Culture & Media']"
99116241101421.0,travel theater vagrancy english drama beggar literature,"['Film & Theater', 'Modernism & Postmodernism']"
99219099001421.0,theater and society england history,['Film & Theater']
9931746201421.0,theater woman the english drama sex role literature actress,"['Film & Theater', 'Popular Culture & Media']"
99133306101421.0,theater,['Film & Theater']
9933398201421.0,theater english drama,['Film & Theater']
9934443601421.0,theater and state,['Film & Theater']
99199487701421.0,theater english drama act audience and society,['Film & Theater']
9927487784401420.0,theater,['Film & Theater']
99128139901421.0,theater and society,['Film & Theater']
9930881901421.0,theater and society english drama stereotype social psychology literature,"['Science Fiction & Fantasy', 'Film & Theater']"
9929090801421.0,theater english drama illusion literature role play,"['Film & Theater', 'Popular Culture & Media']"
9930797601421.0,theater english drama,['Film & Theater']
9989789901421.0,theater english drama,['Film & Theater']
9932338501421.0,theater english drama,['Film & Theater']
9930849801421.0,theater and society woman the actress electronic book,"['Electronic & Digital Media', 'Film & Theater']"
99116040501421.0,theater church england anglican communion,['Film & Theater']
9943674601421.0,theater costume and society feminism fashion,"['Gender & Sexuality Identity', 'Film & Theater', 'Modernism & Postmodernism']"
9951891901421.0,theater napoleonic war soldier actor sailor audience,"['Film & Theater', 'Comics & Graphic Novels']"
9931431601421.0,theater and society english drama,['Film & Theater']
9968391001421.0,theater great britain,['Film & Theater']
9988362401421.0,theater orient,['Film & Theater']
9927823999101420.0,theater english drama england,['Film & Theater']
9928085281401420.0,theater great britain history review,['Film & Theater']
9986510701421.0,theater musical great britain,"['Film & Theater', 'Broadcasting & Television']"
99219099201421.0,theater,['Film & Theater']
9943036301421.0,theater,['Film & Theater']
9927597610801420.0,theater english drama great britain,['Film & Theater']
99119271501421.0,theater,['Film & Theater']
9927826306201420.0,theater english drama great britain criticism interpretation etc history,['Film & Theater']
9991222501421.0,theater english drama,['Film & Theater']
9927811184301420.0,theater woman literature sexual minority race the drama education agitprop great britain education teaching,"['Gender & Sexuality Identity', 'Electronic & Digital Media', 'Film & Theater']"
9933230201421.0,feminist theater,"['Gender & Sexuality Identity', 'Film & Theater']"
9968071501421.0,pioneer player theater group london england feminist woman the,"['Gender & Sexuality Identity', 'Film & Theater']"
9928085279301420.0,make route electronic resource travel theater,"['Comedy & Humor', 'Electronic & Digital Media', 'Film & Theater']"
9928085279101420.0,theater and society state england literature great britain history,['Film & Theater']
9931969301421.0,little theater movement experimental and society electronic book,"['Electronic & Digital Media', 'Film & Theater']"
9944562601421.0,theater,['Film & Theater']
9931212301421.0,old price riot london england theater perform art covent garden,"['Film & Theater', 'Modernism & Postmodernism']"
9951342201421.0,shakespeare theater audience english drama london england,['Film & Theater']
9932512801421.0,theater english drama and society popular culture,"['Film & Theater', 'Popular Culture & Media']"
9958326401421.0,haymarket theatre london england summer theater,['Film & Theater']
9932748101421.0,old vic theatre london england theater,"['Film & Theater', 'Modernism & Postmodernism']"
9932462201421.0,standard theatre shoreditch london england theater,['Film & Theater']
99219097601421.0,theater woman the management end london england,"['Film & Theater', 'Comics & Graphic Novels']"
99219098001421.0,theater ethnic audience london england,"['Film & Theater', 'Modernism & Postmodernism']"
9928120602701420.0,music hall variety theater cabaret etc london england architecture travel pictoral work illustrate book history pictorial,"['Gender & Sexuality Identity', 'Comedy & Humor']"
9927787215501420.0,theater england great britain history,['Film & Theater']
9927556512401420.0,theater manner and custom race the slave trade london england philadelphia pennsylvania,"['Comedy & Humor', 'Film & Theater']"
9994820201421.0,theater audience english drama shakespeare london england,['Film & Theater']
9932161801421.0,theater and society,['Film & Theater']
99119937201421.0,theater pageant festival,['Film & Theater']
9927728111501420.0,theater musical england history,"['Film & Theater', 'Broadcasting & Television']"
9967029901421.0,theater,['Film & Theater']
99148934201421.0,blackfriars theatre london england shakespeare theatrical company theater,['Film & Theater']
9927565905801420.0,old vic theatre london england theater history,"['Film & Theater', 'Modernism & Postmodernism']"
99147116901421.0,woman the theater,['Film & Theater']
9958576701421.0,woman entertainer,['Film & Theater']
9945317801421.0,jordan dorothy actor,[]
9929223201421.0,kemble fanny actor united states,[]
9931145401421.0,miller jonathan,[]
9965192901421.0,olivi laurence actor,[]
9928002713001420.0,burton richard actor diary,[]
9928348154101420.0,burton richard taylor elizabeth motion picture actor and actress biography memoir social history perform art,"['Science Fiction & Fantasy', 'Film & Theater']"
9988488501421.0,charke charlotte actor,[]
9956502001421.0,charke charlotte,[]
99115852501421.0,charke charlotte actor,[]
9969228501421.0,gielgud actor,[]
99133272401421.0,kean edmund,[]
9966448901421.0,kemble fanny actor plantation owner spouse,[]
99135643401421.0,kemble fanny actor,[]
99274675601421.0,leigh vivien actor,[]
9927486902601420.0,lowin actor theatrical manager theater and society,['Film & Theater']
9927719413601420.0,olivi laurence shakespeare,['Film & Theater']
9927705111001420.0,motion picture actor and actress pitt ingrid great britain biography,['Mass Media & Communication']
99215167601421.0,rich theatrical producer and director actor manager theater,['Film & Theater']
99220418601421.0,siddon sarah voice famous people theater,"['Journalism & Politics', 'Film & Theater']"
9927611518301420.0,smith maggie actor,[]
9928376730201420.0,actor motion picture and actress television stewart patrick autobiography literary work biography,"['Comedy & Humor', 'Broadcasting & Television', 'Documentary']"
99199622101421.0,terry ellen irving henry craig gordon actress actor theatrical manager,"['Journalism & Politics', 'Film & Theater']"
9928377322901420.0,water billy street entertainer sailor black people biography,"['Film & Theater', 'Broadcasting & Television']"
9967093001421.0,theater,['Film & Theater']
99173605201421.0,admiral man theater company theatrical repertory,"['Film & Theater', 'Mass Media & Communication']"
9925719800001420.0,queen man theater company theatrical english drama,"['Film & Theater', 'Mass Media & Communication']"
9987853301421.0,monty python comedy troupe,['Comedy & Humor']
99207556501421.0,sheridan thomas actor theatrical manager educator theater oratory,"['Poetry', 'Film & Theater']"
9929213401421.0,yeat horniman annie elizabeth fredericka abbey theatre irish literary theatrical producer and director,['Film & Theater']
9928083676301420.0,yeat synge author and theater actress abbey theatre ireland history,['Film & Theater']
99118377201421.0,theater musical,"['Film & Theater', 'Broadcasting & Television']"
9956711201421.0,theater,['Film & Theater']
9956602601421.0,theater,['Film & Theater']
9927507613901420.0,theater audience subjectivity,"['Journalism & Politics', 'Film & Theater']"
9971088001421.0,woman the theater actress france biography history,['Film & Theater']
9965728901421.0,charlotte elisabeth theater,['Film & Theater']
99129074301421.0,perform art female impersonator male french drama,"['Journalism & Politics', 'Film & Theater']"
99122940701421.0,theater france french drama,['Film & Theater']
9927896009801420.0,revolution france theater justice administration history,"['Electronic & Digital Media', 'Film & Theater']"
9934411701421.0,theater french drama symbolism literary movement,"['Gender & Sexuality Identity', 'Journalism & Politics', 'Film & Theater']"
9942814201421.0,theater and society,['Film & Theater']
9943580701421.0,theater and society,['Film & Theater']
9927823087701420.0,theater and society protest movement nineteen sixty eight france,"['Journalism & Politics', 'Science Fiction & Fantasy', 'Film & Theater']"
9943694101421.0,theater french drama spanish,['Film & Theater']
99220100201421.0,experimental theater,['Film & Theater']
99215158401421.0,theater,['Film & Theater']
99133768101421.0,theater experimental french drama,['Film & Theater']
9928336155401420.0,theater france french drama revolution,['Film & Theater']
9989615201421.0,theater audience,['Film & Theater']
99206147201421.0,actress theater,['Film & Theater']
9932274901421.0,barrault jean louis,"['Science Fiction & Fantasy', 'Journalism & Politics']"
9933219101421.0,rachel theater and society actor,['Film & Theater']
9957562901421.0,bernhardt sarah actor,[]
9927671201801420.0,bernhardt sarah motion picture industry silent film,['Poetry']
9926239240001420.0,bernhardt sarah actor,[]
99201956901421.0,bernhardt sarah actress,[]
99133311201421.0,bernhardt sarah actor,[]
9981368701421.0,chabrillan actress courtesans,[]
9932611201421.0,copeau jacque theater drama,"['Gender & Sexuality Identity', 'Film & Theater']"
9928432663301420.0,huppert isabelle actor feminism and motion picture,['Gender & Sexuality Identity']
9928388234201420.0,mar dorval marie actor france,[]
9926090920001420.0,mitterrand television journalist motion picture producer and director educational program education teaching,"['Film & Theater', 'Broadcasting & Television']"
9956205101421.0,theater german drama,"['Holocaust & Jewish Studies', 'Film & Theater']"
99197234601421.0,theater german drama,"['Holocaust & Jewish Studies', 'Film & Theater']"
99198389201421.0,theater,['Film & Theater']
9928186959701420.0,theater germany history,['Film & Theater']
9968398801421.0,fascism and theater,"['Film & Theater', 'Modernism & Postmodernism']"
99111795701421.0,brecht bertolt theater,['Film & Theater']
9928287752301420.0,theater opera germany geschichte,['Film & Theater']
99119475801421.0,motion picture theater organ musical instrument,"['Film & Theater', 'Broadcasting & Television']"
9928417880801420.0,hessische staatstheater wiesbaden theater,['Film & Theater']
9951512901421.0,kinski klaus actor,[]
9927598109401420.0,adorf mario motion picture actor and actress,[]
9966458701421.0,dietrich marlene entertainer,['Film & Theater']
9927822713001420.0,dietrich marlene riefenstahl leni motion picture actor and actress woman entertainer producer director germany biography,['Film & Theater']
99219526401421.0,eidinger lar actor,[]
9926099140001420.0,lauterbach heiner actor,[]
9957086101421.0,lenya lotte actor singer,[]
99228088301421.0,mann carla actress thomas heinrich,['Film & Theater']
9958594501421.0,theater greek drama world war,"['Gender & Sexuality Identity', 'Journalism & Politics', 'Film & Theater']"
9927622606201420.0,woman the theater actress sex role commedia,"['Film & Theater', 'Popular Culture & Media']"
9927823998901420.0,theater italian drama audience italy,"['Gender & Sexuality Identity', 'Film & Theater']"
9956389001421.0,fascism and theater national socialism,"['Film & Theater', 'Modernism & Postmodernism']"
9990459901421.0,mastroianni marcello latin lover motion picture masculinity,"['Gender & Sexuality Identity', 'Popular Culture & Media']"
99128673101421.0,theater and society,['Film & Theater']
99198639301421.0,theater national characteristic russian russia electronic book,"['Electronic & Digital Media', 'Film & Theater']"
99198568001421.0,perform art theater popular culture russia,"['Film & Theater', 'Popular Culture & Media']"
9928266758401420.0,theater soviet union history,['Film & Theater']
9943732601421.0,theater and society russian drama soviet union,['Film & Theater']
9944485401421.0,vsevolod experimental theater,['Film & Theater']
99198607101421.0,theater russian literature,"['Gender & Sexuality Identity', 'Film & Theater']"
9927609559001420.0,theater and state,['Film & Theater']
9933253501421.0,theater festival soviet union,['Film & Theater']
9931431501421.0,teatr theater actor theatrical producer and director moscow russia,['Film & Theater']
9968399301421.0,theater family petrovich vera fedorovna komisarjevsky theodore tenor singer actress theatrical producer and director,['Film & Theater']
9965145901421.0,theatrical producer and director theater,['Film & Theater']
99111295601421.0,chekhov actor theatrical producer and director,['Film & Theater']
99142930701421.0,stanislavsky konstantin theatrical producer and director,['Film & Theater']
9995207901421.0,tschechowa olga actor spy,['Modernism & Postmodernism']
9928121793901420.0,child crime children juvenile young,['Children & Young Adult']
9945075701421.0,garbo greta motion picture actor and actress,[]
9957045201421.0,bergman ingrid motion picture actor and actress,[]
9928085172501420.0,garbo greta motion picture actor and actress influence literary artistic etc sweden united states biography history,['Documentary']
9927621606601420.0,theater minstrel street,['Film & Theater']
9928259356301420.0,theater spain teatro,['Film & Theater']
99226874501421.0,theater spanish drama,['Film & Theater']
9988127901421.0,theater spanish drama female impersonator,"['Journalism & Politics', 'Film & Theater']"
99219459701421.0,theater,['Film & Theater']
9944356001421.0,theater spanish drama,['Film & Theater']
99219924401421.0,theater,['Film & Theater']
9927486905001420.0,vega lope shakespeare dekker thomas theater,['Film & Theater']
9965302001421.0,theater,['Film & Theater']
9934436801421.0,kantor tadeusz experimental theater,['Film & Theater']
9932084601421.0,kott jan,[]
9927823414001420.0,grotowski jerzy perform art criticism interpretation etc,['Film & Theater']
9943259201421.0,theater perform art,['Film & Theater']
9928296444301420.0,perform art transgender people asia hijra khawaja sara,['Film & Theater']
9932543701421.0,theater puppet dance,"['Film & Theater', 'Modernism & Postmodernism']"
9931905101421.0,theater,['Film & Theater']
99220206401421.0,theater chinese drama,['Film & Theater']
9986626201421.0,operas chinese gender identity costume,"['Holocaust & Jewish Studies', 'Modernism & Postmodernism']"
9928083675801420.0,theater and state china history,['Film & Theater']
99140634801421.0,theater operas chinese mei lanfang,['Film & Theater']
9927825600801420.0,chang peng chun united nations universal declaration human right general assembly ethic history,"['Journalism & Politics', 'Documentary', 'Film & Theater']"
9928154758101420.0,perform art theater indic india history,['Film & Theater']
9942922001421.0,kroetz franz xaver theater intercultural communication,"['Film & Theater', 'Popular Culture & Media']"
9931159601421.0,folk drama hindi theater ethnomusicology nautanki india,['Film & Theater']
9928085685601420.0,kathakali dance theater play india pictorial work,"['Comedy & Humor', 'Film & Theater', 'Broadcasting & Television', 'Modernism & Postmodernism']"
9928084475401420.0,actor theater tanavīra habība india biography,['Film & Theater']
9927728686601420.0,theater japan,['Film & Theater']
9933574201421.0,konparu zenchiku,[]
9986736401421.0,kabuki,[]
9928296555001420.0,kabuki art color print japanese history,[]
9974222301421.0,,[]
9928411758601420.0,theater japan,['Film & Theater']
99220187701421.0,woman the theater gender identity sex role feminine beauty aesthetic femininity geishas kabuki,"['Holocaust & Jewish Studies', 'Film & Theater', 'Popular Culture & Media']"
99140719401421.0,hayakawa,[]
9985470301421.0,kawakami sadayakko actor geishas,[]
9969718201421.0,kawakami sadayakko matsui sumako woman the theater,['Film & Theater']
9992766501421.0,theater korean drama,['Film & Theater']
9927882466501420.0,entertainer perform art islamic country history,"['Film & Theater', 'Mass Media & Communication']"
9990255601421.0,theater perform art africa history,['Film & Theater']
99197276801421.0,african drama caribbean english group identity electronic book,"['Electronic & Digital Media', 'Film & Theater']"
99134072801421.0,perform art,['Film & Theater']
9928084380901420.0,theater balthasar han urs von mtwa percy religion and drama,"['Film & Theater', 'Popular Culture & Media']"
9989712301421.0,theater nigerian drama english,['Film & Theater']
9928084380701420.0,theater and society senegalese drama french senegal,['Film & Theater']
99133694101421.0,theater and society community development drama education education teaching,['Film & Theater']
9986266601421.0,jewish comedian wit and humor american comedy humor,['Comedy & Humor']
9927470911901420.0,chagall marc jewish theater yiddish,"['Holocaust & Jewish Studies', 'Film & Theater']"
99129619501421.0,theater yiddish,"['Holocaust & Jewish Studies', 'Film & Theater']"
9927723110801420.0,improvisation organization new york friedman budd stand comedy theatrical producer and director businessman comedian anecdote autobiography,"['Journalism & Politics', 'Broadcasting & Television', 'Film & Theater']"
9928082784701420.0,drama education education teaching,['Film & Theater']
99135279001421.0,high school student urban college and drama canadian american,"['Comedy & Humor', 'Film & Theater', 'Popular Culture & Media']"
99118195601421.0,drama education education teaching,['Film & Theater']
9980686001421.0,convent theater italian drama,"['Gender & Sexuality Identity', 'Film & Theater']"
9965767901421.0,minstrel show entertainment united states,[]
9927502382301420.0,happenings art,[]
9945220401421.0,happenings art theatre,['Film & Theater']
9965220001421.0,street theater open air,['Film & Theater']
99121650401421.0,oldenburg clae performance art,['Film & Theater']
9996061401421.0,street theater,['Film & Theater']
9927529608701420.0,community theater,['Film & Theater']
9958665701421.0,oberammergau passion play,['Broadcasting & Television']
9928085279601420.0,apply theater discipline drama community development education and society education teaching,['Film & Theater']
9927556511701420.0,community theater artist and case study,['Film & Theater']
99178459201421.0,worker theater american drama,['Film & Theater']
9944506501421.0,teatro campesino organization worker theater mexican american,['Film & Theater']
9956627101421.0,worker theater,['Film & Theater']
9973177901421.0,short story,['Electronic & Digital Media']
9932240401421.0,fiction american spanish,"['Science Fiction & Fantasy', 'Film & Theater']"
99145685401421.0,fiction,['Science Fiction & Fantasy']
9930366801421.0,fiction,['Science Fiction & Fantasy']
9930564001421.0,fiction nonexistent object philosophy literature,"['Gender & Sexuality Identity', 'Science Fiction & Fantasy']"
9928149247401420.0,fiction linguistic language and criticism interpretation etc,"['Poetry', 'Science Fiction & Fantasy']"
9957236001421.0,fiction rhetoric,"['Poetry', 'Science Fiction & Fantasy']"
9927693765301420.0,literature german book and globalization,"['Holocaust & Jewish Studies', 'Film & Theater']"
9927732311201420.0,fiction literature,['Documentary']
99117886801421.0,fiction literature criticism,['Documentary']
99134187301421.0,fiction,['Science Fiction & Fantasy']
99118759801421.0,fiction cartography roman,['Science Fiction & Fantasy']
99146794201421.0,fiction,['Science Fiction & Fantasy']
99146348301421.0,fiction book and read cognitive science,"['Science Fiction & Fantasy', 'Holocaust & Jewish Studies']"
9943693901421.0,fiction reality literature truth realism narration rhetoric,['Poetry']
9924740360001420.0,fiction book and read,"['Science Fiction & Fantasy', 'Holocaust & Jewish Studies']"
9928090672001420.0,experimental fiction literary form criticism interpretation etc,['Documentary']
9928905101421.0,fiction narration rhetoric truth literature reality discourse analysis narrative semiotics and,['Poetry']
99198632501421.0,realism literature english french german balzac trollope anthony fontane theodor,"['Gender & Sexuality Identity', 'Holocaust & Jewish Studies']"
99146813201421.0,realism literature modern short story,"['Electronic & Digital Media', 'Journalism & Politics', 'Film & Theater']"
9931438101421.0,fiction romanticism popular literature author and reader response criticism,"['Science Fiction & Fantasy', 'Holocaust & Jewish Studies']"
9931201501421.0,proust marcel joyce james fiction character and characteristic literature,"['Gender & Sexuality Identity', 'Science Fiction & Fantasy', 'Electronic & Digital Media', 'Mass Media & Communication']"
9927848705901420.0,historical fiction literature and history criticism interpretation etc,['Documentary']
99226682101421.0,fiction popular culture and literature society genre,"['Holocaust & Jewish Studies', 'Documentary', 'Popular Culture & Media']"
9932928601421.0,fiction theory imagination literature philosophy,"['Gender & Sexuality Identity', 'Science Fiction & Fantasy']"
9932062601421.0,european fiction naturalism literature,"['Science Fiction & Fantasy', 'Journalism & Politics', 'Modernism & Postmodernism']"
9932561101421.0,fiction intersubjectivity literature other mind theory knowledge,"['Science Fiction & Fantasy', 'Film & Theater']"
9927574877601420.0,fiction literature and moral ethic uncertainty ambiguity experimental,['Documentary']
9989693701421.0,religion and literature fiction,"['Documentary', 'Popular Culture & Media']"
9956599301421.0,fiction adultery literature,"['Science Fiction & Fantasy', 'Film & Theater']"
9934430501421.0,animal literature,['Film & Theater']
9945245301421.0,carnival literature magic grotesque fiction,"['Science Fiction & Fantasy', 'Film & Theater', 'Horror & Mystery']"
9956472801421.0,fiction homosexuality literature and history identity psychology,"['Gender & Sexuality Identity', 'Science Fiction & Fantasy']"
9930846601421.0,kafka franz louis ferdinand onetti juan carlos alienation social psychology literature fiction ideology and capitalism,['Science Fiction & Fantasy']
9931673901421.0,communicable disease literature and society aids,"['Gender & Sexuality Identity', 'Holocaust & Jewish Studies']"
99133766801421.0,european fiction city and town literature,"['Poetry', 'Modernism & Postmodernism']"
9928090235801420.0,german fiction yiddish jews dance literature jewish sex role criticism interpretation etc history,"['Holocaust & Jewish Studies', 'Popular Culture & Media']"
99135650101421.0,fiction education literature education teaching,['Documentary']
99147118501421.0,european fiction emigration and immigration literature grass kundera milan rushdie salman kjærstad jan,"['Broadcasting & Television', 'Modernism & Postmodernism']"
99218936601421.0,english literature emigration and immigration imperialism,"['Broadcasting & Television', 'Modernism & Postmodernism']"
9928150884401420.0,english fiction american modernism literature fashion great britain united states criticism interpretation etc,"['Modernism & Postmodernism', 'Mass Media & Communication']"
99134222001421.0,forgery literature identity philosophical concept authenticity philosophy fiction art and society,"['Gender & Sexuality Identity', 'Science Fiction & Fantasy', 'Holocaust & Jewish Studies']"
9927465609201420.0,holocaust jewish literature fiction holocauste dan roman,"['Holocaust & Jewish Studies', 'Documentary']"
9927817743301420.0,fiction islamophobia literature muslim criticism interpretation etc,"['Science Fiction & Fantasy', 'Film & Theater']"
99134059401421.0,fiction music literature and,"['Gender & Sexuality Identity', 'Science Fiction & Fantasy']"
9928109556801420.0,petroleum literature fiction,['Documentary']
9927589323001420.0,fiction character and characteristic literature portrait,"['Gender & Sexuality Identity', 'Science Fiction & Fantasy', 'Electronic & Digital Media']"
99218486901421.0,fiction evolution literature,"['Science Fiction & Fantasy', 'Film & Theater']"
9927896203501420.0,tolstoy leo fiction english literature anna karenina graf reader response criticism psychology phenomenology mimesis reading realism literary interpretation etc,"['Science Fiction & Fantasy', 'Documentary']"
99146806201421.0,fiction,['Science Fiction & Fantasy']
9927730706901420.0,fiction reading psychology,['Science Fiction & Fantasy']
99214919601421.0,fiction psychology and literature,['Science Fiction & Fantasy']
9928427142401420.0,fiction storytelle read reading psychology neuroscience,"['Science Fiction & Fantasy', 'Holocaust & Jewish Studies']"
99205665501421.0,english fiction character and characteristic literature psychology reader response criticism interpretation etc,"['Gender & Sexuality Identity', 'Science Fiction & Fantasy']"
99116878401421.0,literature and science fiction,"['Science Fiction & Fantasy', 'Film & Theater']"
9990863201421.0,sex literature fiction,"['Documentary', 'Popular Culture & Media']"
9957597701421.0,society literature,['Holocaust & Jewish Studies']
9927732892101420.0,translate and interpreting fiction interpret literature,"['Science Fiction & Fantasy', 'Holocaust & Jewish Studies']"
9927508011801420.0,fiction woman literature age feminism and,"['Gender & Sexuality Identity', 'Science Fiction & Fantasy']"
9932353701421.0,balzac beckett samuel julio fiction literary style politic and literature,"['Journalism & Politics', 'Documentary']"
9928015202101420.0,fiction literature,['Documentary']
9993561901421.0,fiction narration rhetoric creative writing,"['Poetry', 'Journalism & Politics']"
9986583301421.0,fiction,['Science Fiction & Fantasy']
9943903601421.0,fiction,['Science Fiction & Fantasy']
9927757311201420.0,fiction,['Science Fiction & Fantasy']
9927839212501420.0,fiction,['Science Fiction & Fantasy']
9933428201421.0,fiction,['Science Fiction & Fantasy']
9927503133701420.0,fiction creative writing,['Journalism & Politics']
9928385921401420.0,fiction narration rhetoric plot drama novel etc,"['Poetry', 'Documentary']"
9974153301421.0,fiction,['Science Fiction & Fantasy']
9927531010001420.0,fiction,['Science Fiction & Fantasy']
9965423601421.0,fiction,['Science Fiction & Fantasy']
9988520101421.0,fiction,['Science Fiction & Fantasy']
9968749401421.0,fiction narration rhetoric nerval,['Poetry']
9942867001421.0,fiction,['Science Fiction & Fantasy']
99134276201421.0,fiction autobiography creative writing,['Journalism & Politics']
9927671910001420.0,fiction authorship creative writing english language,"['Poetry', 'Journalism & Politics']"
9956986901421.0,fiction creative writing,['Journalism & Politics']
99226589801421.0,fiction,['Science Fiction & Fantasy']
9933456201421.0,fiction,['Science Fiction & Fantasy']
9931704901421.0,fiction narration rhetoric,['Poetry']
9927899208801420.0,creative writing fiction plot drama novel etc literature,"['Journalism & Politics', 'Documentary']"
9931532201421.0,fiction authorship,['Science Fiction & Fantasy']
9927682372201420.0,fiction creative writing,['Journalism & Politics']
9933404401421.0,fiction,['Science Fiction & Fantasy']
9931337901421.0,fiction possibility literature artificial intelligence narration rhetoric semiotics and,"['Poetry', 'Journalism & Politics']"
9927712458601420.0,salter james author american fiction,"['Science Fiction & Fantasy', 'Mass Media & Communication']"
9943903401421.0,fiction,['Science Fiction & Fantasy']
99206115201421.0,fiction,['Science Fiction & Fantasy']
9918969601421.0,fiction creative writing,['Journalism & Politics']
9934383701421.0,laclos choderlos goethe johann wolfgang von james henry fiction manner and custom literature,"['Comedy & Humor', 'Journalism & Politics']"
9991184501421.0,fiction,['Science Fiction & Fantasy']
9974092201421.0,fiction creative writing,['Journalism & Politics']
99205801201421.0,fiction,['Science Fiction & Fantasy']
9928095072001420.0,fiction handbook and manual help publication,['Journalism & Politics']
9928010001301420.0,fiction book and read criticism interpretation etc,"['Science Fiction & Fantasy', 'Holocaust & Jewish Studies']"
9957037601421.0,james henry fiction,"['Science Fiction & Fantasy', 'Journalism & Politics']"
99206382701421.0,fiction conference paper and proceeding,['Science Fiction & Fantasy']
99198376901421.0,fiction novelist american electronic book,['Electronic & Digital Media']
9927506612901420.0,fiction,['Science Fiction & Fantasy']
9927897913701420.0,fiction,['Science Fiction & Fantasy']
9957874401421.0,fiction creative writing,['Journalism & Politics']
9933426001421.0,fiction authorship,['Science Fiction & Fantasy']
9927825599401420.0,creative writing short story,"['Electronic & Digital Media', 'Journalism & Politics']"
9927556402601420.0,short story liminality,['Electronic & Digital Media']
99205513501421.0,short story,['Electronic & Digital Media']
9927556403401420.0,short story,['Electronic & Digital Media']
99227150701421.0,short story,['Electronic & Digital Media']
9990084301421.0,short story english american fiction,['Electronic & Digital Media']
9957977801421.0,short story fiction,['Electronic & Digital Media']
99198973201421.0,short story author american,['Electronic & Digital Media']
9965244401421.0,short story,['Electronic & Digital Media']
9930226701421.0,science fiction fantasy,['Science Fiction & Fantasy']
9967806201421.0,fiction experimental author and reader creative writing postmodernism literature technology narration rhetoric closure hypertext system computer game literary form english american,"['Poetry', 'Journalism & Politics', 'Documentary', 'Popular Culture & Media']"
9928263459501420.0,detective and mystery story crime write fiction handbook guide,['Horror & Mystery']
9927684310201420.0,fan fiction digital medium collective memory preservation,"['Holocaust & Jewish Studies', 'Documentary']"
99128211201421.0,fan fiction literature and the internet,['Documentary']
9927987312101420.0,fan fiction literature and the internet criticism interpretation etc literary,['Documentary']
9927897006801420.0,fantasy literature horror tale story nonfiction horror gothic supernatural,"['Film & Theater', 'Horror & Mystery']"
9927676678901420.0,creative nonfiction investigative reporting participant observation reportage literature,"['Film & Theater', 'Horror & Mystery']"
99117894501421.0,reportage literature atrocity woman and war state sponsor terrorism,"['Gender & Sexuality Identity', 'Journalism & Politics', 'Broadcasting & Television']"
9924608610001420.0,reportage literature journalism creative nonfiction,"['Journalism & Politics', 'Film & Theater']"
99218885801421.0,creative nonfiction reportage literature authorship,['Film & Theater']
9927715013601420.0,reportage literature creative nonfiction american journalism and,"['Journalism & Politics', 'Film & Theater']"
99220965501421.0,reportage literature journalism and,"['Film & Theater', 'Broadcasting & Television']"
9928349615301420.0,reportage literature creative nonfiction,['Film & Theater']
99133269601421.0,science fiction,['Science Fiction & Fantasy']
9927861305901420.0,creative writing fantasy literature science fiction,"['Science Fiction & Fantasy', 'Journalism & Politics', 'Film & Theater']"
99201082901421.0,creative writing fantasy fiction science electronic book,"['Science Fiction & Fantasy', 'Electronic & Digital Media', 'Journalism & Politics']"
9966997301421.0,fiction experimental author and reader creative writing storytelle literature technology hypertext system,"['Science Fiction & Fantasy', 'Journalism & Politics', 'Documentary']"
9927686079301420.0,fiction plot drama novel etc,['Documentary']
9927531009001420.0,plot drama novel etc fiction,['Documentary']
9926100950001420.0,plot drama novel etc fiction narration rhetoric,"['Poetry', 'Documentary']"
9927758304901420.0,cognition literary anatomy narration rhetoric plot drama novel etc surprise literature,"['Poetry', 'Documentary']"
9932157301421.0,fiction narration rhetoric,['Poetry']
9995741201421.0,fiction dialogue,"['Science Fiction & Fantasy', 'Popular Culture & Media']"
9927648713901420.0,narration rhetoric read disability study sociology,"['Poetry', 'Film & Theater']"
9928143857601420.0,creation literary artistic etc creative writing historiography narration rhetoric nonfiction novel fiction history literature,"['Poetry', 'Journalism & Politics', 'Documentary']"
9928133958801420.0,fiction description rhetoric narration criticism interpretation etc,"['Poetry', 'Science Fiction & Fantasy']"
9927710109001420.0,narration rhetoric fiction,['Poetry']
9990082601421.0,narration rhetoric deconstruction,"['Gender & Sexuality Identity', 'Poetry']"
9981556501421.0,narration rhetoric fiction,['Poetry']
9930959201421.0,narration rhetoric fiction,['Poetry']
9974162001421.0,narration rhetoric,['Poetry']
9928411800101420.0,pace narration rhetoric mass medium fiction,"['Poetry', 'Mass Media & Communication']"
9965874601421.0,point view literature,['Film & Theater']
9957053901421.0,european fiction historical literary landmark book and read,"['Holocaust & Jewish Studies', 'Documentary']"
99227470201421.0,subtext drama novel etc motion picture authorship television,"['Comedy & Humor', 'Film & Theater', 'Broadcasting & Television', 'Documentary']"
9931388601421.0,feminism and literature utopias european fiction american,"['Poetry', 'Journalism & Politics', 'Film & Theater', 'Modernism & Postmodernism']"
9932391601421.0,fiction science fantasy postmodernism literature feminism and,"['Gender & Sexuality Identity', 'Science Fiction & Fantasy', 'Popular Culture & Media']"
9957181701421.0,fiction woman and literature feminism postmodernism feminist literary criticism,['Gender & Sexuality Identity']
9967077201421.0,fiction woman and literature frame story,"['Gender & Sexuality Identity', 'Science Fiction & Fantasy', 'Electronic & Digital Media']"
9944103401421.0,fiction guilt literature woman feminism and,['Poetry']
99220942601421.0,woman,['Gender & Sexuality Identity']
9932087301421.0,woman novelist fiction,"['Gender & Sexuality Identity', 'Science Fiction & Fantasy']"
9928049797701420.0,antihero literature motion picture television heroine,"['Film & Theater', 'Broadcasting & Television', 'Popular Culture & Media']"
9927686210301420.0,fiction character and characteristic literature criticism interpretation etc,"['Gender & Sexuality Identity', 'Science Fiction & Fantasy', 'Electronic & Digital Media']"
9988598801421.0,character and characteristic literature european fiction realism electronic book,"['Electronic & Digital Media', 'Journalism & Politics', 'Modernism & Postmodernism']"
9927825708301420.0,fiction child psychology literature cognition consciousness developmental criticism interpretation etc children juvenile young,"['Science Fiction & Fantasy', 'Children & Young Adult']"
99133400201421.0,creole literature slavery antislavery movement domestic fiction,"['Journalism & Politics', 'Science Fiction & Fantasy', 'Film & Theater']"
9930708201421.0,picaresque literature woman,['Poetry']
9927671204201420.0,picaresque literature,['Film & Theater']
9965423401421.0,science fiction,['Science Fiction & Fantasy']
9942878501421.0,science fiction,['Science Fiction & Fantasy']
99122657101421.0,science fiction fantasy horror tale horror gothic supernatural,"['Science Fiction & Fantasy', 'Horror & Mystery']"
9927845542001420.0,science fiction arabic criticism interpretation etc,['Science Fiction & Fantasy']
99197214901421.0,science fiction,['Science Fiction & Fantasy']
9930769101421.0,science fiction narration rhetoric,"['Poetry', 'Science Fiction & Fantasy']"
9927556511201420.0,science fiction,['Science Fiction & Fantasy']
9931541001421.0,science fiction social conflict literature war,"['Science Fiction & Fantasy', 'Mass Media & Communication']"
9932701601421.0,science fiction fantasy literary style creation artistic etc literature,"['Science Fiction & Fantasy', 'Journalism & Politics', 'Documentary']"
9927519868401420.0,science fiction,['Science Fiction & Fantasy']
99118877801421.0,science fiction,['Science Fiction & Fantasy']
9928292054901420.0,science fiction human being literature future the film motion picture literary criticism,"['Science Fiction & Fantasy', 'Film & Theater', 'Documentary']"
9927711320901420.0,bergson henri dick philip science fiction criticism interpretation etc,['Science Fiction & Fantasy']
9927613113401420.0,science fiction film literature and technology civilization,"['Science Fiction & Fantasy', 'Film & Theater', 'Documentary']"
9927997861801420.0,science fiction english american humanity literature criticism interpretation etc,"['Science Fiction & Fantasy', 'Modernism & Postmodernism']"
99219079701421.0,mar planet science fiction,['Science Fiction & Fantasy']
9927494256201420.0,science fiction people with disability literature technology human body mind and,"['Science Fiction & Fantasy', 'Film & Theater', 'Documentary']"
9927993912601420.0,capitalism cybernetic literature cyberpunk fiction gothic postmodernism,"['Science Fiction & Fantasy', 'Horror & Mystery', 'Popular Culture & Media']"
9927823075101420.0,shelley mary wollstonecraft prometheus frankenstein victor monster science fiction film literature,"['Science Fiction & Fantasy', 'Horror & Mystery']"
9927828173201420.0,science fiction film gender identity literature ecocriticism nature motion picture sex difference criticism interpretation etc,"['Science Fiction & Fantasy', 'Holocaust & Jewish Studies', 'Film & Theater']"
9928090671301420.0,science fiction film colonization literature victim criticism interpretation etc,"['Science Fiction & Fantasy', 'Documentary']"
9927864039901420.0,science fiction woman author cyberpunk culture feminism and literature technology postmodernism,"['Poetry', 'Science Fiction & Fantasy', 'Documentary', 'Popular Culture & Media']"
9927805996201420.0,cold war science fiction military art and criticism interpretation etc history,"['Science Fiction & Fantasy', 'Journalism & Politics']"
99149191401421.0,science fiction politic literature utopias,"['Science Fiction & Fantasy', 'Journalism & Politics', 'Film & Theater']"
99205367001421.0,science fiction utopias literature apocalypse politic and,"['Science Fiction & Fantasy', 'Film & Theater']"
99199665101421.0,science fiction communism and literature socialism film motion picture,"['Science Fiction & Fantasy', 'Modernism & Postmodernism']"
99227290101421.0,science fiction,['Science Fiction & Fantasy']
99149691601421.0,science fiction evolution biology literature prehistoric people,"['Science Fiction & Fantasy', 'Journalism & Politics']"
9927808862101420.0,darwin science fiction feminist influence literary artistic etc criticism interpretation,"['Science Fiction & Fantasy', 'Documentary']"
9928129398701420.0,african americans afrofuturism religious thought science fiction,"['Science Fiction & Fantasy', 'Horror & Mystery']"
9927556305201420.0,science fiction asians literature motion picture mass medium technology asia,"['Science Fiction & Fantasy', 'Documentary', 'Mass Media & Communication']"
9943424701421.0,science fiction feminism and literature postmodernism,"['Poetry', 'Science Fiction & Fantasy']"
99215159701421.0,science fiction,['Science Fiction & Fantasy']
9944634501421.0,science fiction,['Science Fiction & Fantasy']
9927608110401420.0,science fiction gothic literary genre,"['Science Fiction & Fantasy', 'Documentary']"
9956509001421.0,science fiction fantasy literature,"['Science Fiction & Fantasy', 'Film & Theater']"
9927674945101420.0,science fiction literature medieval medievalism civilization fantasy,"['Science Fiction & Fantasy', 'Film & Theater']"
99133830701421.0,science fiction,['Science Fiction & Fantasy']
9927671998101420.0,science fiction,['Science Fiction & Fantasy']
9927861904601420.0,science fiction fantasy book review periodical,['Science Fiction & Fantasy']
9930368501421.0,science fiction philosophy literature,"['Gender & Sexuality Identity', 'Science Fiction & Fantasy']"
99111626001421.0,science fiction,['Science Fiction & Fantasy']
9932748401421.0,horror tale gothic revival literature archetype psychology demonology femininity anima psychoanalysis horror gothic supernatural,"['Modernism & Postmodernism', 'Horror & Mystery']"
99148894201421.0,horror tale gothic revival literature horror gothic supernatural,"['Modernism & Postmodernism', 'Horror & Mystery']"
9928018551601420.0,gothic revival literature modernism and society postmodernism criticism interpretation etc,['Modernism & Postmodernism']
9927674939401420.0,stoker bram gothic fiction literary genre popular culture and literature,"['Documentary', 'Popular Culture & Media']"
9928097400401420.0,fantasy fiction christianity literature queer theory criticism interpretation etc literary,"['Science Fiction & Fantasy', 'Documentary']"
9927468417901420.0,gothic fiction literary genre revival literature art horror mass medium horror gothic supernatural,"['Horror & Mystery', 'Documentary']"
9929003201421.0,fantasy literature,['Film & Theater']
9951712901421.0,gothic revival literature fiction,['Modernism & Postmodernism']
99142969601421.0,gothic revival literature fiction horror tale horror gothic supernatural,"['Modernism & Postmodernism', 'Horror & Mystery']"
9927519871501420.0,gothic fiction literary genre revival literature goth culture subculture,"['Modernism & Postmodernism', 'Documentary']"
99227117701421.0,gothic revival literature,['Modernism & Postmodernism']
99199402301421.0,gothic revival literature horror tale fantasy fiction horror gothic supernatural,"['Modernism & Postmodernism', 'Horror & Mystery']"
9956593801421.0,fantasy fiction human body literature,"['Science Fiction & Fantasy', 'Film & Theater']"
99207310201421.0,gothic revival literature fiction literary genre,"['Modernism & Postmodernism', 'Documentary']"
99134188301421.0,fantasy literature science fiction romance medieval hope,"['Science Fiction & Fantasy', 'Film & Theater']"
9931756901421.0,fantasy fiction science,['Science Fiction & Fantasy']
99143052901421.0,fantasy fiction buddhism and literature tolkien miyazaki hayao pullman philip guin ursula ende,['Science Fiction & Fantasy']
9985747701421.0,fantasy fiction occultism literature,"['Science Fiction & Fantasy', 'Modernism & Postmodernism']"
99226792101421.0,gothic fiction literary genre revival literature horror tale spirituality film comic book strip etc goth culture subculture horror gothic supernatural,"['Horror & Mystery', 'Documentary', 'Comics & Graphic Novels']"
9990807401421.0,fantasy fiction,['Science Fiction & Fantasy']
9927860691901420.0,fantasy fiction narration rhetoric,"['Poetry', 'Science Fiction & Fantasy']"
9927688513901420.0,gothic fiction literary genre goth culture subculture revival literature,"['Modernism & Postmodernism', 'Documentary']"
9927556306101420.0,gothic revival literature technology fiction literary genre,"['Modernism & Postmodernism', 'Documentary']"
9925906490001420.0,verne jule morris stevenson louis fantasy fiction imperialism literature modern,"['Science Fiction & Fantasy', 'Modernism & Postmodernism']"
99228225301421.0,fantasy fiction double literature mistaken identity robot cognitive science psychology,['Science Fiction & Fantasy']
9927758302001420.0,fairy tale conduct life literature truth wisdom,"['Poetry', 'Children & Young Adult']"
9984779401421.0,fairy tale french fiction american,"['Gender & Sexuality Identity', 'Science Fiction & Fantasy', 'Children & Young Adult']"
9924750800001420.0,fairy tale author child literature european children juvenile young,"['Modernism & Postmodernism', 'Children & Young Adult']"
9931518601421.0,literature feminism and woman lesbian writing lesbianism femininity,['Gender & Sexuality Identity']
99199462801421.0,historical fiction literature and history genre,['Documentary']
9927845535001420.0,historical fiction history literature and criticism interpretation etc,['Documentary']
9927502382101420.0,historical fiction european,"['Comedy & Humor', 'Modernism & Postmodernism']"
9930852601421.0,adventure story literary form,"['Electronic & Digital Media', 'Documentary']"
9930915901421.0,bildungsroman,[]
9932881301421.0,detective and mystery story,['Horror & Mystery']
9957078101421.0,detective and mystery story experimental fiction metaphysics literature,"['Horror & Mystery', 'Documentary']"
9944774501421.0,detective and mystery story,['Horror & Mystery']
9932369901421.0,detective and mystery story crime literature,['Horror & Mystery']
9931963501421.0,epistolary fiction woman literature letter,"['Gender & Sexuality Identity', 'Science Fiction & Fantasy', 'Holocaust & Jewish Studies']"
9931571501421.0,science fiction,['Science Fiction & Fantasy']
9956174001421.0,sequel literature series publication,"['Journalism & Politics', 'Popular Culture & Media']"
9932540501421.0,war story science fiction imaginary and battle literature prophecy future the,"['Science Fiction & Fantasy', 'Electronic & Digital Media']"
9927711411801420.0,adventure story castaways literature crusoe robinson fictitious character island shipwreck survival criticism interpretation etc,"['Comedy & Humor', 'Electronic & Digital Media']"
9974169701421.0,autobiographical fiction diary feminist,"['Gender & Sexuality Identity', 'Science Fiction & Fantasy', 'Comedy & Humor']"
99124073601421.0,bildungsroman,[]
9927461099101420.0,literature modern comparative bildungsroman english fiction german,"['Science Fiction & Fantasy', 'Holocaust & Jewish Studies']"
9927826313401420.0,novelist biographical fiction truth literature history criticism interpretation etc interview,"['Science Fiction & Fantasy', 'Film & Theater', 'Broadcasting & Television']"
9974073901421.0,detective and mystery story,['Horror & Mystery']
9990105301421.0,detective and mystery story,['Horror & Mystery']
9927597511101420.0,detective and mystery story,['Horror & Mystery']
9928188140201420.0,detective and mystery story criticism interpretation etc,['Horror & Mystery']
9990908301421.0,detective and mystery story reader response criticism,"['Science Fiction & Fantasy', 'Horror & Mystery']"
9928131054701420.0,detective and mystery story crime literature criticism interpretation etc literary,"['Gender & Sexuality Identity', 'Horror & Mystery']"
9927888310701420.0,detective and mystery story politic literature criticism interpretation etc,"['Journalism & Politics', 'Horror & Mystery']"
9974096201421.0,detective and mystery story postcolonialism develop country decolonization literature,"['Holocaust & Jewish Studies', 'Horror & Mystery', 'Mass Media & Communication']"
9928143857201420.0,fiction detective and mystery story short,"['Electronic & Digital Media', 'Horror & Mystery']"
9928221956701420.0,climatic change literature ecology fiction storytelle criticism interpretation etc,['Science Fiction & Fantasy']
9986554701421.0,erotic story sexual fantasy literature woman mate selection human evolution,"['Poetry', 'Electronic & Digital Media', 'Film & Theater']"
9928330535501420.0,gothic fiction literary genre supernatural motion picture horror literature dream horror gothic supernatural,"['Horror & Mystery', 'Documentary']"
9928109558001420.0,gothic fiction literary genre american english industrial revolution literature industry criticism interpretation etc,['Documentary']
9928057603101420.0,hypertext fiction criticism interpretation etc,['Documentary']
9927464299301420.0,romance fiction woman and literature love electronic book,"['Gender & Sexuality Identity', 'Electronic & Digital Media', 'Film & Theater']"
99198401001421.0,fiction political cold war literature and politic,['Journalism & Politics']
99207375601421.0,political fiction politic and literature,"['Science Fiction & Fantasy', 'Journalism & Politics']"
99149035201421.0,science fiction storytelle literature gnosticism,['Science Fiction & Fantasy']
9928111052401420.0,speculative fiction biopolitic literature bioethic biotechnology criticism interpretation etc literary,['Documentary']
9928329788001420.0,spy story espionage literature literary criticism,"['Gender & Sexuality Identity', 'Electronic & Digital Media', 'Modernism & Postmodernism']"
9984205601421.0,utopias literature fiction feminism and,"['Gender & Sexuality Identity', 'Film & Theater', 'Documentary']"
9927806013401420.0,war story fiction sacrifice literature criticism interpretation etc,"['Science Fiction & Fantasy', 'Electronic & Digital Media', 'Film & Theater']"
99148755301421.0,fiction,['Science Fiction & Fantasy']
99125668801421.0,fiction invention rhetoric,"['Poetry', 'Science Fiction & Fantasy']"
99216923201421.0,fiction,['Science Fiction & Fantasy']
9927506612601420.0,fiction,['Science Fiction & Fantasy']
99142066701421.0,fiction,['Science Fiction & Fantasy']
9968624001421.0,fiction,['Science Fiction & Fantasy']
9957879201421.0,epistolary fiction european,"['Science Fiction & Fantasy', 'Modernism & Postmodernism']"
9928039430901420.0,fiction book and read good united states personal narrative criticism interpretation etc literary,"['Holocaust & Jewish Studies', 'Journalism & Politics', 'Comics & Graphic Novels', 'Documentary']"
9927806407001420.0,fiction criticism interpretation etc,['Science Fiction & Fantasy']
9927683703601420.0,fiction,['Science Fiction & Fantasy']
9932169901421.0,fiction mimesis literature,['Documentary']
9931107801421.0,european fiction narration rhetoric reader response criticism book and read,"['Poetry', 'Science Fiction & Fantasy', 'Holocaust & Jewish Studies']"
9927683209701420.0,fiction criticism interpretation etc,['Science Fiction & Fantasy']
9927489509201420.0,fiction,['Science Fiction & Fantasy']
99199981801421.0,fiction literature and society bildungsroman human right,"['Holocaust & Jewish Studies', 'Film & Theater', 'Documentary']"
9927993112701420.0,fiction book print and read early criticism interpretation etc history,"['Science Fiction & Fantasy', 'Electronic & Digital Media', 'Holocaust & Jewish Studies']"
9924605640001420.0,european fiction literature and science realism enlightenment electronic book,"['Electronic & Digital Media', 'Journalism & Politics', 'Film & Theater']"
9927896606901420.0,european fiction literature and science evolution biology humanity criticism interpretation etc history,"['Science Fiction & Fantasy', 'Film & Theater', 'Modernism & Postmodernism']"
9957074801421.0,richardson samuel rousseau jean jacque laclos choderlos european fiction virtue literature gender identity philosophy woman,"['Gender & Sexuality Identity', 'Holocaust & Jewish Studies']"
9967890501421.0,fiction flaubert gustave,['Science Fiction & Fantasy']
9944039501421.0,fiction music and literature,"['Gender & Sexuality Identity', 'Science Fiction & Fantasy']"
9970398301421.0,european fiction criticism difference psychology literature,"['Science Fiction & Fantasy', 'Journalism & Politics', 'Modernism & Postmodernism']"
9944139901421.0,fiction trial literature justice natural law,"['Science Fiction & Fantasy', 'Holocaust & Jewish Studies']"
9927556307301420.0,brazil europe criticism interpretation etc european fiction brazilian family literature social change genealogy and history,"['Science Fiction & Fantasy', 'Modernism & Postmodernism']"
99111296301421.0,european fiction woman and literature romanticism bildungsroman,"['Gender & Sexuality Identity', 'Holocaust & Jewish Studies', 'Modernism & Postmodernism']"
9966608601421.0,postmodernism literature fiction,"['Documentary', 'Popular Culture & Media']"
9933273401421.0,fiction dominance psychology literature sex role power social science,"['Science Fiction & Fantasy', 'Popular Culture & Media']"
99148931401421.0,fiction politic and literature,"['Science Fiction & Fantasy', 'Journalism & Politics']"
99177832101421.0,fiction popular literature,"['Science Fiction & Fantasy', 'Popular Culture & Media']"
9928345579201420.0,fiction postwar literature literary criticism,"['Gender & Sexuality Identity', 'Science Fiction & Fantasy']"
9929114301421.0,fiction comparative literature,"['Gender & Sexuality Identity', 'Science Fiction & Fantasy']"
99123953201421.0,fiction,['Science Fiction & Fantasy']
99144128601421.0,fiction postmodernism literature,"['Science Fiction & Fantasy', 'Popular Culture & Media']"
9932999101421.0,fiction postmodernism literature science,"['Science Fiction & Fantasy', 'Film & Theater', 'Popular Culture & Media']"
9933700501421.0,fiction oedipus reader response criticism mythology psychoanalysis and literature,"['Science Fiction & Fantasy', 'Holocaust & Jewish Studies', 'Film & Theater']"
9965437501421.0,fiction motion picture literature,['Documentary']
99199631601421.0,fiction postmodernism literature,"['Science Fiction & Fantasy', 'Popular Culture & Media']"
9927504912901420.0,fiction literature,['Documentary']
9927529610301420.0,fiction internationalism literature nationalism,"['Science Fiction & Fantasy', 'Film & Theater']"
9928881601421.0,fiction die and rise god literature,"['Science Fiction & Fantasy', 'Film & Theater', 'Comedy & Humor']"
9929250201421.0,fiction popular literature literary form,"['Gender & Sexuality Identity', 'Science Fiction & Fantasy', 'Popular Culture & Media']"
9927502678501420.0,fiction knowledge theory literature philosophy french,"['Gender & Sexuality Identity', 'Science Fiction & Fantasy']"
99141704801421.0,fiction julio kafka franz joyce james,"['Science Fiction & Fantasy', 'Mass Media & Communication']"
9927657391701420.0,fiction september terrorist attack war film influence literary artistic etc psychic trauma literature terrorism,"['Journalism & Politics', 'Broadcasting & Television', 'Documentary']"
9927825599601420.0,shakespeare fiction influence literary artistic etc literature,"['Film & Theater', 'Documentary']"
9927826306501420.0,intermediality theater,['Film & Theater']
9928241258601420.0,literature modern criticism interpretation etc essay literary,"['Film & Theater', 'Documentary']"
9927747442001420.0,literature criticism interpretation etc,['Film & Theater']
99207542801421.0,literature,['Film & Theater']
99221675801421.0,american literature art,['Film & Theater']
9927683699701420.0,elocutionist eloquence literature oral communication voice culture storytelle,"['Science Fiction & Fantasy', 'Journalism & Politics', 'Popular Culture & Media']"
9966493101421.0,oratory speech address etc american,['Poetry']
9927732211401420.0,oratory american drama monologue united states criticism interpretation etc history,"['Gender & Sexuality Identity', 'Poetry', 'Film & Theater']"
9927671199501420.0,rhetoric political oratory politician united states race minority,"['Poetry', 'Journalism & Politics']"
9958301401421.0,political oratory campaign election,['Poetry']
9956542401421.0,political oratory president rhetoric,['Poetry']
9943504701421.0,rhetorical criticism mass medium,['Mass Media & Communication']
99207519801421.0,rhetorical criticism speech address etc american english language,['Poetry']
9932631501421.0,criticism literature english language,['Poetry']
9958238601421.0,literature art music,['Gender & Sexuality Identity']
9928019556701420.0,literature criticism english language literary form study general terminology term and phrase reference work,"['Poetry', 'Comedy & Humor']"
9958104701421.0,criticism literature english language,['Poetry']
9976463701421.0,literature grammar comparative and general author,['Film & Theater']
9931634401421.0,criticism literature english language,['Poetry']
99226049101421.0,public speaking,['Poetry']
9944138601421.0,public speaking business presentation speech address etc american communication,['Poetry']
9984020601421.0,public speaking,['Poetry']
9956272601421.0,public speaking speech address etc american african americans,['Poetry']
9981361901421.0,public speaking,['Poetry']
9981407901421.0,public speaking oral communication,"['Poetry', 'Journalism & Politics']"
99116350201421.0,public speaking report write,['Poetry']
9933777601421.0,public speaking,['Poetry']
9933330301421.0,public speaking communication,['Poetry']
9928035489601420.0,public speaking,['Poetry']
9927816013901420.0,oral communication public speaking,"['Poetry', 'Journalism & Politics']"
9927860112101420.0,oral communication public speaking,"['Poetry', 'Journalism & Politics']"
99141709701421.0,oratory eloquence literature,['Poetry']
99146376601421.0,public speaking,['Poetry']
99111071001421.0,public speaking,['Poetry']
9927817013701420.0,public speaking,['Poetry']
9990801501421.0,public speaking communication the social science,"['Poetry', 'Science Fiction & Fantasy']"
9985747001421.0,public speaking,['Poetry']
99198337901421.0,public speaking,['Poetry']
99133309301421.0,oral interpretation silent reading reader theater,"['Journalism & Politics', 'Science Fiction & Fantasy', 'Film & Theater', 'Poetry']"
9951846501421.0,oral interpretation poetry narration rhetoric communication,"['Poetry', 'Journalism & Politics']"
99201797001421.0,performance poetry creative writing art american music and literature african aesthetic social action austin project,"['Gender & Sexuality Identity', 'Journalism & Politics', 'Mass Media & Communication']"
99220494201421.0,performance poetry oral interpretation american slam,"['Journalism & Politics', 'Film & Theater', 'Poetry']"
99133310001421.0,performance poetry slam,"['Poetry', 'Film & Theater']"
99199394701421.0,performance poetry american race literature identity psychology oral interpretation slam,"['Poetry', 'Science Fiction & Fantasy']"
9933165701421.0,oral interpretation poetry tradition formulaic analysis narration rhetoric,"['Poetry', 'Journalism & Politics']"
9928046085901420.0,voice oral communication speech and social status,"['Science Fiction & Fantasy', 'Journalism & Politics', 'Broadcasting & Television']"
9927957606901420.0,sound rhetoric voice culture,"['Poetry', 'Journalism & Politics', 'Broadcasting & Television', 'Popular Culture & Media']"
9928014498301420.0,act voice culture,"['Journalism & Politics', 'Popular Culture & Media']"
9967802801421.0,voice culture speech therapy,"['Journalism & Politics', 'Broadcasting & Television', 'Popular Culture & Media']"
9942942301421.0,voice culture,"['Journalism & Politics', 'Popular Culture & Media']"
9932527501421.0,voice culture,"['Journalism & Politics', 'Popular Culture & Media']"
9928014498201420.0,diction speech voice culture,"['Journalism & Politics', 'Broadcasting & Television', 'Popular Culture & Media']"
99116210101421.0,debate and debating,[]
9988173001421.0,debate and debating,[]
99129104301421.0,debate and debating central high school kansas city youth with social disability,"['Poetry', 'Comedy & Humor', 'Popular Culture & Media']"
9965440901421.0,public speaking oral communication visual technical information,"['Poetry', 'Journalism & Politics']"
9994678301421.0,public speaking storytelle narration rhetoric,['Poetry']
9956537801421.0,political oratory rhetoric communication politic world,"['Poetry', 'Journalism & Politics']"
99148294201421.0,political oratory rhetoric persuasion,['Poetry']
9928015003001420.0,english language voice culture united states,"['Poetry', 'Journalism & Politics', 'Popular Culture & Media']"
9957810901421.0,voice culture,"['Journalism & Politics', 'Popular Culture & Media']"
9957041501421.0,speech essay etc,['Broadcasting & Television']
9951689201421.0,english language literature mythology allusion,"['Poetry', 'Film & Theater']"
9958495901421.0,english language literature mythology allusion,"['Poetry', 'Film & Theater']"
99227765001421.0,english language literature mythology allusion,"['Poetry', 'Film & Theater']"
9991383301421.0,literature literary curiosa,['Gender & Sexuality Identity']
9927686196501420.0,literature,['Film & Theater']
99145478401421.0,literature poetry,['Poetry']
9927827012801420.0,woman act drama,"['Gender & Sexuality Identity', 'Film & Theater']"
9927827012101420.0,woman act monologue drama problem and exercise,"['Gender & Sexuality Identity', 'Film & Theater', 'Popular Culture & Media']"
9927827012201420.0,man act monologue problem and exercise drama,"['Gender & Sexuality Identity', 'Film & Theater', 'Popular Culture & Media']"
9928344681101420.0,notebook paper write diary scrapbook journale,['Broadcasting & Television']
9929863201421.0,literature character and characteristic,"['Electronic & Digital Media', 'Film & Theater']"
9958436001421.0,literature character and characteristic,"['Electronic & Digital Media', 'Film & Theater']"
9931530201421.0,criticism literature english language,['Poetry']
9958643001421.0,criticism literature english language,['Poetry']
99227269001421.0,literature criticism,['Film & Theater']
9925477580001420.0,petrarca francesco erasmus desiderius montaigne michel european letter intimacy psychology literature classical rhetoric ancient renaissance,"['Science Fiction & Fantasy', 'Modernism & Postmodernism']"
99196883301421.0,letter write,['Holocaust & Jewish Studies']
99196883401421.0,letter write,['Holocaust & Jewish Studies']
9927784576201420.0,letter write,['Holocaust & Jewish Studies']
99148425801421.0,letter write,['Holocaust & Jewish Studies']
99135756201421.0,letter woman,"['Gender & Sexuality Identity', 'Holocaust & Jewish Studies']"
99148934701421.0,literature criticism,['Film & Theater']
99226424701421.0,literature semiotic,['Film & Theater']
9933066001421.0,literature european europe,['Modernism & Postmodernism']
9927675586301420.0,literature litteratur,['Film & Theater']
9931174401421.0,literature,['Film & Theater']
99215752401421.0,literature,['Film & Theater']
9927627700301420.0,literature,['Film & Theater']
99228036701421.0,literature comparative authorship,['Film & Theater']
9934434501421.0,literature criticism human information processing cognition,"['Journalism & Politics', 'Film & Theater']"
99215398201421.0,cavell literature criticism philosophy interpretation etc,['Gender & Sexuality Identity']
9944174101421.0,literature criticism and society politic,"['Holocaust & Jewish Studies', 'Journalism & Politics']"
9927520232801420.0,literature,['Film & Theater']
99141421101421.0,literature book and read,['Holocaust & Jewish Studies']
9927603312501420.0,literature read authorship,['Holocaust & Jewish Studies']
9943861001421.0,literature,['Film & Theater']
9956346701421.0,literature and society politic,"['Holocaust & Jewish Studies', 'Journalism & Politics']"
9931704101421.0,literature criticism,['Film & Theater']
9933427301421.0,barthe literature rhetoric metaphor,['Poetry']
9927682375501420.0,literature literary style,"['Gender & Sexuality Identity', 'Journalism & Politics']"
9943534301421.0,book and read author reader library europe,"['Science Fiction & Fantasy', 'Holocaust & Jewish Studies']"
99141321901421.0,literature,['Film & Theater']
9991062301421.0,literature,['Film & Theater']
99225855901421.0,literature criticism,['Film & Theater']
99136967501421.0,literature book and read criticism,['Holocaust & Jewish Studies']
9928010001201420.0,book and read criticism literature interpretation etc,['Holocaust & Jewish Studies']
9933169201421.0,literature,['Film & Theater']
99208109801421.0,literature,['Film & Theater']
99118997301421.0,mimesis literature aesthetic modern,['Documentary']
9943091301421.0,literature literary style form,"['Gender & Sexuality Identity', 'Journalism & Politics']"
9944818401421.0,literature opposition theory polarity philosophy rhetoric metaphor,"['Gender & Sexuality Identity', 'Poetry']"
9944725301421.0,literature poetic language and,"['Poetry', 'Broadcasting & Television']"
9943559401421.0,literature,['Film & Theater']
9927674935901420.0,literature publishing translate and interpreting author publisher,"['Holocaust & Jewish Studies', 'Journalism & Politics']"
9925035360001420.0,literature,['Film & Theater']
9927885413601420.0,literature,['Film & Theater']
9943865801421.0,literature narration rhetoric fiction truth reality,['Poetry']
99215750501421.0,literature badiou alain deleuze gille criticism,['Gender & Sexuality Identity']
9927453030001420.0,literature electronic book,"['Electronic & Digital Media', 'Film & Theater']"
9965773601421.0,literature criticism,['Film & Theater']
9967978301421.0,literature,['Film & Theater']
99216922301421.0,literature,['Film & Theater']
9996188501421.0,literature semantics philosophy possibility,['Gender & Sexuality Identity']
9927665673701420.0,literature and society chaotic behavior system art social change science entropy,"['Science Fiction & Fantasy', 'Holocaust & Jewish Studies']"
99274678301421.0,literature book and read good authorship,"['Holocaust & Jewish Studies', 'Comics & Graphic Novels']"
9927675586701420.0,james henry literature pragmatism,"['Journalism & Politics', 'Film & Theater']"
9968071001421.0,electronic book literature aesthetic,"['Electronic & Digital Media', 'Film & Theater']"
9943671701421.0,literature rhetoric criticism intellectual,"['Poetry', 'Broadcasting & Television']"
9927825599801420.0,literature,['Film & Theater']
9927603907101420.0,literature and technology creation literary artistic etc,['Documentary']
9980969701421.0,literature aesthetic deleuze gille guattari,['Gender & Sexuality Identity']
99224290901421.0,literature book and read audiobook,['Holocaust & Jewish Studies']
9927671095401420.0,literature book and read language,['Holocaust & Jewish Studies']
9928119895101420.0,literature weinstein arnold character and characteristic good book,"['Electronic & Digital Media', 'Film & Theater', 'Comics & Graphic Novels']"
9943801001421.0,literature pragmatism deconstruction,['Gender & Sexuality Identity']
9944281901421.0,literary form literature discourse analysis,['Poetry']
9956184001421.0,literary form,['Documentary']
9931209101421.0,literary form poetic,"['Broadcasting & Television', 'Documentary']"
9927508011501420.0,literary form aesthetic perception cultural fusion literature and society criticism,"['Science Fiction & Fantasy', 'Holocaust & Jewish Studies', 'Documentary']"
9942403301421.0,essay criticism,['Popular Culture & Media']
9965751101421.0,essay criticism literature modern,['Film & Theater']
99227114601421.0,essay essayist,['Popular Culture & Media']
9927556394501420.0,essay,['Popular Culture & Media']
9931125901421.0,conrad musil pirandello luigi essay,['Popular Culture & Media']
9942519001421.0,essay feminist literary criticism literature,['Gender & Sexuality Identity']
99199471001421.0,essay academic writing,"['Journalism & Politics', 'Popular Culture & Media']"
99198655801421.0,electronic book baudelaire rousseau jean jacque quincey thomas wilde oscar author autobiography other philosophy literature identity psychology death,"['Gender & Sexuality Identity', 'Science Fiction & Fantasy', 'Electronic & Digital Media']"
9927502290201420.0,author book and read authorship,['Holocaust & Jewish Studies']
9943425201421.0,augustine montaigne michel rousseau jean jacque wordsworth author autobiography mimesis literature memory,"['Holocaust & Jewish Studies', 'Journalism & Politics', 'Documentary']"
9927787374301420.0,artist author death nonfiction biography,"['Comedy & Humor', 'Modernism & Postmodernism']"
99143701101421.0,author paris france,[]
9925778900001420.0,author artist authorship,[]
9927837200001420.0,social medium and history communication digital,"['Broadcasting & Television', 'Mass Media & Communication']"
9928077685601420.0,african american woman social medium popular culture misogyny americans mass and minority united states,"['Popular Culture & Media', 'Mass Media & Communication']"
9928333559101420.0,politic social medium network online political psychology misinformation democracy united states,"['Science Fiction & Fantasy', 'Broadcasting & Television', 'Mass Media & Communication']"
9928077651901420.0,twitter firm online social network,['Broadcasting & Television']
99142183001421.0,author,[]
99227127401421.0,author,[]
9928344355901420.0,literature modern and society criticism interpretation etc,['Holocaust & Jewish Studies']
998106501421.0,electronic journal learn institution and society internet address bitnet computer network,"['Holocaust & Jewish Studies', 'Journalism & Politics', 'Broadcasting & Television', 'Electronic & Digital Media', 'Modernism & Postmodernism']"
9932886901421.0,woman author literature,['Gender & Sexuality Identity']
9943693701421.0,literature modern woman and friendship,"['Poetry', 'Journalism & Politics']"
9927685973601420.0,popular literature english american woman and feminism anthropology marginality social outsider sex role england great britain,"['Poetry', 'Popular Culture & Media']"
99207690901421.0,literature woman personal space privacy,"['Gender & Sexuality Identity', 'Poetry', 'Journalism & Politics']"
9951871801421.0,woman author and literature feminism modern,['Gender & Sexuality Identity']
99201830201421.0,woman author and literature,['Gender & Sexuality Identity']
99228631301421.0,literature woman scholar and society,"['Poetry', 'Holocaust & Jewish Studies']"
99148895601421.0,european literature,['Modernism & Postmodernism']
9965754901421.0,literature modern woman and feminism,['Poetry']
9943137601421.0,drabble margaret duras marguerite arendt hannah literature modern woman and feminism postmodernism,"['Poetry', 'Popular Culture & Media']"
9927681102401420.0,literature modern woman and feminism feminist literary criticism,"['Gender & Sexuality Identity', 'Poetry']"
99107384101421.0,woman author and literature feminist feminism,['Gender & Sexuality Identity']
9943170101421.0,literature modern woman imperialism colony race feminism and,"['Poetry', 'Mass Media & Communication']"
9957079901421.0,feminism woman author and literature,['Gender & Sexuality Identity']
99118983401421.0,english literature woman journalist,"['Poetry', 'Science Fiction & Fantasy']"
99147491801421.0,journalism,['Broadcasting & Television']
9927613113301420.0,journalism newspaper freedom the press whistle blow,['Journalism & Politics']
9985528401421.0,journalism reportage literature american,"['Film & Theater', 'Broadcasting & Television']"
9943770201421.0,editorial pulitzer prize,['Gender & Sexuality Identity']
99200054101421.0,journalism,['Broadcasting & Television']
9970336501421.0,journalism pulitzer prize,"['Gender & Sexuality Identity', 'Broadcasting & Television']"
99149959701421.0,journalism,['Broadcasting & Television']
99199728801421.0,journalism,['Broadcasting & Television']
9927528213701420.0,journalism,['Broadcasting & Television']
99218890701421.0,wikileak organization journalism,['Broadcasting & Television']
9994595101421.0,journalism geographic information system,['Journalism & Politics']
99141551801421.0,journalism reporter and report,['Journalism & Politics']
99100792901421.0,journalism freedom the press united states,['Journalism & Politics']
99219538801421.0,springer axel newspaper publishing,['Journalism & Politics']
9995937701421.0,journalism journalistic ethic government and the press news,"['Science Fiction & Fantasy', 'Broadcasting & Television', 'Documentary']"
9993077301421.0,journalism,['Broadcasting & Television']
99220115901421.0,journalism broadcast gladstone brooke,['Broadcasting & Television']
9927556299601420.0,journalism mass medium,['Mass Media & Communication']
9985856001421.0,journalism,['Broadcasting & Television']
99122658801421.0,journalism broadcast,['Broadcasting & Television']
99119031101421.0,journalism,['Broadcasting & Television']
99123068501421.0,journalism,['Broadcasting & Television']
9932687201421.0,journalism,['Broadcasting & Television']
99100793401421.0,journalism,['Broadcasting & Television']
99111510001421.0,press newspaper reading broadcast journalism television and mass medium youth,"['Journalism & Politics', 'Broadcasting & Television', 'Mass Media & Communication']"
99198355801421.0,journalism,['Broadcasting & Television']
99140659101421.0,journalism online broadcast convergence telecommunication,['Broadcasting & Television']
99123022201421.0,journalism online broadcast convergence telecommunication journalist college teacher,['Broadcasting & Television']
99135416601421.0,journalism mass medium,['Mass Media & Communication']
9928078285501420.0,journalism history,['Broadcasting & Television']
9927808913801420.0,journalism digital communication,['Broadcasting & Television']
9932745301421.0,journalism popular culture,"['Broadcasting & Television', 'Popular Culture & Media']"
99226549301421.0,news corporation mass medium political corruption murdoch rupert,"['Broadcasting & Television', 'Mass Media & Communication']"
9927583693001420.0,freedom the press government and mass medium censorship expression,"['Journalism & Politics', 'Mass Media & Communication']"
9958619701421.0,freedom the press communication international journalism and politic world news,"['Journalism & Politics', 'Broadcasting & Television']"
99133276101421.0,freedom the press government and,"['Science Fiction & Fantasy', 'Journalism & Politics']"
99135421601421.0,freedom the press and politic,['Journalism & Politics']
9964992401421.0,government and the press war freedom,"['Science Fiction & Fantasy', 'Journalism & Politics']"
99123068301421.0,government and the press politic,"['Science Fiction & Fantasy', 'Journalism & Politics']"
99196828001421.0,press broadcast journalism government and the,"['Science Fiction & Fantasy', 'Journalism & Politics', 'Broadcasting & Television']"
99140534501421.0,government and the press journalism,"['Science Fiction & Fantasy', 'Journalism & Politics']"
9931986201421.0,government and the press politic communication,"['Science Fiction & Fantasy', 'Journalism & Politics']"
9933702901421.0,government and the press politic united states,"['Science Fiction & Fantasy', 'Journalism & Politics']"
9970316701421.0,freedom the press,['Journalism & Politics']
9956958401421.0,freedom the press speech,"['Journalism & Politics', 'Broadcasting & Television']"
99127919501421.0,government and the press politic journalism,"['Science Fiction & Fantasy', 'Journalism & Politics']"
9928148356901420.0,freedom the press journalist united states biography,"['Science Fiction & Fantasy', 'Journalism & Politics']"
99140534401421.0,government and the press politic,"['Science Fiction & Fantasy', 'Journalism & Politics']"
9977351201421.0,freedom the press public opinion,"['Journalism & Politics', 'Modernism & Postmodernism']"
9930481201421.0,freedom the press and politic mass medium communication africa,"['Journalism & Politics', 'Mass Media & Communication']"
9956724001421.0,government and the press freedom,"['Science Fiction & Fantasy', 'Journalism & Politics']"
99146955901421.0,mass medium policy,['Mass Media & Communication']
9928148356201420.0,bolsonaro jair greenwald glenn government and the press brazil freedom political corruption politic history,"['Science Fiction & Fantasy', 'Journalism & Politics']"
9966812801421.0,freedom the press government and,"['Science Fiction & Fantasy', 'Journalism & Politics']"
99199507301421.0,freedom the press censorship,['Journalism & Politics']
9956971601421.0,freedom the press censorship great britain,['Journalism & Politics']
9981389801421.0,government and the press freedom mexico history,"['Science Fiction & Fantasy', 'Journalism & Politics', 'Film & Theater']"
9927876913101420.0,freedom the press government and journalism african newspaper apartheid africa history,"['Science Fiction & Fantasy', 'Journalism & Politics']"
9927605012101420.0,freedom the press and politic mass medium spain,"['Journalism & Politics', 'Mass Media & Communication']"
99122750801421.0,journalism mass medium and culture,['Mass Media & Communication']
99116206701421.0,american newspaper layout and typography electronic,"['Electronic & Digital Media', 'Journalism & Politics']"
9927533000801420.0,journalism mass medium reporter and report news audience electronic book,"['Electronic & Digital Media', 'Journalism & Politics', 'Mass Media & Communication']"
9978913901421.0,press journalism electronic book,"['Electronic & Digital Media', 'Journalism & Politics']"
99142729001421.0,journalism,['Broadcasting & Television']
9931556301421.0,journalism local mass medium government and the press city planning,"['Science Fiction & Fantasy', 'Mass Media & Communication']"
99128498501421.0,journalism broadcast government and the press,"['Science Fiction & Fantasy', 'Journalism & Politics', 'Broadcasting & Television']"
9931557301421.0,television broadcasting news social conflict world politic journalism,['Broadcasting & Television']
99136060601421.0,journalist freedom the press and politic,"['Science Fiction & Fantasy', 'Journalism & Politics']"
9928380626101420.0,geopolitic journalism mass medium,['Mass Media & Communication']
9985801001421.0,journalism mass medium democracy,['Mass Media & Communication']
9945237301421.0,press and politic revolution festschriften conference paper proceeding,['Journalism & Politics']
99198336501421.0,religion and the press,"['Journalism & Politics', 'Popular Culture & Media']"
9927572782001420.0,journalistic ethic journalism,['Documentary']
99217952801421.0,journalistic ethic journalism press and politic sensationalism,"['Journalism & Politics', 'Documentary']"
9927809086401420.0,journalistic ethic journalism press and politic sensationalism united states,"['Journalism & Politics', 'Documentary']"
9927809086201420.0,journalism journalistic ethic history,['Documentary']
9927556398301420.0,journalism journalistic ethic,['Documentary']
99198355901421.0,journalistic ethic,['Documentary']
9996067801421.0,journalism,['Broadcasting & Television']
99135129101421.0,journalistic ethic journalism,['Documentary']
9927879897401420.0,journalism journalistic ethic united states,['Documentary']
9927573613301420.0,journalist journalistic ethic journalism online digital medium,"['Broadcasting & Television', 'Documentary']"
99116086901421.0,journalistic ethic journalism privacy right mass medium,"['Documentary', 'Mass Media & Communication']"
99116210201421.0,journalistic ethic objectivity,['Documentary']
9927607767701420.0,journalistic ethic mass medium,"['Documentary', 'Mass Media & Communication']"
99119032701421.0,journalistic ethic,['Documentary']
9943865501421.0,journalism and literature woman,"['Poetry', 'Broadcasting & Television']"
9966616401421.0,hazlitt journalism and literature modernism,"['Broadcasting & Television', 'Children & Young Adult', 'Modernism & Postmodernism']"
9928316788301420.0,journalism and literature literary criticism,"['Gender & Sexuality Identity', 'Broadcasting & Television']"
99198317801421.0,journalism mass medium and art investigative reporting,"['Horror & Mystery', 'Mass Media & Communication']"
9928076166001420.0,journalism mass medium,['Mass Media & Communication']
99108400101421.0,journalism journalistic ethic,['Documentary']
99140679101421.0,journalism authorship,['Broadcasting & Television']
99128685801421.0,journalism authorship,['Broadcasting & Television']
9990254601421.0,authorship,[]
99116210701421.0,journalism newspaper,['Journalism & Politics']
99121868801421.0,journalism feature write,['Broadcasting & Television']
99216494901421.0,journalism reporter and report electronic book,"['Electronic & Digital Media', 'Journalism & Politics']"
99116207501421.0,journalism report write,"['Journalism & Politics', 'Broadcasting & Television']"
99227083501421.0,journalism,['Broadcasting & Television']
9931266001421.0,journalism reporter and report newspaper editor,"['Poetry', 'Journalism & Politics']"
99115747001421.0,journalism,['Broadcasting & Television']
9927798712201420.0,journalism medium study,['Mass Media & Communication']
99134539101421.0,journalistik journalism united states online cyberspace blog,['Broadcasting & Television']
99205832501421.0,journalism reporter and report,['Journalism & Politics']
99119657101421.0,investigative reporting public record,"['Modernism & Postmodernism', 'Horror & Mystery']"
99116425201421.0,investigative reporting public record computer network resource,['Horror & Mystery']
99133873201421.0,reporter and report journalism,['Journalism & Politics']
9994692901421.0,journalism libel and slander united states periodical reference source handbook manual style,['Journalism & Politics']
9928294555201420.0,journalism press law mass medium english language,"['Journalism & Politics', 'Mass Media & Communication']"
99123095001421.0,newspaper journalism,['Journalism & Politics']
9989843301421.0,business writing journalism authorship,"['Journalism & Politics', 'Film & Theater']"
9932787401421.0,bigart homer war correspondent reporter and report,['Journalism & Politics']
9943698601421.0,disaster pan flight bombing incident journalistic ethic mass medium,"['Documentary', 'Mass Media & Communication']"
9932046201421.0,journalism factor analysis,['Broadcasting & Television']
9930847801421.0,health risk assessment communication public environmental mass medium,"['Poetry', 'Mass Media & Communication']"
9943808601421.0,radio journalism broadcasting summit meeting world politic,['Broadcasting & Television']
9931311601421.0,television broadcasting news mass medium history modern electronic book,"['Electronic & Digital Media', 'Broadcasting & Television', 'Mass Media & Communication']"
9931624201421.0,television broadcasting news terrorism press and politic journalism,"['Journalism & Politics', 'Broadcasting & Television']"
9951775001421.0,television broadcasting news journalistic ethic,"['Broadcasting & Television', 'Documentary']"
9932613101421.0,terrorism and mass medium press politic,"['Journalism & Politics', 'Mass Media & Communication']"
9930769201421.0,war journalism pictorial photography,"['Gender & Sexuality Identity', 'Comedy & Humor', 'Journalism & Politics']"
9996094101421.0,broadcast journalism radio broadcasting television cable electronic news gathering,"['Broadcasting & Television', 'Horror & Mystery']"
99115786201421.0,broadcast journalism reporter and report write,"['Journalism & Politics', 'Broadcasting & Television']"
99116211701421.0,broadcast journalism reporter and report write,"['Journalism & Politics', 'Broadcasting & Television']"
99198382701421.0,citizen journalism online,['Broadcasting & Television']
99226639901421.0,citizen journalism online citizenship political participation,['Broadcasting & Television']
99198392401421.0,citizen journalism online user generate content,['Broadcasting & Television']
99205652701421.0,journalism commercial financial crisis united states,['Broadcasting & Television']
9983815101421.0,journalism commercial,['Broadcasting & Television']
9996066601421.0,journalism commercial,['Broadcasting & Television']
9966767701421.0,journalism commercial television broadcasting news,['Broadcasting & Television']
9928148556901420.0,journalism commercial united states,['Broadcasting & Television']
99119560301421.0,journalism commercial mass medium,['Mass Media & Communication']
99116190801421.0,copy edit newspaper,"['Journalism & Politics', 'Broadcasting & Television']"
99140742601421.0,press criticism,['Journalism & Politics']
9927728686301420.0,death journalism,"['Broadcasting & Television', 'Modernism & Postmodernism']"
9927786710101420.0,gaza war haiti earthquake terrorism cosmopolitanism death grief mass medium and globalization press coverage strip norway,['Mass Media & Communication']
99128994501421.0,disaster violence victim journalistic ethic,"['Film & Theater', 'Documentary']"
9981469301421.0,editorial united states,[]
9927993912801420.0,datum mining information visualization journalism,['Journalism & Politics']
9927787220301420.0,journalism fake news online history,['Broadcasting & Television']
99198382601421.0,feature write,['Broadcasting & Television']
99119171401421.0,feature write,['Broadcasting & Television']
9956973001421.0,feature write journalism,['Broadcasting & Television']
99116291901421.0,feature write journalism,['Broadcasting & Television']
99198346201421.0,feature write communication authorship,['Broadcasting & Television']
99198346101421.0,feature write,['Broadcasting & Television']
99143648401421.0,news journalism,['Broadcasting & Television']
99198355101421.0,news communication international journalism,['Broadcasting & Television']
9984459801421.0,news,['Broadcasting & Television']
99198355201421.0,interview journalism,['Broadcasting & Television']
9928249757801420.0,news avoidance psychology audience journalism mass medium,"['Broadcasting & Television', 'Mass Media & Communication']"
9985212501421.0,journalism journalistic ethic,['Documentary']
9988532601421.0,television broadcasting news united states journalism,['Broadcasting & Television']
9970548001421.0,journalism television broadcasting news,['Broadcasting & Television']
9927473611601420.0,journalism television broadcasting news,['Broadcasting & Television']
9957463601421.0,journalism mass medium journalistic ethic,"['Documentary', 'Mass Media & Communication']"
9927896607801420.0,journalism journalistic ethic social movement justice united states,"['Journalism & Politics', 'Documentary']"
9928093030901420.0,mass medium,['Mass Media & Communication']
99140659501421.0,online journalism electronic newspaper news gathering,"['Journalism & Politics', 'Broadcasting & Television']"
99115784601421.0,online journalism reporter and report digital medium,"['Journalism & Politics', 'Broadcasting & Television', 'Documentary']"
99217135201421.0,online journalism news audience argentina internet,"['Broadcasting & Television', 'Modernism & Postmodernism']"
99143732701421.0,online journalism blog,['Broadcasting & Television']
99140658901421.0,online journalism broadcast mass medium convergence telecommunication,"['Broadcasting & Television', 'Mass Media & Communication']"
99143734401421.0,online journalism blog united states mass medium political participation,"['Broadcasting & Television', 'Mass Media & Communication']"
99219537801421.0,online journalism,['Broadcasting & Television']
99140660401421.0,online journalism journalistic ethic,"['Broadcasting & Television', 'Documentary']"
99226618501421.0,online journalism digital medium,"['Broadcasting & Television', 'Documentary', 'Mass Media & Communication']"
9927527909601420.0,online journalism internet web publishing medium literacy convergence telecommunication citizen,"['Broadcasting & Television', 'Mass Media & Communication']"
9925504950001420.0,new haven independent online journalism electronic newspaper regional connecticut united states,"['Journalism & Politics', 'Broadcasting & Television']"
99143732101421.0,online journalism broadcast convergence telecommunication,['Broadcasting & Television']
9927648711101420.0,online journalism digital medium electronic newspaper,"['Broadcasting & Television', 'Documentary']"
99147435401421.0,online journalism,['Broadcasting & Television']
99143732401421.0,online journalism flash computer file,"['Journalism & Politics', 'Broadcasting & Television']"
99140661301421.0,online journalism information network digital medium,"['Broadcasting & Television', 'Documentary']"
99215195301421.0,online journalism digital medium,"['Broadcasting & Television', 'Documentary', 'Mass Media & Communication']"
9928149113601420.0,journalism online social medium and,"['Broadcasting & Television', 'Mass Media & Communication']"
9928274658601420.0,podcast online journalism journalistic ethic reportage literature,"['Broadcasting & Television', 'Documentary']"
99116209601421.0,radio journalism,['Broadcasting & Television']
9928383026601420.0,radio journalism,['Broadcasting & Television']
99198383401421.0,radio journalism,['Broadcasting & Television']
99142997201421.0,science journalism news,"['Science Fiction & Fantasy', 'Broadcasting & Television']"
9983924101421.0,science journalism,"['Science Fiction & Fantasy', 'Broadcasting & Television']"
9927496631401420.0,broadcast journalism television broadcasting news online social medium,['Broadcasting & Television']
9927743696101420.0,drone aircraft journalism,['Broadcasting & Television']
99143651201421.0,journalism,['Broadcasting & Television']
9928121792301420.0,journalism,['Broadcasting & Television']
9927887412101420.0,journalism online virtual reality,['Broadcasting & Television']
9927669612801420.0,journalism twitter,['Broadcasting & Television']
9957052801421.0,television broadcasting news journalism,['Broadcasting & Television']
99100794501421.0,television broadcasting news,['Broadcasting & Television']
99227096501421.0,television broadcasting news broadcast journalism,['Broadcasting & Television']
99115841401421.0,television broadcasting news,['Broadcasting & Television']
9957055001421.0,katz elihu television broadcasting news mass medium,"['Broadcasting & Television', 'Mass Media & Communication']"
99147094801421.0,terrorism,['Broadcasting & Television']
99128511801421.0,terrorism arab israeli conflict television broadcasting news,['Broadcasting & Television']
99198377601421.0,terrorism war journalism press and politic afghan iraq,['Journalism & Politics']
99119733001421.0,mass medium and language public opinion terrorism war discourse analysis,"['Poetry', 'Modernism & Postmodernism', 'Mass Media & Communication']"
9986630001421.0,terrorism war and mass medium,['Mass Media & Communication']
99135067401421.0,terrorism mass medium and,['Mass Media & Communication']
9927665308201420.0,violence social conflict war journalism cosmopolitanism mass medium and globalization,"['Film & Theater', 'Mass Media & Communication']"
9927755813601420.0,iraq war armed force and mass medium embed correspondent military intelligence press coverage,"['Journalism & Politics', 'Mass Media & Communication']"
99133404601421.0,war correspondent,['Journalism & Politics']
9995262201421.0,war correspondent,['Journalism & Politics']
99119032401421.0,war press and politic medium conflict,"['Journalism & Politics', 'Mass Media & Communication']"
9966592901421.0,war mass medium and ethnic relation,['Mass Media & Communication']
99199672701421.0,war social conflict management mass medium and journalism lebanon,['Mass Media & Communication']
9988204501421.0,war correspondent,['Journalism & Politics']
9996102301421.0,war,['Journalism & Politics']
99134210101421.0,war bride world,['Journalism & Politics']
9992989401421.0,woman journalism,['Mass Media & Communication']
9957481801421.0,woman,['Gender & Sexuality Identity']
9928221450201420.0,woman journalism journalist united states biography history,"['Science Fiction & Fantasy', 'Mass Media & Communication']"
9957036401421.0,woman and journalism television broadcasting news mass medium feminism,"['Broadcasting & Television', 'Mass Media & Communication']"
99142439501421.0,woman and journalism,['Mass Media & Communication']
9992721601421.0,journalism mass medium woman,['Mass Media & Communication']
9988473801421.0,columbia university,[]
99116212401421.0,journalism,['Broadcasting & Television']
99207212801421.0,journalism great britain medium study,['Mass Media & Communication']
99142437601421.0,journalism pulitzer prize,"['Gender & Sexuality Identity', 'Broadcasting & Television']"
99205468301421.0,newspaper journalism,['Journalism & Politics']
9928077987001420.0,english literature author feminism modernism sens and sensation technology woman criticism interpretation etc,"['Gender & Sexuality Identity', 'Modernism & Postmodernism', 'Documentary']"
9932835801421.0,faust woman and literature identity psychology,"['Gender & Sexuality Identity', 'Science Fiction & Fantasy']"
9932941201421.0,world war european literature woman,"['Poetry', 'Modernism & Postmodernism']"
9927732310801420.0,journalism attribution news audience history,['Broadcasting & Television']
99201978701421.0,journalism news audience attribution,['Broadcasting & Television']
9927533000701420.0,journalism online,['Broadcasting & Television']
9927808913601420.0,journalism online history,['Broadcasting & Television']
9927487403101420.0,war correspondent,['Journalism & Politics']
9927607767201420.0,periodical,['Gender & Sexuality Identity']
9931543201421.0,american periodical,['Gender & Sexuality Identity']
9996431001421.0,electronic newspaper,"['Electronic & Digital Media', 'Journalism & Politics']"
9927619211801420.0,online journalism citizen,['Broadcasting & Television']
9988535501421.0,online journalism periodical electronic journal,"['Gender & Sexuality Identity', 'Electronic & Digital Media', 'Broadcasting & Television']"
99143732901421.0,electronic newspaper online journalism,"['Journalism & Politics', 'Electronic & Digital Media', 'Broadcasting & Television']"
99116208701421.0,electronic journal,['Electronic & Digital Media']
9983025401421.0,frank leslie illustrate newspaper periodical united states history,"['Gender & Sexuality Identity', 'Journalism & Politics', 'Broadcasting & Television']"
9927743695401420.0,illustrate periodical photojournalism photography press and propaganda history,"['Gender & Sexuality Identity', 'Journalism & Politics', 'Modernism & Postmodernism']"
9927749499101420.0,little magazine literature and society modernism history,"['Holocaust & Jewish Studies', 'Modernism & Postmodernism']"
99194494101421.0,zine woman periodical,['Gender & Sexuality Identity']
9956540801421.0,american society newspaper editor,"['Poetry', 'Holocaust & Jewish Studies', 'Journalism & Politics']"
99142094901421.0,associated press journalism,['Journalism & Politics']
99147237101421.0,associated press journalism,['Journalism & Politics']
99117476301421.0,texas press association american newspaper journalism,['Journalism & Politics']
9927462004501420.0,catholic literature censorship modernism christian theology church electronic book,"['Electronic & Digital Media', 'Film & Theater', 'Modernism & Postmodernism']"
9980596201421.0,journalism,['Broadcasting & Television']
9927556406201420.0,american prose literature journalism electronic book,"['Electronic & Digital Media', 'Film & Theater', 'Broadcasting & Television']"
9984020901421.0,journalism september terrorist attack,['Broadcasting & Television']
99116211401421.0,journalism,['Broadcasting & Television']
99219037501421.0,journalism,['Broadcasting & Television']
9927809085901420.0,journalism united states history,['Broadcasting & Television']
9943202601421.0,american newspaper british united states,['Journalism & Politics']
99225572101421.0,journalism press,['Journalism & Politics']
9976647401421.0,journalism journalist,"['Science Fiction & Fantasy', 'Broadcasting & Television']"
99119608601421.0,journalism,['Broadcasting & Television']
9944562501421.0,press,['Journalism & Politics']
9930964601421.0,american newspaper press,['Journalism & Politics']
99227206101421.0,journalism journalist reporter and report american newspaper,"['Science Fiction & Fantasy', 'Journalism & Politics']"
99119765701421.0,american newspaper,['Journalism & Politics']
99145804501421.0,journalism press and politic,['Journalism & Politics']
99128221301421.0,journalism,['Broadcasting & Television']
9956258101421.0,american newspaper serialized fiction,"['Science Fiction & Fantasy', 'Journalism & Politics']"
9943998101421.0,journalism press and politic united states,['Journalism & Politics']
9927864022401420.0,press united states,['Journalism & Politics']
9989620601421.0,journalism,['Broadcasting & Television']
99123017801421.0,journalism,['Broadcasting & Television']
99119128901421.0,journalism mass medium convergence telecommunication,['Mass Media & Communication']
9980800801421.0,jaffe louis journalist norfolk,['Science Fiction & Fantasy']
9933185101421.0,american newspaper reporter and report,['Journalism & Politics']
99115735101421.0,journalism nonfiction novel journalist,"['Science Fiction & Fantasy', 'Broadcasting & Television', 'Comedy & Humor']"
9957053301421.0,journalism vietnam war,['Journalism & Politics']
9956978101421.0,journalism world war,['Journalism & Politics']
99117187401421.0,american newspaper journalism,['Journalism & Politics']
9927749891301420.0,journalist journalism online united states history,"['Science Fiction & Fantasy', 'Broadcasting & Television']"
99215253101421.0,journalism,['Broadcasting & Television']
9927728684701420.0,social medium journalism mass and youth press online citizen united states,"['Broadcasting & Television', 'Mass Media & Communication']"
99140530801421.0,mass medium policy,['Mass Media & Communication']
99205369401421.0,journalism journalistic ethic information society news audience affective neuroscience,"['Broadcasting & Television', 'Documentary']"
9927747445001420.0,washington post company boston globe orange county register bezos jeffrey henry kushner aaron newspaper publishing publisher and journalism electronic,['Journalism & Politics']
99198342101421.0,journalism mass medium,['Mass Media & Communication']
99205267001421.0,journalism journalist,"['Science Fiction & Fantasy', 'Broadcasting & Television']"
99199404301421.0,journalism newspaper,['Journalism & Politics']
99228606401421.0,journalism,['Broadcasting & Television']
9927828088401420.0,journalism fake news united states history,['Broadcasting & Television']
9927583691401420.0,journalism citizen online social medium,"['Broadcasting & Television', 'Mass Media & Communication']"
99215338801421.0,journalism,['Broadcasting & Television']
9928147559201420.0,correspondent journalism thompson dorothy sheean vincent knickerbocker gunther france united states biography history,['Journalism & Politics']
9996067001421.0,journalist reporter and report,"['Science Fiction & Fantasy', 'Journalism & Politics']"
9932787201421.0,journalist journalism,"['Science Fiction & Fantasy', 'Broadcasting & Television']"
9984866701421.0,journalist journalism investigative reporting,"['Science Fiction & Fantasy', 'Horror & Mystery']"
9965558101421.0,rosholt malcolm leviatt journalist correspondent china,"['Science Fiction & Fantasy', 'Journalism & Politics']"
9931182301421.0,journalist,['Science Fiction & Fantasy']
9933067501421.0,woman journalist journalism united states history interview,['Science Fiction & Fantasy']
9990083001421.0,woman journalist journalism,['Science Fiction & Fantasy']
99145196401421.0,woman journalist journalism,['Science Fiction & Fantasy']
9958813201421.0,woman journalism journalist,"['Science Fiction & Fantasy', 'Mass Media & Communication']"
9945236501421.0,alsop stewart journalist press and politic united states cold war,['Journalism & Politics']
9951376101421.0,brinkley david television journalist,"['Science Fiction & Fantasy', 'Film & Theater', 'Broadcasting & Television']"
9932539201421.0,davis frank marshall african american journalist united states,"['Science Fiction & Fantasy', 'Broadcasting & Television']"
9931502101421.0,duranty walter correspondent soviet union,"['Journalism & Politics', 'Film & Theater', 'Mass Media & Communication']"
99197198601421.0,fadiman anne,[]
9932638901421.0,hunter gault charlayne journalist,['Science Fiction & Fantasy']
9943845701421.0,luce henry robinson journalist publisher and publishing,"['Science Fiction & Fantasy', 'Journalism & Politics']"
9957049501421.0,periwinkle pauline woman journalist progressivism united states politics social action dallas tex,['Science Fiction & Fantasy']
9930767701421.0,pulitzer louis post dispatch history journalist united states,['Science Fiction & Fantasy']
9930872701421.0,reston james journalist united states,"['Science Fiction & Fantasy', 'Mass Media & Communication']"
9943433301421.0,staple brent journalist newspaper editor african americans,"['Poetry', 'Science Fiction & Fantasy', 'Journalism & Politics']"
9932392701421.0,stone journalist,['Science Fiction & Fantasy']
9944178701421.0,tarbell ida woman journalist,['Science Fiction & Fantasy']
9928450783101420.0,literature publisher and publishing woman censorship anderson margaret united states biography,"['Gender & Sexuality Identity', 'Journalism & Politics']"
9957683701421.0,annenberg walter moses louis journalist publisher and publishing ambassador philanthropist,"['Science Fiction & Fantasy', 'Journalism & Politics', 'Mass Media & Communication']"
9927170070001420.0,barker eddie kennedy television journalist broadcasting news reporter and report,"['Journalism & Politics', 'Broadcasting & Television']"
9991387601421.0,barry dan journalist,['Science Fiction & Fantasy']
9927552302401420.0,blow journalist african american,['Science Fiction & Fantasy']
99144885301421.0,bowden mark journalist journalism,"['Science Fiction & Fantasy', 'Broadcasting & Television']"
99225660201421.0,bradlee benjamin journalist,['Science Fiction & Fantasy']
9927652049801420.0,brown helen gurley periodical editor woman biography,['Gender & Sexuality Identity']
9927669980301420.0,brown helen gurley periodical editor united states,['Gender & Sexuality Identity']
99148717801421.0,brown helen gurley periodical editor,['Gender & Sexuality Identity']
99135072301421.0,buckley journalist,['Science Fiction & Fantasy']
9927712363401420.0,buckley journalist friendship united states conservatism biography,"['Science Fiction & Fantasy', 'Journalism & Politics']"
9995506701421.0,campion nardi reeder thomas journalist married people,"['Science Fiction & Fantasy', 'Film & Theater']"
9987794701421.0,carlson tucker cable news network journalist television broadcasting,['Broadcasting & Television']
9927829409801420.0,carter amon gile journalist publisher and publishing civic leader texas,"['Science Fiction & Fantasy', 'Journalism & Politics']"
99206153401421.0,carter amon gile journalist publisher and publishing texas,"['Science Fiction & Fantasy', 'Journalism & Politics']"
99148969601421.0,,[]
9943731701421.0,bly nellie woman journalist,['Science Fiction & Fantasy']
9995661201421.0,cohen jennifer beth correspondent journalist,"['Science Fiction & Fantasy', 'Journalism & Politics']"
99127756101421.0,cooper anderson television journalist,"['Science Fiction & Fantasy', 'Film & Theater', 'Broadcasting & Television']"
99133589601421.0,coulter ann,[]
9927532213501420.0,cronkite walter journalist,"['Science Fiction & Fantasy', 'Mass Media & Communication']"
99225572201421.0,cronkite walter television journalist,"['Science Fiction & Fantasy', 'Film & Theater', 'Broadcasting & Television', 'Mass Media & Communication']"
99128730201421.0,cronley connie journalist,['Science Fiction & Fantasy']
9984205101421.0,daniel newspaper editor,"['Poetry', 'Journalism & Politics']"
99129616001421.0,dickerson nancy television journalist woman,"['Science Fiction & Fantasy', 'Film & Theater', 'Broadcasting & Television']"
9987793801421.0,dirda journalist critic,"['Science Fiction & Fantasy', 'Mass Media & Communication']"
9958650501421.0,donovan journalist,['Science Fiction & Fantasy']
9983816301421.0,september terrorist attack world politic fallaci oriana woman journalist,"['Science Fiction & Fantasy', 'Broadcasting & Television']"
9927671966501420.0,faludi susan woman journalist father and daughter identity psychology sex change male female transsexual,"['Science Fiction & Fantasy', 'Journalism & Politics', 'Children & Young Adult']"
99145786501421.0,field kate journalist author american,['Science Fiction & Fantasy']
99117274101421.0,finkel longo christian journalist journalism murderer prisoner child labor false personation children juvenile young,"['Science Fiction & Fantasy', 'Children & Young Adult']"
99111067701421.0,gelb arthur journalist,['Science Fiction & Fantasy']
99201828401421.0,american prose literature popular culture social value,['Popular Culture & Media']
99129118501421.0,goldberg jeffrey jewish journalist hijazi rafiq palestinian arabs arab israeli conflict middle,"['Science Fiction & Fantasy', 'Holocaust & Jewish Studies', 'Film & Theater', 'Mass Media & Communication']"
99199903601421.0,periodical audiobook,['Gender & Sexuality Identity']
9927806412401420.0,murder criminal behavior obsessive compulsive disorder psychology united states case study,"['Science Fiction & Fantasy', 'Modernism & Postmodernism', 'Broadcasting & Television']"
9990852701421.0,elizondo griest stephanie journalist mexican american woman americans and mass medium communism society china cuba russia federation,"['Journalism & Politics', 'Mass Media & Communication']"
99145817101421.0,grogan journalist detroit mich,['Science Fiction & Fantasy']
9984620601421.0,gruber ruth correspondent alaska israel,['Journalism & Politics']
99125563401421.0,hammer angela hutchinson journalist woman,"['Gender & Sexuality Identity', 'Science Fiction & Fantasy']"
9927882483601420.0,correspondent united states hansen suzy international relation public opinion turkish travel turkey reporter and report biography autobiography,"['Journalism & Politics', 'Modernism & Postmodernism']"
99229146401421.0,hearst randolph publisher and publishing newspaper journalist,"['Science Fiction & Fantasy', 'Journalism & Politics']"
99145667501421.0,hefner hugh journalist,['Science Fiction & Fantasy']
9927809799101420.0,hersh seymour journalist united states nonfiction biography autobiography,"['Science Fiction & Fantasy', 'Comedy & Humor']"
9927993370501420.0,television journalist radio hispanic american hinojosa maria woman united states biography autobiography,"['Science Fiction & Fantasy', 'Film & Theater', 'Broadcasting & Television']"
99217353001421.0,american essay,['Popular Culture & Media']
9927737511101420.0,idov periodical editor americans autobiography,['Gender & Sexuality Identity']
99197287801421.0,ivin molly woman journalist,['Science Fiction & Fantasy']
9969867101421.0,journalist,['Science Fiction & Fantasy']
99148416201421.0,kilgore bernard journalist newspaper editor,"['Poetry', 'Science Fiction & Fantasy', 'Journalism & Politics']"
99129006701421.0,klose,[]
9927825606201420.0,krauthammer popular culture united states politic and government political science essay,"['Science Fiction & Fantasy', 'Popular Culture & Media']"
9995264401421.0,,[]
9927509413001420.0,ling laura lisa clinton bill hostage journalist americans korea,['Science Fiction & Fantasy']
9927748210001420.0,thomas lowell journalist united states,"['Science Fiction & Fantasy', 'Film & Theater']"
99199243701421.0,luce henry robinson journalist publisher and publishing periodical,"['Gender & Sexuality Identity', 'Science Fiction & Fantasy', 'Journalism & Politics']"
9928162553001420.0,woman journalist critic malcolm janet united states biography autobiography,"['Science Fiction & Fantasy', 'Mass Media & Communication']"
9927665411201420.0,mankiewicz frank journalist press secretary political consultant,"['Science Fiction & Fantasy', 'Journalism & Politics', 'Broadcasting & Television']"
9927683704201420.0,mcclatchy newspaper editor sacramento bee publishing,"['Poetry', 'Journalism & Politics']"
9970042801421.0,mcgill ralph journalist southern state african americans,"['Science Fiction & Fantasy', 'Journalism & Politics', 'Comedy & Humor']"
99119042101421.0,mcwilliams carey journalist,['Science Fiction & Fantasy']
99213352601421.0,mape mary television journalist press and politic bush george,['Journalism & Politics']
99225163301421.0,martinez domingo journalist mexican americans,"['Science Fiction & Fantasy', 'Journalism & Politics']"
99142066301421.0,matthews herbert lionel journalist castro fidel,['Science Fiction & Fantasy']
9927613113501420.0,mcgrory mary woman journalist,['Science Fiction & Fantasy']
99119555601421.0,,[]
99116596401421.0,navasky victor editor nation new york journalism,"['Poetry', 'Journalism & Politics']"
9957597401421.0,norton eliot nation new york journalist author american criticism united states,"['Science Fiction & Fantasy', 'Journalism & Politics']"
99136213001421.0,novak journalist,['Science Fiction & Fantasy']
9928437606701420.0,orlean susan woman author journalist autobiography informational work,"['Science Fiction & Fantasy', 'Comedy & Humor']"
99215257001421.0,james journalist newspaper editor los angeles times history century publishing american press monopoly,"['Poetry', 'Journalism & Politics']"
9986550101421.0,journalist,['Science Fiction & Fantasy']
99220472201421.0,patterson eleanor medill journalist publisher and publishing,"['Science Fiction & Fantasy', 'Journalism & Politics']"
9988263401421.0,pearl daniel journalist,['Science Fiction & Fantasy']
9927898713801420.0,pettit burle sportswriter newspaper editor moran tex texas manner and custom anecdote biography autobiography,"['Poetry', 'Comedy & Humor']"
9928038293901420.0,phillips bob texas country reporter history television journalist nonfiction program,['Broadcasting & Television']
99198383001421.0,pulitzer journalist,['Science Fiction & Fantasy']
9956980901421.0,pyle ernie war correspondent world,['Journalism & Politics']
99226560901421.0,rather dan television journalist,"['Science Fiction & Fantasy', 'Film & Theater', 'Broadcasting & Television']"
9996066501421.0,rather dan journalist television broadcasting news,['Broadcasting & Television']
99145113501421.0,rather dan television journalist,"['Science Fiction & Fantasy', 'Film & Theater', 'Broadcasting & Television']"
9928212859701420.0,baron martin journalist newspaper editor trump donald president washington post history united states politic and government press coverage biography autobiography,"['Poetry', 'Science Fiction & Fantasy', 'Journalism & Politics']"
9991538101421.0,rise alison journalist,['Science Fiction & Fantasy']
9989689001421.0,ross harold wallace journalist editor,"['Poetry', 'Science Fiction & Fantasy']"
9945148101421.0,ross harold wallace new yorker york journalist,"['Science Fiction & Fantasy', 'Journalism & Politics']"
9928046996801420.0,royko mike journalist chicago ill illinois united states biography,"['Science Fiction & Fantasy', 'Journalism & Politics']"
9957975501421.0,royko mike journalism journalist chicago ill,"['Science Fiction & Fantasy', 'Journalism & Politics']"
99135010401421.0,schiff dorothy journalist publisher and publishing new york post,"['Science Fiction & Fantasy', 'Journalism & Politics']"
99128846101421.0,sherr lynn television journalist,"['Science Fiction & Fantasy', 'Film & Theater', 'Broadcasting & Television']"
9927864022501420.0,gay journalist shilt randy united states biography,"['Gender & Sexuality Identity', 'Science Fiction & Fantasy']"
99216777001421.0,shipp bert television journalist broadcasting news,"['Science Fiction & Fantasy', 'Broadcasting & Television']"
9928148356001420.0,smith journalist lawyer press and politic united states history autobiography biography,"['Science Fiction & Fantasy', 'Journalism & Politics']"
99119245301421.0,snow carmel periodical editor harper bazaar,['Gender & Sexuality Identity']
99133257601421.0,snow helen foster journalist americans,['Science Fiction & Fantasy']
9957481101421.0,stahl lesley reporter and report woman television journalist united states,"['Science Fiction & Fantasy', 'Journalism & Politics']"
9989977201421.0,stapinski helene journalist drummer musician,['Science Fiction & Fantasy']
9991379001421.0,steinbach alice journalist,['Science Fiction & Fantasy']
9986160601421.0,sterba jim fitzgerald france journalist,['Science Fiction & Fantasy']
99128676001421.0,stone journalist,['Science Fiction & Fantasy']
9996067401421.0,stone journalist,['Science Fiction & Fantasy']
9971091101421.0,tammeus bill journalist american newspaper united states personal correspondence abstract,"['Science Fiction & Fantasy', 'Journalism & Politics']"
99144181301421.0,tarbell ida rockefeller,[]
9977902601421.0,thomas helen woman journalist president united states,"['Poetry', 'Science Fiction & Fantasy', 'Film & Theater']"
9965695901421.0,thompson hunter journalist,['Science Fiction & Fantasy']
9958234801421.0,journalist thompson hunter united states biography autobiography,['Science Fiction & Fantasy']
99205566101421.0,thompson hunter journalist,['Science Fiction & Fantasy']
9985319801421.0,thompson hunter journalist,['Science Fiction & Fantasy']
99208319901421.0,thompson hunter journalist audiobook,['Science Fiction & Fantasy']
99141232101421.0,thompson hunter journalist,['Science Fiction & Fantasy']
9928343155201420.0,journalist new york trebay guy manner and custom state autobiography,"['Comedy & Humor', 'Journalism & Politics']"
9979540201421.0,valesh eva mcdonald journalist labor journalism,"['Science Fiction & Fantasy', 'Broadcasting & Television']"
9927825709501420.0,vargas jose antonio noncitizen journalist filipino americans motion picture producer and director united states autobiography biography,"['Science Fiction & Fantasy', 'Film & Theater']"
99133502201421.0,watterson henry newspaper editor journalist,"['Poetry', 'Science Fiction & Fantasy', 'Journalism & Politics']"
9927517114001420.0,white owen journalist author american,"['Science Fiction & Fantasy', 'Journalism & Politics']"
9996054001421.0,williams patricia journalist african american woman,"['Gender & Sexuality Identity', 'Science Fiction & Fantasy']"
99134537501421.0,woodruff bob lee journalist iraq war,"['Science Fiction & Fantasy', 'Journalism & Politics']"
99129329601421.0,woodward bob bernstein carl journalist watergate affair washington post times herald,['Science Fiction & Fantasy']
9956199701421.0,american periodical literature and society realism the press,"['Gender & Sexuality Identity', 'Holocaust & Jewish Studies', 'Journalism & Politics']"
9927583696601420.0,american periodical publisher and publishing,"['Gender & Sexuality Identity', 'Journalism & Politics']"
99140669701421.0,journalism grief mass medium and culture death popular,"['Popular Culture & Media', 'Mass Media & Communication']"
99140682601421.0,american periodical journalism history mass medium memory,['Mass Media & Communication']
9944373501421.0,american periodical journalism popular culture,"['Gender & Sexuality Identity', 'Broadcasting & Television', 'Popular Culture & Media']"
9932673801421.0,american periodical public opinion united states,"['Gender & Sexuality Identity', 'Modernism & Postmodernism']"
99217135101421.0,american periodical,['Gender & Sexuality Identity']
9958107801421.0,youth periodical teenage girl woman american sex role mass medium,"['Comedy & Humor', 'Popular Culture & Media', 'Mass Media & Communication']"
9965920801421.0,little magazine underground periodical press and politcs,"['Gender & Sexuality Identity', 'Holocaust & Jewish Studies', 'Journalism & Politics']"
9932590801421.0,little magazine periodical publishing,['Gender & Sexuality Identity']
9927585510401420.0,little magazine periodical editor united states,['Gender & Sexuality Identity']
9927806408001420.0,little magazine literature and society american united states criticism interpretation etc history,['Holocaust & Jewish Studies']
99111227801421.0,little magazine soviet union press and politic,"['Gender & Sexuality Identity', 'Journalism & Politics', 'Film & Theater']"
9924749910001420.0,pound ezra little magazine modernism literature culture litteratur tidskrifter,"['Gender & Sexuality Identity', 'Modernism & Postmodernism', 'Popular Culture & Media']"
9974074401421.0,american periodical fantasy fiction detective and mystery story pulp literature,"['Gender & Sexuality Identity', 'Science Fiction & Fantasy', 'Horror & Mystery']"
9984090401421.0,woman periodical american,['Gender & Sexuality Identity']
9990458101421.0,woman periodical american journalism television,"['Gender & Sexuality Identity', 'Broadcasting & Television']"
9944353301421.0,lady home journal saturday evening post philadelphia woman periodical american sex role mass medium,"['Gender & Sexuality Identity', 'Popular Culture & Media', 'Mass Media & Communication']"
9967811401421.0,woman periodical american,['Gender & Sexuality Identity']
9957178701421.0,woman periodical american,['Gender & Sexuality Identity']
9957078901421.0,ethnic press american newspaper periodical,"['Journalism & Politics', 'Modernism & Postmodernism']"
9958241001421.0,african american newspaper periodical americans union catalog,"['Journalism & Politics', 'Film & Theater']"
9971085601421.0,african american press,['Journalism & Politics']
9927666412601420.0,african american press newspaper and politic americans mass medium united states,"['Journalism & Politics', 'Mass Media & Communication']"
9927820814001420.0,african american newspaper americans mass medium man history,"['Journalism & Politics', 'Mass Media & Communication']"
9933263901421.0,african american press newspaper,['Journalism & Politics']
9968731601421.0,african american press newspaper world war,['Journalism & Politics']
9966441601421.0,african americans the newspaper industry american journalist,"['Journalism & Politics', 'Science Fiction & Fantasy', 'Broadcasting & Television']"
9992714501421.0,african american periodical woman,['Gender & Sexuality Identity']
99133784301421.0,african american newspaper,['Journalism & Politics']
9929018301421.0,african american press newspaper journalist,"['Science Fiction & Fantasy', 'Journalism & Politics']"
9933323601421.0,african american newspaper periodical union catalog,"['Journalism & Politics', 'Film & Theater']"
9931536601421.0,german american newspaper periodical americans political culture radicalism,"['Science Fiction & Fantasy', 'Holocaust & Jewish Studies', 'Journalism & Politics', 'Popular Culture & Media']"
9927556308201420.0,italian american newspaper americans white immigrant united states,"['Gender & Sexuality Identity', 'Journalism & Politics', 'Broadcasting & Television']"
9927956891801420.0,yiddish newspaper jewish jews socialism and judaism socialist new york state united states history,"['Holocaust & Jewish Studies', 'Journalism & Politics']"
9930707701421.0,crime and the press investigative reporting newspaper court report journalism legal,"['Journalism & Politics', 'Horror & Mystery']"
9964992501421.0,journalistic ethic freedom the press government and mass medium,"['Journalism & Politics', 'Documentary', 'Mass Media & Communication']"
9958081901421.0,hispanic americans journalism american newspaper mass medium and journalist ethnic press,"['Journalism & Politics', 'Mass Media & Communication']"
9943949201421.0,cbs news press and politic television broadcasting radio journalism public opinion,"['Journalism & Politics', 'Broadcasting & Television', 'Modernism & Postmodernism']"
9951771801421.0,jewish arab relation intifada correspondent news television broadcasting,['Broadcasting & Television']
9947060101421.0,letter the editor advice column american newspaper,"['Poetry', 'Holocaust & Jewish Studies', 'Journalism & Politics']"
9944507601421.0,press journalistic ethic,"['Journalism & Politics', 'Documentary']"
9944071701421.0,journalism government and the press,"['Science Fiction & Fantasy', 'Journalism & Politics']"
9957843501421.0,press and politic journalism united states,['Journalism & Politics']
9932512501421.0,journalism,['Broadcasting & Television']
9933519201421.0,press and politic american newspaper television broadcasting news united states,"['Journalism & Politics', 'Broadcasting & Television']"
9930637901421.0,press and politic journalism libel slander law united states,['Journalism & Politics']
9945119701421.0,racism the press mass medium and race relation television broadcasting news,"['Journalism & Politics', 'Broadcasting & Television', 'Mass Media & Communication']"
9932268801421.0,sex crime press public opinion mass medium,"['Modernism & Postmodernism', 'Mass Media & Communication']"
9943436601421.0,journalism freedom the press violence and politic,['Journalism & Politics']
9931411701421.0,tabloid newspaper journalism popular culture,"['Journalism & Politics', 'Popular Culture & Media']"
9932423401421.0,television broadcasting news and politic public opinion,"['Broadcasting & Television', 'Modernism & Postmodernism']"
9930614001421.0,minute television program broadcasting news,['Broadcasting & Television']
9931092001421.0,television broadcasting news government and the press freedom war correspondent photographer united states,"['Journalism & Politics', 'Science Fiction & Fantasy', 'Broadcasting & Television']"
9930943901421.0,television broadcasting news mass medium,"['Broadcasting & Television', 'Mass Media & Communication']"
9931535501421.0,television broadcasting news united states,['Broadcasting & Television']
9930889401421.0,television broadcasting news and politic journalism,['Broadcasting & Television']
9932118501421.0,television broadcasting news persian gulf war,['Broadcasting & Television']
9943764501421.0,television broadcasting news drug control cocaine industry,['Broadcasting & Television']
9943274701421.0,underground press publication human right vietnam war,['Journalism & Politics']
9930807801421.0,woman right periodical american,"['Gender & Sexuality Identity', 'Journalism & Politics']"
9928085264101420.0,advice column american newspaper united states history,['Journalism & Politics']
9986109301421.0,caribbean area,[]
9977355501421.0,caribbean area television broadcasting news,['Broadcasting & Television']
9985302701421.0,catholic press central america coverage united states,['Journalism & Politics']
9927583806101420.0,community newspaper publishing,"['Holocaust & Jewish Studies', 'Journalism & Politics']"
9958469301421.0,conservatism the press research institute spin doctor,['Journalism & Politics']
9927707895101420.0,journalism mass medium and public opinion communication politic culture truthfulness falsehood,"['Modernism & Postmodernism', 'Popular Culture & Media', 'Mass Media & Communication']"
99205575901421.0,crime and the press mass medium language united states,['Mass Media & Communication']
9957053401421.0,crime and the press investigative reporting television broadcasting news sensationalism journalism,"['Broadcasting & Television', 'Horror & Mystery']"
99128803601421.0,crime and the press african americans woman,"['Gender & Sexuality Identity', 'Journalism & Politics', 'Horror & Mystery']"
9928049795601420.0,crime and the press mexican american border region,"['Journalism & Politics', 'Horror & Mystery', 'Modernism & Postmodernism']"
99140531301421.0,editorial page,[]
9927588688401420.0,journalist motion picture literature popular culture,"['Science Fiction & Fantasy', 'Popular Culture & Media']"
99134320301421.0,journalistic ethic journalism,['Documentary']
9928073054001420.0,fake news medium literacy united states history,"['Broadcasting & Television', 'Mass Media & Communication']"
9927733823601420.0,fake news united states,['Broadcasting & Television']
99142696701421.0,feature story american newspaper,"['Electronic & Digital Media', 'Journalism & Politics']"
9986414201421.0,news,['Broadcasting & Television']
99144978401421.0,hispanic americans mexican immigrant citizenship emigration and immigration law prejudice the press,"['Journalism & Politics', 'Broadcasting & Television']"
9927683697901420.0,indians america illustrate periodical journalism pictorial visual communication stereotype social psychology popular culture public opinion united states,"['Science Fiction & Fantasy', 'Modernism & Postmodernism', 'Popular Culture & Media']"
9927583698501420.0,press and politic journalism,['Journalism & Politics']
9927608111501420.0,press and politic journalism united states,['Journalism & Politics']
99140682701421.0,investigative reporter and editor inc bolle don reporting,"['Poetry', 'Journalism & Politics', 'Horror & Mystery']"
9927671967001420.0,investigative reporting press journalism government and the,"['Journalism & Politics', 'Horror & Mystery']"
99207214001421.0,investigative reporting watergate affair bernstein carl woodward bob,['Horror & Mystery']
99134138301421.0,lynch journalism,['Broadcasting & Television']
9956982601421.0,minority journalism public opinion united states,"['Broadcasting & Television', 'Modernism & Postmodernism']"
9988472301421.0,minority ethnic press,"['Journalism & Politics', 'Modernism & Postmodernism']"
9985809601421.0,nicaragua,[]
9927716899801420.0,journalism mass medium united states,['Mass Media & Communication']
9992736301421.0,journalism mass medium united states politic and government,"['Science Fiction & Fantasy', 'Mass Media & Communication']"
9927716900301420.0,journalism journalistic ethic digital medium united states,['Documentary']
9965815301421.0,journalism mass medium press and politic,"['Journalism & Politics', 'Mass Media & Communication']"
9927513405801420.0,journalism press and politic,['Journalism & Politics']
9983994801421.0,journalism united states,['Broadcasting & Television']
9995924401421.0,journalism guerrilla news network united states,['Broadcasting & Television']
99134213701421.0,journalism,['Broadcasting & Television']
9957036101421.0,journalism,['Broadcasting & Television']
9983877301421.0,journalism mass medium,['Mass Media & Communication']
99119033301421.0,journalism press and politic reporter report,['Journalism & Politics']
9927712391701420.0,journalism press and politic,['Journalism & Politics']
99140744201421.0,american newspaper journalism,['Journalism & Politics']
99134324301421.0,petroleum industry and trade offense against the environment,['Broadcasting & Television']
9991268501421.0,united states press and politic,['Journalism & Politics']
99129623701421.0,journalism,['Broadcasting & Television']
9924608670001420.0,journalism censorship,['Journalism & Politics']
9924608730001420.0,journalism censorship,['Journalism & Politics']
9927619412101420.0,journalism censorship,['Journalism & Politics']
9933268501421.0,journalistic ethic news journalism mass medium,"['Documentary', 'Mass Media & Communication']"
99128029501421.0,press and politic television broadcasting news political campaign president,"['Journalism & Politics', 'Broadcasting & Television']"
99133544401421.0,press and politic,['Journalism & Politics']
9984701101421.0,journalism,['Broadcasting & Television']
99177734401421.0,journalism journalistic ethic,['Documentary']
9927728680801420.0,snowden freedom the press journalism confidential communication government and electronic surveillance leak disclosure information,['Journalism & Politics']
9979535701421.0,press and politic journalism,['Journalism & Politics']
99217134801421.0,press and politic investigative reporting,"['Journalism & Politics', 'Horror & Mystery']"
99119031901421.0,press and politic knight ridder newspaper inc american,['Journalism & Politics']
9927523492101420.0,press and politic government the,"['Science Fiction & Fantasy', 'Journalism & Politics']"
9956310201421.0,press and politic,['Journalism & Politics']
99116088901421.0,press and politic democracy freedom the government,"['Science Fiction & Fantasy', 'Journalism & Politics']"
99217333601421.0,race relation and the press racism mass medium united states politic,"['Journalism & Politics', 'Mass Media & Communication']"
9927715013501420.0,united states report national advisory commission civil disorder racism the press race relation and journalism african americans influence literary artistic etc history,"['Journalism & Politics', 'Documentary']"
99207183901421.0,united states racism the press race relation and minority propaganda anti american public opinion,"['Journalism & Politics', 'Modernism & Postmodernism']"
99133182801421.0,race relation african americans,['Journalism & Politics']
99136207001421.0,racism the press race relation and multiracial people,['Journalism & Politics']
9927854210301420.0,journalism religious holocaust jewish newspaper and periodical united states history,"['Holocaust & Jewish Studies', 'Journalism & Politics']"
9927533000201420.0,journalism prejudice the press television broadcasting news and politic mass medium,"['Broadcasting & Television', 'Mass Media & Communication']"
99198367101421.0,journalism social problem progressivism united states politics,"['Broadcasting & Television', 'Popular Culture & Media']"
99135658301421.0,journalism,['Broadcasting & Television']
9927864413201420.0,journalism social medium news audience mass united states,"['Broadcasting & Television', 'Mass Media & Communication']"
99148719901421.0,tabloid newspaper sensationalism journalism,['Journalism & Politics']
9984235101421.0,tabloid newspaper sensationalism journalism,['Journalism & Politics']
9990378401421.0,television broadcasting news,['Broadcasting & Television']
9988545501421.0,television broadcasting news magazine format program united states,['Broadcasting & Television']
99147175901421.0,television broadcasting news cold war propaganda,['Broadcasting & Television']
9927749211001420.0,television broadcasting news and politic aile roger fox united states,['Broadcasting & Television']
99213358401421.0,television broadcasting news,['Broadcasting & Television']
99119029501421.0,television broadcasting news reporter and report,"['Journalism & Politics', 'Broadcasting & Television']"
99140637001421.0,television broadcasting news anchor,['Broadcasting & Television']
9927993371801420.0,cable news network television broadcasting turner te united states history,['Broadcasting & Television']
99143734101421.0,television broadcasting news online journalism,['Broadcasting & Television']
9928085265501420.0,television broadcasting news minute program united states biography,['Broadcasting & Television']
9992632101421.0,cable news network television broadcasting persian gulf war public opinion iraq,"['Broadcasting & Television', 'Modernism & Postmodernism']"
9927993475701420.0,television and politic broadcasting news truthfulness falsehood trump donald fox disease government press united states since,"['Science Fiction & Fantasy', 'Broadcasting & Television']"
9928241639401420.0,fox news television broadcasting and politic propaganda murdoch rupert united states informational work,['Broadcasting & Television']
99207111001421.0,underground press publication human right vietnam war,['Journalism & Politics']
9927583694401420.0,underground press publication socialist labor and politic,"['Holocaust & Jewish Studies', 'Journalism & Politics']"
99205712601421.0,underground press publication radicalism and politic,"['Holocaust & Jewish Studies', 'Journalism & Politics']"
99125690601421.0,underground press publication social problem justice,"['Holocaust & Jewish Studies', 'Journalism & Politics', 'Popular Culture & Media']"
9969983201421.0,underground press publication,"['Holocaust & Jewish Studies', 'Journalism & Politics']"
9927726503201420.0,war news united states iraq public opinion press and politic international relation journalist,"['Journalism & Politics', 'Modernism & Postmodernism']"
99141244201421.0,war,['Journalism & Politics']
99163984701421.0,woman journalism popular culture,"['Popular Culture & Media', 'Mass Media & Communication']"
99100794101421.0,woman journalist nesbit evelyn white stanford thaw harry kendall journalism united states,"['Science Fiction & Fantasy', 'Journalism & Politics']"
9957481601421.0,woman right feminism,"['Gender & Sexuality Identity', 'Journalism & Politics']"
99133428301421.0,woman journalism,['Mass Media & Communication']
99129319801421.0,woman journalist literature journalism and,['Science Fiction & Fantasy']
99135420001421.0,american newspaper,['Journalism & Politics']
9931317001421.0,american newspaper press and politic publishing new england,['Journalism & Politics']
9991063901421.0,republican party american newspaper journalism,['Journalism & Politics']
9944483601421.0,press newspaper editor and politic,"['Poetry', 'Journalism & Politics']"
9927718289701420.0,mccray henry civil right movement african american newspaper carolina press and politic racism the,['Journalism & Politics']
99119249601421.0,press american newspaper,['Journalism & Politics']
99141706201421.0,american newspaper community,"['Holocaust & Jewish Studies', 'Journalism & Politics']"
9931174701421.0,woman journalism sex discrimination against employment journalist,"['Science Fiction & Fantasy', 'Popular Culture & Media', 'Mass Media & Communication']"
9945058001421.0,press and politic reporter report election philadelphia,['Journalism & Politics']
9951844501421.0,kdka television station pittsburgh broadcasting news,['Broadcasting & Television']
9930596201421.0,journalism reporter and report press politic journalist washington,['Journalism & Politics']
9944001101421.0,television broadcasting news broadcast journalism and politic united states,['Broadcasting & Television']
9958363101421.0,chicago tribune american newspaper consolidation and merger corporation,['Journalism & Politics']
9986355501421.0,mcclanahan reid dill america carolina benjamin franklin memphis daily appeal,[]
99140660801421.0,gazette,[]
99149919601421.0,man magazine sensationalism journalism new york state history,"['Gender & Sexuality Identity', 'Journalism & Politics']"
99134154701421.0,african americans new york county,['Journalism & Politics']
9995905001421.0,new york times press journalism,['Journalism & Politics']
9927964700201420.0,new york times,['Journalism & Politics']
9996067901421.0,newsday hempstead history tabloid newspaper,['Journalism & Politics']
99226550801421.0,new york times,['Journalism & Politics']
99199377901421.0,wall street journal dow jones,['Film & Theater']
99147477201421.0,world new york,['Journalism & Politics']
9928488047001420.0,american newspaper,['Journalism & Politics']
9992721901421.0,literature,['Film & Theater']
9944013901421.0,religion and literature,['Popular Culture & Media']
99147577101421.0,literature philosophy translate and interpreting,"['Gender & Sexuality Identity', 'Holocaust & Jewish Studies']"
9965744101421.0,philosophy literature,['Gender & Sexuality Identity']
9927693768401420.0,religion and literature book read modern,"['Holocaust & Jewish Studies', 'Popular Culture & Media']"
9957483001421.0,literature criticism aesthetic,['Film & Theater']
9924740340001420.0,literature author and reader response criticism,['Science Fiction & Fantasy']
9931028201421.0,philosophy literature thought and think,['Gender & Sexuality Identity']
9951847001421.0,philosophy literature alienation french,['Gender & Sexuality Identity']
9931849501421.0,literature psychoanalysis and tragedy,"['Holocaust & Jewish Studies', 'Journalism & Politics', 'Horror & Mystery']"
9984705701421.0,religion and literature modern atheism,['Popular Culture & Media']
9931922601421.0,literature value social philosophy modern,"['Gender & Sexuality Identity', 'Science Fiction & Fantasy']"
9927501491101420.0,char celan paul paz octavio ethic literature letter,"['Holocaust & Jewish Studies', 'Documentary', 'Mass Media & Communication']"
9927823310701420.0,literature philosophy modern philology,['Gender & Sexuality Identity']
99135205901421.0,literature,['Film & Theater']
99149265401421.0,literature cognitive science metaphor and,"['Science Fiction & Fantasy', 'Film & Theater']"
9958618901421.0,criticism literature,['Film & Theater']
9932299001421.0,literature intention logic criticism,['Film & Theater']
99149196501421.0,literature and moral ethic motion picture,['Documentary']
9951826201421.0,philosophy literature thought and think,['Gender & Sexuality Identity']
99148851501421.0,literature,['Film & Theater']
9927597606701420.0,literature materialism,['Film & Theater']
9932181001421.0,literature modern and moral,"['Film & Theater', 'Documentary']"
99119182301421.0,literature poetic,"['Film & Theater', 'Broadcasting & Television']"
9931258301421.0,literature knowledge theory and science reason,"['Science Fiction & Fantasy', 'Film & Theater']"
9927803208401420.0,wittgenstein ludwig philosophische untersuchungen criticism language and literature ordinary philosophy,"['Gender & Sexuality Identity', 'Poetry']"
9932576101421.0,kant immanuel herder johann gottfrie wittgenstein ludwig literature skepticism dogmatism,['Film & Theater']
9931173301421.0,criticism literature modernism analysis philosophy,"['Gender & Sexuality Identity', 'Modernism & Postmodernism', 'Children & Young Adult']"
9944704001421.0,literature criticism english american,['Film & Theater']
9930751201421.0,religion and literature modern,['Popular Culture & Media']
9932063501421.0,religion and literature play intertextuality,"['Gender & Sexuality Identity', 'Broadcasting & Television', 'Popular Culture & Media']"
9944484301421.0,christianity and literature modern decolonization imperialism colony justice,"['Electronic & Digital Media', 'Modernism & Postmodernism', 'Documentary', 'Mass Media & Communication']"
9931368101421.0,literature meaning philosophy and history,['Gender & Sexuality Identity']
9958736101421.0,literature aesthetic modern,['Film & Theater']
99119595701421.0,literature and moral technology criticism,['Documentary']
9931598601421.0,literature and moral,"['Film & Theater', 'Documentary']"
9927470012401420.0,literature philosophy,['Gender & Sexuality Identity']
9957238301421.0,religion and literature christianity,['Popular Culture & Media']
9967193001421.0,cognitive science literature,"['Science Fiction & Fantasy', 'Film & Theater']"
9968890901421.0,literature and moral modern,"['Film & Theater', 'Documentary']"
9966885601421.0,ethic literature guilt,"['Film & Theater', 'Documentary']"
9933446101421.0,catholic church united states,[]
9957895401421.0,peterson merrill new republic york liberalism historian,['Journalism & Politics']
99197233601421.0,chicagoan art chicago ill,['Journalism & Politics']
9994789401421.0,fortune corporate culture art and society american periodical profession businessman,"['Gender & Sexuality Identity', 'Holocaust & Jewish Studies', 'Popular Culture & Media']"
9974090201421.0,life chicago ill,"['Poetry', 'Journalism & Politics']"
9928093308901420.0,popular culture united states look magazine civilization periodical,"['Gender & Sexuality Identity', 'Popular Culture & Media']"
9957179501421.0,new york feminism woman united states history,"['Gender & Sexuality Identity', 'Journalism & Politics']"
9969418301421.0,new yorker york history periodical popular culture united states electronic book,"['Electronic & Digital Media', 'Journalism & Politics', 'Popular Culture & Media']"
9927619412201420.0,new yorker york history gibbs wolcott white thurber james periodical,['Journalism & Politics']
9927573612601420.0,new yorker york history journalism periodical american prose literature,"['Gender & Sexuality Identity', 'Journalism & Politics']"
99218697401421.0,playboy chicago ill man magazine sex role hefner hugh mass medium,"['Popular Culture & Media', 'Mass Media & Communication']"
99198336701421.0,rampart berkeley calif united states,[]
9927809113701420.0,roll stone san francisco calif journalism rock music popular culture united states history periodical,"['Gender & Sexuality Identity', 'Popular Culture & Media']"
9928292057001420.0,saturday evening post history american periodical racism literature united states harlem renaissance lorimer george horace african americans popular culture manner and custom criticism interpretation etc,"['Comedy & Humor', 'Modernism & Postmodernism', 'Popular Culture & Media']"
9988374301421.0,journalism journalist electronic book,"['Science Fiction & Fantasy', 'Electronic & Digital Media', 'Broadcasting & Television']"
9928111051901420.0,autobiography authenticity philosophy literature feminism,['Gender & Sexuality Identity']
99147136701421.0,fiction emigration and immigration literature suffer immigrant,"['Science Fiction & Fantasy', 'Broadcasting & Television']"
99134189101421.0,literature immigrant writing modern multiculturalism,"['Journalism & Politics', 'Broadcasting & Television', 'Film & Theater']"
99134110701421.0,rood lily lewis woman journalist author canadian,['Science Fiction & Fantasy']
9928259257701420.0,indigenous people race relation and the press racism,['Journalism & Politics']
99146346401421.0,little magazine woman periodical editor,['Gender & Sexuality Identity']
9982122401421.0,racism the press canadian newspaper discourse analysis,"['Poetry', 'Journalism & Politics']"
99133252501421.0,press journalism,['Journalism & Politics']
9927597508801420.0,prisoner writing literature,"['Journalism & Politics', 'Film & Theater']"
9932487101421.0,prisoner writing author literature woman political politic and feminism,"['Poetry', 'Journalism & Politics']"
9927556287901420.0,prisoner writing author literature prison liberty,"['Journalism & Politics', 'Film & Theater']"
9927664704301420.0,expatriate author english american travel literature cultural awareness modernism,"['Holocaust & Jewish Studies', 'Modernism & Postmodernism']"
99227976901421.0,author exile paris france,['Journalism & Politics']
99148974801421.0,exile writing punishment literature immigrant language and culture,"['Poetry', 'Journalism & Politics', 'Broadcasting & Television', 'Popular Culture & Media']"
9930400401421.0,jung exile writing author psychoanalysis and literature,"['Holocaust & Jewish Studies', 'Journalism & Politics']"
99227278901421.0,expatriate author immigrant the perform art creation literary artistic etc,"['Film & Theater', 'Broadcasting & Television', 'Documentary']"
9927896204201420.0,arendt hannah exile writing literature modern expatriate author refugee literary criticism interpretation etc,"['Journalism & Politics', 'Broadcasting & Television', 'Documentary']"
99140604101421.0,journalism press and politic electronic book,"['Electronic & Digital Media', 'Journalism & Politics']"
9928121792101420.0,journalist state sponsor terrorism,"['Journalism & Politics', 'Science Fiction & Fantasy', 'Broadcasting & Television']"
9927521212701420.0,woman journalist journalism feminism literature,"['Poetry', 'Science Fiction & Fantasy']"
9930863001421.0,literature,['Film & Theater']
9931821601421.0,literature and history historiography german germany,"['Holocaust & Jewish Studies', 'Journalism & Politics']"
9927516491901420.0,literature and history psychic trauma collective memory,"['Holocaust & Jewish Studies', 'Journalism & Politics']"
9928082529501420.0,literature world history literary criticism,['Gender & Sexuality Identity']
9928099875601420.0,literature and history avant garde aesthetic world war experimental influence literary artistic etc nineteen sixty criticism interpretation,"['Holocaust & Jewish Studies', 'Documentary']"
9956346201421.0,literature and history revolution,['Film & Theater']
9929091601421.0,literature and history historiography,"['Journalism & Politics', 'Film & Theater']"
9924750090001420.0,literature and history modern fiction violence holocaust jewish,"['Holocaust & Jewish Studies', 'Film & Theater', 'Documentary']"
99125696301421.0,literature and history,['Film & Theater']
9931704401421.0,literature and history civilization modern,['Film & Theater']
9956519001421.0,criticism history literature mimesis and historiography,"['Journalism & Politics', 'Documentary']"
9927590359001420.0,literature and history modern,['Film & Theater']
99198395601421.0,literature,['Film & Theater']
9990461101421.0,literature,['Film & Theater']
9957956401421.0,author literature,['Film & Theater']
99133519301421.0,literature criticism interpretation etc,['Film & Theater']
9927784576301420.0,mother author and son daughter child literature children juvenile young,['Children & Young Adult']
9927000990001420.0,literature critic criticism literary historian,"['Film & Theater', 'Documentary', 'Mass Media & Communication']"
9986718201421.0,press and politic,['Journalism & Politics']
99207720701421.0,literature and society sociology urban social science poverty,"['Science Fiction & Fantasy', 'Holocaust & Jewish Studies', 'Film & Theater']"
9969227801421.0,say politic and literature criticism,['Journalism & Politics']
9983608801421.0,literature and anthropology modern,['Film & Theater']
9944511001421.0,literature and society cultural relation nationalism,['Holocaust & Jewish Studies']
9951663601421.0,literature and society,['Holocaust & Jewish Studies']
9927688310801420.0,espionage communist literature homosexuality and jews liminality society treason,"['Gender & Sexuality Identity', 'Holocaust & Jewish Studies']"
9930366101421.0,literature and society social change opposition political science,"['Science Fiction & Fantasy', 'Holocaust & Jewish Studies']"
9929924801421.0,literature,['Film & Theater']
9957073101421.0,say politic and literature modern imperialism,"['Journalism & Politics', 'Modernism & Postmodernism']"
9944562301421.0,politic and literature imperialism society,"['Holocaust & Jewish Studies', 'Journalism & Politics']"
99226545901421.0,literature and society empiricism social science,"['Science Fiction & Fantasy', 'Holocaust & Jewish Studies', 'Film & Theater']"
9933395701421.0,say politic and literature criticism critic intellectual,"['Journalism & Politics', 'Broadcasting & Television']"
9931766401421.0,literature and society,['Holocaust & Jewish Studies']
9933699601421.0,politic and literature,"['Journalism & Politics', 'Film & Theater']"
9944613701421.0,literature and society autobiography illegitimacy feminism,"['Gender & Sexuality Identity', 'Holocaust & Jewish Studies']"
9931820601421.0,manea norman literature and society socialism authorship censorship romania,"['Journalism & Politics', 'Holocaust & Jewish Studies', 'Modernism & Postmodernism']"
9931660501421.0,frazer james george eliot campbell frye northrop literature and anthropology mythology narration rhetoric myth,"['Poetry', 'Film & Theater']"
9927620604701420.0,community literature life and society organization development,"['Poetry', 'Holocaust & Jewish Studies']"
99116880801421.0,literature culture and society,"['Holocaust & Jewish Studies', 'Popular Culture & Media']"
9956319901421.0,politic and literature society,"['Holocaust & Jewish Studies', 'Journalism & Politics']"
99127763601421.0,say politic and literature postcolonialism modern,"['Holocaust & Jewish Studies', 'Journalism & Politics']"
9956315501421.0,literature politic and,"['Journalism & Politics', 'Film & Theater']"
9945364801421.0,politic and literature biography literary form autobiography historiography,"['Gender & Sexuality Identity', 'Journalism & Politics']"
9932613901421.0,politic and literature society criticism,"['Holocaust & Jewish Studies', 'Journalism & Politics']"
9944597701421.0,literature,['Film & Theater']
99220505601421.0,literature and society globalization,"['Holocaust & Jewish Studies', 'Film & Theater']"
9927959206401420.0,say criticism politic and culture literature,"['Journalism & Politics', 'Popular Culture & Media']"
99198387401421.0,storytelle communication marketing politic propaganda social psychology,['Science Fiction & Fantasy']
9928249336501420.0,literature and society,['Holocaust & Jewish Studies']
99276118501421.0,literature and society social science,"['Science Fiction & Fantasy', 'Holocaust & Jewish Studies', 'Film & Theater']"
9933476101421.0,politic and literature nationalism determination national kinship society,"['Journalism & Politics', 'Film & Theater', 'Modernism & Postmodernism']"
9930516201421.0,literature and society comparative oral tradition develop country,"['Holocaust & Jewish Studies', 'Journalism & Politics', 'Mass Media & Communication']"
9930973501421.0,literature and anthropology poetic,"['Film & Theater', 'Broadcasting & Television']"
9932409601421.0,turner victor witter literature and anthropology,['Film & Theater']
9956598201421.0,politic and literature modern anarchism society modernism criticism interpretation etc,"['Holocaust & Jewish Studies', 'Journalism & Politics', 'Modernism & Postmodernism']"
9956185001421.0,politic and literature,"['Journalism & Politics', 'Film & Theater']"
9927597611901420.0,literature and society book read,['Holocaust & Jewish Studies']
9927859413501420.0,underground literature protest prisoner writing autobiography politic and psychic trauma,"['Holocaust & Jewish Studies', 'Journalism & Politics']"
9927826307501420.0,capitalism and literature culture economic education society politic privatization value education teaching,"['Holocaust & Jewish Studies', 'Journalism & Politics', 'Popular Culture & Media']"
9946900701421.0,literature,['Film & Theater']
9928162555401420.0,literature modern death art modernism essay criticism interpretation etc literary music and review,"['Gender & Sexuality Identity', 'Modernism & Postmodernism']"
99118006601421.0,literature,['Film & Theater']
99128133501421.0,literature rhetoric criticism,['Poetry']
99148930601421.0,literature,['Film & Theater']
9967809001421.0,literature,['Film & Theater']
9956277801421.0,literature poetry,['Poetry']
9928082527801420.0,protest literature politic and essay criticism interpretation etc,"['Journalism & Politics', 'Film & Theater']"
9967911901421.0,literature,['Film & Theater']
9925779080001420.0,literature,['Film & Theater']
99215185501421.0,literature modern and history narration rhetoric whitman college,['Poetry']
9969921101421.0,literature,['Film & Theater']
99207541601421.0,newspaper publishing european press communication,"['Journalism & Politics', 'Modernism & Postmodernism']"
99135558901421.0,city and town life journalism flaneur,"['Poetry', 'Broadcasting & Television']"
9927477513901420.0,journalism,['Broadcasting & Television']
9927583807301420.0,journalism press and politic europe western,['Journalism & Politics']
9928444383801420.0,journalism newspaper publishing press,['Journalism & Politics']
9932320301421.0,reuters ltd,[]
9988616701421.0,reuters ltd,[]
9994686501421.0,journalism great britain history,['Mass Media & Communication']
99220679601421.0,journalism press and politic newspaper,['Journalism & Politics']
9957048201421.0,press,['Journalism & Politics']
99198384001421.0,press english newspaper,['Journalism & Politics']
9927462395301420.0,newspaper publishing online journalism press digital medium great britain united states,"['Journalism & Politics', 'Broadcasting & Television', 'Documentary', 'Mass Media & Communication']"
9927607770801420.0,newspaper publishing journalism regional english press and politic,['Journalism & Politics']
9932980701421.0,press and politic great britain,"['Journalism & Politics', 'Mass Media & Communication']"
99116124001421.0,press and politic great britain radicalism romanticism,"['Holocaust & Jewish Studies', 'Journalism & Politics', 'Mass Media & Communication']"
9995515201421.0,press journalism,['Journalism & Politics']
9927505692201420.0,english newspaper freedom the press stamp duty great britain,['Journalism & Politics']
99139814601421.0,press popular literature great britain criticism interpretation etc history,"['Mass Media & Communication', 'Journalism & Politics', 'Film & Theater', 'Popular Culture & Media']"
99128132701421.0,chirol valentine newspaper editor correspondent world politic international relation,"['Poetry', 'Journalism & Politics']"
9969076101421.0,brown tina periodical editor evans harold publisher and publishing,"['Gender & Sexuality Identity', 'Journalism & Politics']"
99148868201421.0,roger press great britain,"['Journalism & Politics', 'Mass Media & Communication']"
9965728601421.0,marsden dora woman editor author english periodical feminism literature and science,"['Gender & Sexuality Identity', 'Poetry', 'Film & Theater']"
9927719313901420.0,russell howard correspondent war great britain biography,"['Journalism & Politics', 'Mass Media & Communication']"
9987797301421.0,shah saira islam and politic woman afghanistan,"['Gender & Sexuality Identity', 'Journalism & Politics']"
99221766901421.0,stead journalist investigative reporting,"['Science Fiction & Fantasy', 'Horror & Mystery']"
9927516507801420.0,stead journalist investigative reporting,"['Science Fiction & Fantasy', 'Horror & Mystery']"
9932134801421.0,topical film budget motion picture journalism newsreel,"['Broadcasting & Television', 'Documentary']"
9945316901421.0,english periodical fatherhood journalism,"['Gender & Sexuality Identity', 'Broadcasting & Television']"
9933284101421.0,television broadcasting news inner city sociology urban social conflict,['Broadcasting & Television']
9931672601421.0,woman antinuclear movement and peace government resistance,"['Science Fiction & Fantasy', 'Journalism & Politics']"
9956199401421.0,woman periodical english,['Gender & Sexuality Identity']
9932087501421.0,woman periodical english,['Gender & Sexuality Identity']
9928111051101420.0,illustrate periodical mass medium popular culture,"['Gender & Sexuality Identity', 'Popular Culture & Media', 'Mass Media & Communication']"
99275304301421.0,child periodical english boy literature school children juvenile young,"['Popular Culture & Media', 'Children & Young Adult']"
99226875001421.0,journalism and literature great britain johnson samuel coleridge taylor hazlitt dicken,"['Film & Theater', 'Mass Media & Communication']"
99149770001421.0,little magazine literature and society,['Holocaust & Jewish Studies']
9991388101421.0,man magazine masculinity lifestyle electronic book,"['Gender & Sexuality Identity', 'Electronic & Digital Media', 'Popular Culture & Media']"
9928077989301420.0,obesity overweight person public opinion discrimination against discourse analysis journalism great britain,"['Poetry', 'Modernism & Postmodernism', 'Mass Media & Communication']"
9989062901421.0,english periodical scottish journalism sex role,"['Gender & Sexuality Identity', 'Broadcasting & Television', 'Popular Culture & Media']"
9967808401421.0,english periodical great britain,"['Gender & Sexuality Identity', 'Mass Media & Communication']"
9956959501421.0,british periodical english american,['Gender & Sexuality Identity']
9927709453201420.0,british periodical newspaper publishing great britain,['Journalism & Politics']
9927607764101420.0,english periodical woman and literature author publisher publishing great britain press,"['Gender & Sexuality Identity', 'Journalism & Politics']"
9988543301421.0,press and politic great britain,"['Journalism & Politics', 'Mass Media & Communication']"
99140740401421.0,prostitution,[]
9925477180001420.0,radicalism and the press journalism politic print mass medium english literature,"['Journalism & Politics', 'Mass Media & Communication']"
99134189701421.0,science journalism english periodical,"['Gender & Sexuality Identity', 'Science Fiction & Fantasy', 'Broadcasting & Television']"
9967174401421.0,woman journalism journalist great britain history biography,"['Science Fiction & Fantasy', 'Mass Media & Communication']"
99119102201421.0,woman and journalism press politic periodical english,"['Gender & Sexuality Identity', 'Journalism & Politics', 'Mass Media & Communication']"
9928174266001420.0,lady magazine london england woman periodical english history,['Gender & Sexuality Identity']
9927814905101420.0,woman periodical english,['Gender & Sexuality Identity']
9951917901421.0,daily telegraph london england letter the editor prostitution marriage emigration and immigration middle class,"['Comedy & Humor', 'Broadcasting & Television']"
9928275450201420.0,yellow book london england woman author and literature history discipline great britain,"['Gender & Sexuality Identity', 'Electronic & Digital Media', 'Mass Media & Communication']"
9930398401421.0,literature,['Film & Theater']
9985287801421.0,nuala journalist,['Science Fiction & Fantasy']
9958159801421.0,dublin university magazine periodical publishing literature english ireland,['Gender & Sexuality Identity']
9944611501421.0,press,['Journalism & Politics']
9929016401421.0,journalism french newspaper revolutionary literature press and politic france,"['Gender & Sexuality Identity', 'Journalism & Politics']"
9957592601421.0,press popular culture mass medium and woman journalism,"['Popular Culture & Media', 'Mass Media & Communication']"
9970832301421.0,press journalism france,['Journalism & Politics']
9928134059401420.0,french periodical france civilization intellectual life geschichte journal bibliography,"['Gender & Sexuality Identity', 'Poetry', 'Film & Theater', 'Broadcasting & Television']"
99149518801421.0,literature,['Film & Theater']
9927506063801420.0,sinclair anne rosenberg paul journalist art dealer,"['Science Fiction & Fantasy', 'Mass Media & Communication']"
99129615501421.0,canard journalism,['Broadcasting & Television']
99123949601421.0,french periodical american journalist americans,"['Gender & Sexuality Identity', 'Science Fiction & Fantasy']"
99198345101421.0,journalism press and politic editorial monde discourse analysis,['Journalism & Politics']
9927503411501420.0,woman periodical french literature feminist feminism femininity art,['Gender & Sexuality Identity']
9956594701421.0,tel quel paris french periodical publishing avant garde aesthetic france,"['Gender & Sexuality Identity', 'Holocaust & Jewish Studies']"
9928349855401420.0,art periodical literature,['Gender & Sexuality Identity']
9928352258601420.0,revue des deux mondes paris france french periodical,['Gender & Sexuality Identity']
9957533701421.0,literature american french education high art education teaching,"['Gender & Sexuality Identity', 'Popular Culture & Media']"
9927472496301420.0,press and politic germany,['Journalism & Politics']
99145858001421.0,journalist journalism enlightenment germany,"['Science Fiction & Fantasy', 'Broadcasting & Television']"
9927160450001420.0,braumann randolph journalist,['Science Fiction & Fantasy']
9927962713101420.0,antisemitism the press language jews german mass medium and politic government germany holocaust jewish ethnic relation war history,"['Holocaust & Jewish Studies', 'Journalism & Politics', 'Mass Media & Communication']"
9970449901421.0,german periodical germany,"['Gender & Sexuality Identity', 'Holocaust & Jewish Studies']"
99117986101421.0,berlin germany german newspaper,"['Holocaust & Jewish Studies', 'Journalism & Politics']"
9927818369901420.0,literature,['Film & Theater']
9985764101421.0,literature comparative translate and interpreting,['Holocaust & Jewish Studies']
9927683297301420.0,literature influence literary artistic etc,['Documentary']
9931232501421.0,literature author,['Film & Theater']
99227961901421.0,journalism,['Broadcasting & Television']
9927600708601420.0,costanzo maurizio television news anchor talk show,['Broadcasting & Television']
9928209957301420.0,woman journalist fallaci oriana italy biography,['Science Fiction & Fantasy']
9927601713301420.0,scalfari eugenio journalist italy,['Science Fiction & Fantasy']
99219512901421.0,journalism press and politic fascism,['Journalism & Politics']
9984882901421.0,journalist journalism multiculturalism mass medium,"['Science Fiction & Fantasy', 'Mass Media & Communication']"
9931209601421.0,soviet newspaper public opinion,"['Journalism & Politics', 'Modernism & Postmodernism']"
9931582601421.0,journalism glasnost mass medium soviet union,"['Film & Theater', 'Mass Media & Communication']"
9930959401421.0,journalism russian newspaper press,['Journalism & Politics']
99111382901421.0,yiddish newspaper ladino jews fraynd tiyempo,"['Holocaust & Jewish Studies', 'Journalism & Politics']"
9958539401421.0,ames mark taibbi matt exile moscow russia journalist americans tabloid newspaper publishing,"['Science Fiction & Fantasy', 'Journalism & Politics']"
99117351001421.0,journalism government and the press socialism soviet union,"['Journalism & Politics', 'Science Fiction & Fantasy', 'Film & Theater']"
9968683901421.0,,[]
9927994421601420.0,wall kim woman journalist murder victim denmark sweden,['Science Fiction & Fantasy']
9927727106401420.0,art and literature visual communication write,"['Film & Theater', 'Broadcasting & Television']"
9931921901421.0,art and literature,['Film & Theater']
99228790701421.0,ekphrasis art and literature,['Film & Theater']
9967981301421.0,art and literature european,['Modernism & Postmodernism']
9931758401421.0,art and literature,['Film & Theater']
9928235759201420.0,art and literature modern illustrate book exhibition catalog,"['Gender & Sexuality Identity', 'Electronic & Digital Media']"
9956626601421.0,art and literature modernism,"['Modernism & Postmodernism', 'Children & Young Adult']"
9957240401421.0,cubism and literature art paint modern concrete poetry,['Poetry']
9928224059101420.0,art and literature french france criticism interpretation etc history,['Gender & Sexuality Identity']
9927530511901420.0,art and literature epic french dolet etienne ronsard pierre agrippa,"['Gender & Sexuality Identity', 'Modernism & Postmodernism']"
9951894601421.0,art and literature,['Film & Theater']
9927605002301420.0,online journalism social network medium journalist,"['Science Fiction & Fantasy', 'Broadcasting & Television', 'Mass Media & Communication']"
9927627612601420.0,domingo soler amalia lópez ayala ángele sárraga belén woman and journalism feminism spanish literature intellectual feminist,"['Gender & Sexuality Identity', 'Film & Theater', 'Broadcasting & Television']"
9926100590001420.0,emissora nacional portugal mass medium angola africa portuguese speak,['Mass Media & Communication']
9957330701421.0,press world war,['Journalism & Politics']
9945096701421.0,press arab country history,"['Journalism & Politics', 'Mass Media & Communication']"
9927589331401420.0,journalism online social medium citizen digital,"['Broadcasting & Television', 'Mass Media & Communication']"
99217149601421.0,journalism journalist arab country history,"['Science Fiction & Fantasy', 'Mass Media & Communication']"
9927809086101420.0,journalism press and politic government the china,"['Science Fiction & Fantasy', 'Journalism & Politics']"
9928247757901420.0,press government and the english newspaper politic great britain british colony asia india history,"['Science Fiction & Fantasy', 'Journalism & Politics', 'Mass Media & Communication']"
9967168801421.0,press india,['Journalism & Politics']
99135432801421.0,journalism,['Broadcasting & Television']
99124042601421.0,journalism journalistic ethic,['Documentary']
9944635801421.0,woman mass medium and,['Mass Media & Communication']
99198367301421.0,muslim popular culture,['Popular Culture & Media']
99119595201421.0,mass medium,['Mass Media & Communication']
9928314852101420.0,woman japanese language and literature periodical japan history,"['Gender & Sexuality Identity', 'Poetry']"
9928167881101420.0,ressa maria woman journalist democracy dictatorship social medium and society philippine biography autobiography,"['Science Fiction & Fantasy', 'Mass Media & Communication']"
9944928701421.0,freedom the press censorship,['Journalism & Politics']
99133862501421.0,dharmeratnam sivaram journalist tamil indic people dissenter sri lanka,"['Science Fiction & Fantasy', 'Journalism & Politics']"
9928271658801420.0,french newspaper press egypt,['Journalism & Politics']
9933833001421.0,press and politic african newspaper,['Journalism & Politics']
99199658301421.0,muoria henry journalist kenyan kenyatta jomo kikuyu african people kenya,"['Science Fiction & Fantasy', 'Journalism & Politics']"
99133359401421.0,press and politic,['Journalism & Politics']
99135980101421.0,literature and science,['Film & Theater']
9944036001421.0,literature and science technology,"['Film & Theater', 'Documentary']"
99214919501421.0,literature and science evolution biology human behavior evolutionary psychology darwin electronic book,"['Science Fiction & Fantasy', 'Electronic & Digital Media', 'Film & Theater']"
9926680250001420.0,literature and science cognition culture,"['Film & Theater', 'Popular Culture & Media']"
9983986301421.0,literature and science,['Film & Theater']
9944036201421.0,literature and science critical theory modern,"['Film & Theater', 'Broadcasting & Television']"
9987639901421.0,english literature and science psychoanalysis beer gillian,"['Holocaust & Jewish Studies', 'Film & Theater']"
9930591401421.0,bachelard gaston literature and science poetic,"['Film & Theater', 'Broadcasting & Television']"
9956820201421.0,literature and science modern identity philosophical concept physician author biology cytology,"['Science Fiction & Fantasy', 'Film & Theater']"
99149138801421.0,science literature technology,"['Science Fiction & Fantasy', 'Documentary']"
99207311601421.0,literature and science,['Film & Theater']
9957038301421.0,literature modern and science,['Film & Theater']
9970402301421.0,literature and science,['Film & Theater']
9928212257101420.0,bachelard gaston imagery psychology imagination,['Science Fiction & Fantasy']
9931704801421.0,abjection literature hero cynicism,['Film & Theater']
9945321401421.0,alienation social psychology literature,['Science Fiction & Fantasy']
9944746701421.0,allegory literary form,['Documentary']
9931700901421.0,architecture and literature modern critical theory,"['Film & Theater', 'Broadcasting & Television']"
9958008701421.0,literature jewish religious christian christianity and religion,"['Holocaust & Jewish Studies', 'Film & Theater', 'Horror & Mystery', 'Popular Culture & Media']"
9930637401421.0,and literature religion culture language,"['Poetry', 'Popular Culture & Media']"
9933838401421.0,human body literature sex narration rhetoric modern figure art,"['Poetry', 'Film & Theater']"
9944042801421.0,childbirth literature feminism and children juvenile young,"['Gender & Sexuality Identity', 'Children & Young Adult']"
9933365201421.0,city and town life literature geographical perception,['Poetry']
9944616201421.0,city and town literature modern,['Poetry']
9951845901421.0,colony literature decolonization imperialism and history develop country,"['Modernism & Postmodernism', 'Mass Media & Communication']"
9932157801421.0,contradiction literature discourse analysis philosophy,"['Gender & Sexuality Identity', 'Poetry']"
9957584401421.0,clothing and dress literature modern english society costume,"['Holocaust & Jewish Studies', 'Modernism & Postmodernism']"
9930871201421.0,crime literature justice english american,"['Electronic & Digital Media', 'Film & Theater', 'Horror & Mystery']"
9946334301421.0,death literature survival author criticism textual psychology modern english,['Science Fiction & Fantasy']
9943427101421.0,death literature mimesis woman,"['Gender & Sexuality Identity', 'Modernism & Postmodernism']"
9945385901421.0,death literature funeral rite and ceremony mourn custom mortality suicide english fiction,"['Science Fiction & Fantasy', 'Modernism & Postmodernism', 'Comedy & Humor']"
9931775101421.0,deception literature truthfulness and falsehood modern criticism,['Film & Theater']
9930957701421.0,desire literature fiction,['Documentary']
9944742301421.0,desire literature loss psychology mourn,"['Science Fiction & Fantasy', 'Film & Theater']"
9942841201421.0,dream literature,['Film & Theater']
9944038701421.0,dystopias literature utopias science fiction film,"['Science Fiction & Fantasy', 'Film & Theater']"
9943072401421.0,literature ekphrasis,['Film & Theater']
9944907001421.0,literature ekphrasis realism,"['Journalism & Politics', 'Film & Theater']"
9943348201421.0,epic literature oral tradition,"['Journalism & Politics', 'Modernism & Postmodernism']"
9944905101421.0,epic literature european history war,['Modernism & Postmodernism']
9932423001421.0,erotic literature film pornography,['Film & Theater']
9943500901421.0,genesis iii criticism interpretation etc history early church middle age fall man literature medieval,"['Film & Theater', 'Mass Media & Communication']"
9942982701421.0,fear literature popular horror the mass medium horror gothic supernatural,"['Horror & Mystery', 'Popular Culture & Media', 'Mass Media & Communication']"
9932542001421.0,food literature eat disorder dinner and dining,"['Gender & Sexuality Identity', 'Modernism & Postmodernism']"
9945198701421.0,forest literature,['Film & Theater']
9945153601421.0,geography literature,['Film & Theater']
9930850601421.0,grotesque literature satire,"['Film & Theater', 'Broadcasting & Television']"
9932030001421.0,guilt literature,['Film & Theater']
9951861601421.0,holocaust jewish literature,['Holocaust & Jewish Studies']
9943088801421.0,homosexuality and literature gay people writing lifestyle,"['Gender & Sexuality Identity', 'Journalism & Politics']"
9956709801421.0,homosexuality and literature gay people writing,"['Gender & Sexuality Identity', 'Journalism & Politics']"
9932619701421.0,homosexuality literature gay people writing and,"['Gender & Sexuality Identity', 'Journalism & Politics']"
9943623101421.0,homosexuality and literature modern,['Gender & Sexuality Identity']
9942915001421.0,homosexuality literature and sex role,"['Gender & Sexuality Identity', 'Popular Culture & Media']"
9930963701421.0,imagination literature imagery psychology visualization criticism,"['Science Fiction & Fantasy', 'Film & Theater']"
9957885701421.0,imagination literature philosophy imagery psychology author and reader book read response criticism,"['Gender & Sexuality Identity', 'Science Fiction & Fantasy', 'Holocaust & Jewish Studies']"
9931583801421.0,incest literature psychoanalysis creation literary artistic etc,"['Holocaust & Jewish Studies', 'Journalism & Politics', 'Documentary']"
9946911701421.0,individualism literature and society,['Holocaust & Jewish Studies']
9945094101421.0,irony,[]
9944194401421.0,swift jonathan kafka franz irony literature psychoanalysis and,"['Holocaust & Jewish Studies', 'Journalism & Politics']"
9943805801421.0,comparative literature language and,"['Gender & Sexuality Identity', 'Poetry']"
9951917601421.0,law and literature,['Holocaust & Jewish Studies']
9942945201421.0,lesbianism literature woman homosexuality and modern,"['Gender & Sexuality Identity', 'Poetry', 'Popular Culture & Media']"
9930691101421.0,lesbian writing lesbianism literature,"['Gender & Sexuality Identity', 'Journalism & Politics', 'Popular Culture & Media']"
9932295701421.0,love literature art modern,['Film & Theater']
9932314501421.0,marriage literature love sex art,"['Comedy & Humor', 'Film & Theater', 'Popular Culture & Media']"
9944100901421.0,masculinity literature modern,"['Film & Theater', 'Popular Culture & Media']"
9943903701421.0,mental illness literature dionysus,['Film & Theater']
9951844301421.0,metamorphosis literature,['Film & Theater']
9929183601421.0,metamorphosis literature personification narration rhetoric,['Poetry']
9944614001421.0,mimesis literature,['Documentary']
9933394601421.0,misogyny literature woman sexism,['Poetry']
9943841101421.0,modernism literature modern,['Modernism & Postmodernism']
9930766401421.0,modernism literature sentimentalism modern woman,"['Gender & Sexuality Identity', 'Modernism & Postmodernism']"
9930725401421.0,modernism literature psychology and,"['Science Fiction & Fantasy', 'Modernism & Postmodernism']"
9933056201421.0,electronic book pound ezra eliot yeat modernism literature european theosophy occultism,"['Electronic & Digital Media', 'Modernism & Postmodernism']"
9943269601421.0,modernism literature critical theory,"['Broadcasting & Television', 'Modernism & Postmodernism']"
9945263401421.0,money literature,['Film & Theater']
9945389401421.0,money literature,['Film & Theater']
9930875101421.0,murder literature romanticism fiction detective and mystery story mass medium society,"['Holocaust & Jewish Studies', 'Horror & Mystery', 'Mass Media & Communication']"
9945042501421.0,myth literature truth poetry postmodernism,"['Poetry', 'Modernism & Postmodernism', 'Popular Culture & Media']"
9931856001421.0,nuclear warfare and literature,['Film & Theater']
9944449801421.0,old age literature,['Modernism & Postmodernism']
9932239501421.0,order literature fractal,['Film & Theater']
9947017001421.0,pastoral literature,['Film & Theater']
9931674601421.0,psychoanalysis literature narcissism subconsciousness epic poetry european,"['Poetry', 'Holocaust & Jewish Studies', 'Modernism & Postmodernism']"
9929093901421.0,psychoanalysis and literature modern aesthetic,['Holocaust & Jewish Studies']
9932083201421.0,literature psychoanalysis and german romanticism father autonomy psychology,['Holocaust & Jewish Studies']
9943528901421.0,psychoanalysis and literature reader response criticism psychology,"['Science Fiction & Fantasy', 'Holocaust & Jewish Studies']"
9931185301421.0,psychoanalysis and literature author psychic trauma,"['Holocaust & Jewish Studies', 'Journalism & Politics']"
9942963601421.0,psychoanalysis and literature knowledge theory european,"['Holocaust & Jewish Studies', 'Modernism & Postmodernism']"
9933409701421.0,psychoanalysis and literature mother femininity bisexuality fetishism modernism feminism modern,"['Gender & Sexuality Identity', 'Holocaust & Jewish Studies', 'Modernism & Postmodernism']"
9928884801421.0,kristeva julia psychoanalysis literature and feminism,"['Gender & Sexuality Identity', 'Holocaust & Jewish Studies']"
9943653901421.0,psychoanalysis and literature fantasy,"['Science Fiction & Fantasy', 'Holocaust & Jewish Studies']"
9931890001421.0,psychoanalysis and literature feminism loss psychology depression mental grief european,"['Gender & Sexuality Identity', 'Holocaust & Jewish Studies', 'Film & Theater']"
9943260301421.0,klein melanie psychoanalysis and literature adultery husband,['Holocaust & Jewish Studies']
9942827601421.0,psychoanalysis and literature sublime the character characteristic subjectivity critical theory object relation,['Holocaust & Jewish Studies']
9951834801421.0,psychoanalysis and literature,['Holocaust & Jewish Studies']
9930851401421.0,psychology literature prose psychological fiction,['Science Fiction & Fantasy']
9931125801421.0,race literature african americans black ethnicity,"['Journalism & Politics', 'Broadcasting & Television', 'Film & Theater']"
9946920401421.0,race literature miscegenation racist theory multiracial people pass identity comparative,"['Holocaust & Jewish Studies', 'Journalism & Politics']"
9944818601421.0,romanticism criticism ecology literature,['Holocaust & Jewish Studies']
9931672101421.0,seduction literature feminist literary criticism feminism and culture,"['Gender & Sexuality Identity', 'Poetry']"
9928146959101420.0,immigrant indians london england social condition fiction,"['Science Fiction & Fantasy', 'Broadcasting & Television', 'Children & Young Adult']"
9945280601421.0,subjectivity literature art poetry modern,"['Poetry', 'Journalism & Politics']"
9930818001421.0,literature modern autobiography autobiographical fiction,"['Science Fiction & Fantasy', 'Film & Theater', 'Comedy & Humor']"
9951857601421.0,adorno theodor spivak gayatri chakravorty say subjectivity literature modern imperialism,['Modernism & Postmodernism']
9942994801421.0,smoke literature modern popular culture,['Popular Culture & Media']
9944285101421.0,social class literature marxist criticism and society,"['Holocaust & Jewish Studies', 'Popular Culture & Media', 'Children & Young Adult']"
9951845101421.0,social structure literature,"['Science Fiction & Fantasy', 'Film & Theater']"
9930636501421.0,surrealism literature spiritualism criticism,['Modernism & Postmodernism']
9951767701421.0,technology literature and,"['Film & Theater', 'Documentary']"
9944720601421.0,time literature reality,"['Gender & Sexuality Identity', 'Broadcasting & Television']"
9957671801421.0,trust literature authorship authority,['Film & Theater']
9945078601421.0,vampire literature film,"['Film & Theater', 'Broadcasting & Television']"
9943169601421.0,visual perception literature reader response criticism imagery psychology visualization,['Science Fiction & Fantasy']
9933070101421.0,world war american literature popular culture story,"['Journalism & Politics', 'Popular Culture & Media']"
9951825201421.0,woman literature utopias,"['Gender & Sexuality Identity', 'Film & Theater']"
9943949801421.0,woman literature science human reproductive technology sex difference gender identity feminism,"['Gender & Sexuality Identity', 'Holocaust & Jewish Studies', 'Film & Theater']"
9928051488601420.0,orientalism literature orient,['Film & Theater']
9932069401421.0,venice italy literature modern,['Film & Theater']
99118927301421.0,shakespeare black literature interracial marriage sexual dominance and submission,"['Comedy & Humor', 'Electronic & Digital Media', 'Film & Theater']"
9927711913601420.0,black caribbean literature spanish area,"['Film & Theater', 'Broadcasting & Television']"
9927518411601420.0,orientalism art manchu doctor fictitious character china chinese motion picture literature,"['Gender & Sexuality Identity', 'Electronic & Digital Media']"
99218528401421.0,cuban literature nationalism havana cuba,['Film & Theater']
9927825708001420.0,develop country southern hemisphere literature,"['Film & Theater', 'Mass Media & Communication']"
9928376691901420.0,greenland viking literature legend discovery geography,['Film & Theater']
9928247950801420.0,jews literature antisemitism american sensationalism united states criticism interpretation etc history,['Holocaust & Jewish Studies']
99205340501421.0,holocaust jewish literature fiction truth memory,"['Holocaust & Jewish Studies', 'Documentary']"
9928084474901420.0,holocaust jewish literature english german dutch child refugee memory criticism interpretation etc children juvenile young,"['Holocaust & Jewish Studies', 'Children & Young Adult']"
9947023701421.0,jewish fiction holocaust literature,"['Science Fiction & Fantasy', 'Holocaust & Jewish Studies']"
9926690870001420.0,jews literature antisemitism english french italian german,"['Gender & Sexuality Identity', 'Holocaust & Jewish Studies']"
99146402801421.0,jews literature antisemitism english french,"['Gender & Sexuality Identity', 'Holocaust & Jewish Studies']"
99218834901421.0,orientalism literature orient european fiction enlightenment,"['Science Fiction & Fantasy', 'Journalism & Politics', 'Modernism & Postmodernism']"
99207285301421.0,orientalism european literature romanticism turkey civilization europe criticism interpretation etc history,"['Film & Theater', 'Modernism & Postmodernism']"
9927556293601420.0,romany literature romanticism english,['Holocaust & Jewish Studies']
99228215501421.0,sephardim literature jews spanish modern,"['Holocaust & Jewish Studies', 'Film & Theater']"
99219469701421.0,spain nationalism,['Film & Theater']
99200082401421.0,literary landmark tangy morocco electronic book,"['Electronic & Digital Media', 'Documentary']"
99216493301421.0,united states national characteristic american literature modern,['Modernism & Postmodernism']
99118127101421.0,ventoux mountain france authorship landscape,[]
9965763601421.0,character and characteristic literature,"['Gender & Sexuality Identity', 'Electronic & Digital Media']"
9933391301421.0,character and characteristic literature set fiction,"['Gender & Sexuality Identity', 'Science Fiction & Fantasy', 'Electronic & Digital Media']"
9928149656701420.0,character and characteristic literature dictionary,"['Gender & Sexuality Identity', 'Electronic & Digital Media']"
99122660901421.0,character and characteristic literature creative writing elementary education child children juvenile young education teaching,"['Journalism & Politics', 'Children & Young Adult']"
9930798701421.0,cain abel genesis criticism interpretation etc brother literature violence human sacrifice,['Film & Theater']
9944949501421.0,child literature author children juvenile young,['Children & Young Adult']
9932684001421.0,dandy literature sex difference psychology modernism modern,"['Science Fiction & Fantasy', 'Modernism & Postmodernism', 'Popular Culture & Media']"
9944750001421.0,exile literature outsider criticism autobiography popular culture multiculturalism,"['Journalism & Politics', 'Film & Theater', 'Popular Culture & Media']"
9931157601421.0,mother literature woman fiction motherhood,"['Poetry', 'Mass Media & Communication']"
9932146401421.0,villain literature,['Film & Theater']
9930326801421.0,woman literature modern psychoanalysis and love feminism control psychology,"['Gender & Sexuality Identity', 'Film & Theater']"
9928093306001420.0,young adult fiction american german literature daughter adolescence girl teenage criticism interpretation etc,"['Comedy & Humor', 'Holocaust & Jewish Studies', 'Children & Young Adult']"
9990002201421.0,child literature modern children juvenile young,['Children & Young Adult']
9957034101421.0,exile literature creativity creation literary artistic etc modern,"['Journalism & Politics', 'Documentary']"
99116208801421.0,flaneur literature woman and city town life modern,['Poetry']
99226618601421.0,fiction people with disability literature mind and body nobel prize winner faulkner morrison toni coetzee,"['Gender & Sexuality Identity', 'Science Fiction & Fantasy', 'Film & Theater']"
99225939801421.0,people with disability literature modern,['Film & Theater']
99225190301421.0,deaf people literature with disability character and characteristic,"['Electronic & Digital Media', 'Film & Theater']"
9927807004301420.0,superhero literature comic book strip etc character film criticism interpretation,"['Film & Theater', 'Comics & Graphic Novels']"
9927879989501420.0,literature pulp comic book strip etc hero superhero criticism interpretation,['Comics & Graphic Novels']
9969718701421.0,mother literature motherhood,"['Film & Theater', 'Mass Media & Communication']"
9958514601421.0,mother and daughter literature,['Children & Young Adult']
9928091168301420.0,motherhood literature motion picture woman immigrant refugee cross cultural study,"['Poetry', 'Holocaust & Jewish Studies', 'Broadcasting & Television', 'Mass Media & Communication']"
99135455601421.0,peasant literature modern,['Film & Theater']
9944774701421.0,scientist literature and science,"['Science Fiction & Fantasy', 'Film & Theater']"
9927736041901420.0,literature and science motion picture scientist,"['Science Fiction & Fantasy', 'Film & Theater']"
9924540310001420.0,trickster literature woman and,['Poetry']
9966997401421.0,woman literature and rhetoric philosophy,"['Gender & Sexuality Identity', 'Poetry']"
9927648415901420.0,woman hero literature popular culture motion picture mass medium and action adventure film comic book strip etc heroine,"['Comics & Graphic Novels', 'Popular Culture & Media', 'Mass Media & Communication']"
99207544401421.0,woman literature motion picture science sex role,"['Gender & Sexuality Identity', 'Film & Theater', 'Popular Culture & Media']"
9927513402901420.0,woman literature law modern feminist jurisprudence right,"['Gender & Sexuality Identity', 'Journalism & Politics']"
9966650301421.0,woman literature politic and feminism sex role,"['Gender & Sexuality Identity', 'Popular Culture & Media']"
9991199601421.0,woman literature human body food modern and,"['Gender & Sexuality Identity', 'Film & Theater']"
9928063377701420.0,woman hero literature sex role heroine,"['Popular Culture & Media', 'Mass Media & Communication']"
99146862801421.0,woman and literature television emotion,"['Gender & Sexuality Identity', 'Broadcasting & Television']"
9987596901421.0,woman literature modern,['Gender & Sexuality Identity']
99198594601421.0,alienation social psychology literature tolstoy leo viktor brecht bertolt criticism,['Science Fiction & Fantasy']
99217927001421.0,allegory,[]
9956599601421.0,allegory literature,['Film & Theater']
9965306801421.0,allegory literature,['Film & Theater']
9965701101421.0,allegory violence literature,['Film & Theater']
9925500250001420.0,allusion literature uncanny the psychoanalysis double intertextuality,"['Gender & Sexuality Identity', 'Holocaust & Jewish Studies']"
99206802401421.0,orpheus analogy literature art modern ontology resemblance philosophy,['Gender & Sexuality Identity']
99227255201421.0,animal literature human relationship motion picture philosophical anthropology,"['Film & Theater', 'Mass Media & Communication']"
9927682395101420.0,animal literature welfare modern ecocriticism,['Film & Theater']
9927879986301420.0,animal welfare literature genocide human relationship,"['Film & Theater', 'Mass Media & Communication']"
9976134501421.0,animal literature right,"['Journalism & Politics', 'Film & Theater']"
9927695105901420.0,apocalypse literature,['Film & Theater']
9965306901421.0,apocalyptic literature,"['Film & Theater', 'Comics & Graphic Novels']"
9928238258101420.0,architecture and literature architect french pictura poesis aesthetic,['Gender & Sexuality Identity']
9928077772701420.0,literature modern behaviorism psychology modernism and criticism interpretation etc literary,"['Science Fiction & Fantasy', 'Modernism & Postmodernism', 'Documentary']"
99141686801421.0,blindness literature blind english,['Film & Theater']
9956642301421.0,human body literature european and science,"['Film & Theater', 'Modernism & Postmodernism']"
9927597511801420.0,human body literature motion picture mind and,['Film & Theater']
9927470050901420.0,bohemianism literature counterculture graphic novel,"['Comedy & Humor', 'Film & Theater']"
9924597510001420.0,bohemianism literature alternative lifestyle,['Film & Theater']
9928329788201420.0,book and read literature fiction modernism,"['Holocaust & Jewish Studies', 'Modernism & Postmodernism', 'Documentary']"
9925026200001420.0,boredom literature woman modernism feminism and,"['Poetry', 'Modernism & Postmodernism']"
9970314501421.0,cannibalism literature,['Film & Theater']
9927814300501420.0,captivity narrative indian literacy united states,['Poetry']
9924655370001420.0,literature medieval castration civilization,['Film & Theater']
99111382401421.0,causation literature murder fiction,"['Science Fiction & Fantasy', 'Film & Theater', 'Broadcasting & Television']"
9927556409401420.0,city and town literature life society,"['Poetry', 'Holocaust & Jewish Studies']"
9927665161401420.0,city and town literature life european prose feuilleton photography modernism,"['Poetry', 'Modernism & Postmodernism']"
9957711801421.0,city and town literature modern,['Poetry']
9928144759301420.0,environmental literature climatic change climatology ecocriticism criticism interpretation etc,"['Science Fiction & Fantasy', 'Film & Theater']"
9927711143301420.0,climatic change literature,"['Science Fiction & Fantasy', 'Film & Theater']"
99228066501421.0,postcolonialism literature nationalism macedo helder pepetela couto mia antune lobo,['Holocaust & Jewish Studies']
99197225501421.0,harris wilson farah nuruddin toer pramoedya ananta djebar assia postcolonialism literature transnationalism space and time modern electronic book,"['Gender & Sexuality Identity', 'Electronic & Digital Media', 'Holocaust & Jewish Studies']"
99119730301421.0,postcolonialism literature gender identity feminist geography,"['Gender & Sexuality Identity', 'Holocaust & Jewish Studies']"
9927471000801420.0,conspiracy literature secrecy secret society,['Holocaust & Jewish Studies']
99218701101421.0,cosmology literature and science european,"['Film & Theater', 'Modernism & Postmodernism']"
99218451401421.0,english literature cosmopolitanism globalization,['Film & Theater']
99207312901421.0,cosmopolitanism literature transnationalism nabokov vladimir vladimirovich rushdie salman national characteristic imagination,['Modernism & Postmodernism']
9927597612401420.0,creation literary artistic etc collaboration,['Documentary']
9927827004001420.0,imaginary society fiction creation literary artistic etc literature criticism interpretation,"['Holocaust & Jewish Studies', 'Documentary']"
9928004211401420.0,crime literature,"['Film & Theater', 'Horror & Mystery']"
9927589323701420.0,literature and dance modernism,['Modernism & Postmodernism']
9927556310501420.0,literature and dance,['Modernism & Postmodernism']
9927589323501420.0,mortality literature death,['Modernism & Postmodernism']
9927719394701420.0,literature authorship death mortality,['Modernism & Postmodernism']
9979526401421.0,death literature life,"['Poetry', 'Modernism & Postmodernism']"
9983938901421.0,death literature modern sound recording,"['Modernism & Postmodernism', 'Broadcasting & Television']"
9928129394501420.0,civilization modern decadence literary movement,"['Journalism & Politics', 'Film & Theater', 'Documentary']"
9966899801421.0,decadence literary movement literature modern religion and catholic,"['Journalism & Politics', 'Documentary', 'Popular Culture & Media']"
9927170410001420.0,decadence literary movement english literature french and society,"['Gender & Sexuality Identity', 'Holocaust & Jewish Studies', 'Journalism & Politics']"
99108401301421.0,decadence literary movement european literature,"['Journalism & Politics', 'Modernism & Postmodernism']"
9965722701421.0,decadence literary movement modernism literature,"['Journalism & Politics', 'Modernism & Postmodernism']"
9991378001421.0,digression rhetoric literature english,['Poetry']
99149475601421.0,european literature diplomacy international relation politic and europe electronic book,"['Electronic & Digital Media', 'Journalism & Politics', 'Modernism & Postmodernism']"
9928051596601420.0,literature modern disappointment politic and postmodernism,"['Journalism & Politics', 'Popular Culture & Media']"
9927664704401420.0,duel literature history,['Film & Theater']
9927809080001420.0,fiction dystopias literature,['Science Fiction & Fantasy']
9928249514601420.0,emigration and immigration literature,"['Film & Theater', 'Broadcasting & Television']"
9927864042001420.0,emigration and immigration literature exile immigrant,['Broadcasting & Television']
99117288901421.0,emotion literature woman medieval modern,"['Poetry', 'Film & Theater', 'Broadcasting & Television']"
9957943301421.0,envy literature evil eye,"['Film & Theater', 'Comics & Graphic Novels']"
9965306101421.0,epic literature,['Modernism & Postmodernism']
99205366701421.0,epic literature and history,['Modernism & Postmodernism']
9956173401421.0,epic literature,['Modernism & Postmodernism']
9967075701421.0,epic literature hero,"['Film & Theater', 'Modernism & Postmodernism']"
9928407246401420.0,epic literature,['Modernism & Postmodernism']
99225490201421.0,epic literature myth human behavior and society literary form,"['Holocaust & Jewish Studies', 'Film & Theater', 'Documentary', 'Modernism & Postmodernism']"
9927674938601420.0,literature modern escape hero prisoner,"['Journalism & Politics', 'Film & Theater']"
9928093305801420.0,european literature aesthetic good and evil criticism interpretation etc,"['Modernism & Postmodernism', 'Comics & Graphic Novels']"
99125689601421.0,literature modern exoticism picturesque the ruin criticism interpretation etc,['Film & Theater']
99219342201421.0,fame literature rumor,['Film & Theater']
9958241801421.0,fantasy literature horror tale art horror gothic supernatural,"['Film & Theater', 'Horror & Mystery']"
9927597509701420.0,fantasy literature film holocaust jewish motion picture,"['Holocaust & Jewish Studies', 'Film & Theater']"
9927611008801420.0,fantasy literature criticism interpretation etc,['Film & Theater']
9970836401421.0,fascism literature sex modern,"['Modernism & Postmodernism', 'Popular Culture & Media']"
99276117601421.0,fascism literature national socialism motion picture nazi art,['Modernism & Postmodernism']
9984678701421.0,fear literature medieval modern,['Film & Theater']
9927823073801420.0,feminism and literature,['Poetry']
9927665672701420.0,feminism and literature feminist,['Poetry']
9989986601421.0,feminism and literature woman modern moral,['Poetry']
9927993013401420.0,food literature,['Gender & Sexuality Identity']
9927825708501420.0,food habit literature gastronomy,['Gender & Sexuality Identity']
9927468814001420.0,dinner and dining literature food,['Gender & Sexuality Identity']
9927688313501420.0,fruit literature,['Film & Theater']
9958280401421.0,gamble literature modern,['Film & Theater']
9928005295301420.0,english literature gender identity transgend people criticism interpretation etc,"['Holocaust & Jewish Studies', 'Journalism & Politics']"
9927732508201420.0,gender identity literature male female transsexual modernism queer theory transgend people,"['Holocaust & Jewish Studies', 'Journalism & Politics']"
9990274901421.0,fiction gender identity literature lesbianism masculinity woman motion picture electronic book,"['Electronic & Digital Media', 'Popular Culture & Media', 'Holocaust & Jewish Studies']"
9927581512401420.0,geographical myth imaginary place literature criticism interpretation etc,"['Comedy & Humor', 'Modernism & Postmodernism']"
9928111052001420.0,globalization literature motion picture and postmodernism,"['Film & Theater', 'Popular Culture & Media']"
9944664601421.0,grotesque literature woman human body modern,"['Poetry', 'Film & Theater']"
9928093030601420.0,healing recovery function fiction poetry literature,"['Poetry', 'Science Fiction & Fantasy']"
9927715113201420.0,holocaust jewish literature modern grandchild survivor influence literary artistic etc memory psychic trauma children juvenile young,"['Holocaust & Jewish Studies', 'Journalism & Politics', 'Documentary', 'Children & Young Adult']"
9927465609801420.0,holocaust jewish literature magic realism marvelous the fantasy grotesque supernatural,"['Holocaust & Jewish Studies', 'Horror & Mystery']"
9927470805601420.0,holocaust jewish literature,['Holocaust & Jewish Studies']
9927488058401420.0,holocaust jewish literature motion picture,['Holocaust & Jewish Studies']
9943516401421.0,appelfeld aron author israeli holocaust jewish literature,['Holocaust & Jewish Studies']
9927507406801420.0,holocaust jewish literature memory autobiographical,['Holocaust & Jewish Studies']
9927558188901420.0,holocaust jewish literature,['Holocaust & Jewish Studies']
9927465607901420.0,geschichte holocaust jewish literature punk rock music motion picture national socialism and criticism interpretation etc,"['Holocaust & Jewish Studies', 'Modernism & Postmodernism']"
9927583511301420.0,holocaust jewish literature,['Holocaust & Jewish Studies']
9928047193001420.0,wiesel elie ethic human right influence literary artistic etc holocaust jewish literature civil festschriften,"['Holocaust & Jewish Studies', 'Journalism & Politics', 'Documentary']"
9927507810801420.0,holocaust jewish literature memory,['Holocaust & Jewish Studies']
9927812825801420.0,holocaust jewish literature young adult child criticism interpretation etc history children juvenile young,"['Holocaust & Jewish Studies', 'Children & Young Adult']"
9927488056701420.0,saul levi primo cavani liliana wilkomirski binjamin imre holocaust jewish literature motion picture,['Holocaust & Jewish Studies']
9927465608801420.0,holocaust jewish literature postmodernism modern,"['Holocaust & Jewish Studies', 'Popular Culture & Media']"
9927814911201420.0,holocaust jewish literature,['Holocaust & Jewish Studies']
9986634801421.0,holocaust jewish literature hegel georg wilhelm friedrich schindler list motion picture,['Holocaust & Jewish Studies']
9928246970401420.0,holocaust jewish literature grandchild survivor memory psychic trauma modern criticism interpretation etc essay literary children juvenile young,"['Holocaust & Jewish Studies', 'Journalism & Politics', 'Children & Young Adult']"
9988047401421.0,holocaust jewish literature,['Holocaust & Jewish Studies']
9966412301421.0,holocaust jewish literature,['Holocaust & Jewish Studies']
9969686601421.0,holocaust jewish literature,['Holocaust & Jewish Studies']
9927693601701420.0,holocaust jewish literature survivor writing,['Holocaust & Jewish Studies']
9986148201421.0,holocaust jewish literature,['Holocaust & Jewish Studies']
99206114801421.0,holocaust jewish literature trial justice arendt hannah brecht bertolt delbo charlotte psychoanalysis and,['Holocaust & Jewish Studies']
9928090881501420.0,holocaust jewish literature american judaism and,"['Holocaust & Jewish Studies', 'Documentary']"
9927814911101420.0,waldheim kurt holocaust jewish literature motion picture influence literary artistic etc austria,"['Holocaust & Jewish Studies', 'Documentary']"
9927814911001420.0,holocaust jewish literature modern memory mimesis realism silence criticism interpretation etc,['Holocaust & Jewish Studies']
9956734601421.0,art modern holocaust jewish literature,['Holocaust & Jewish Studies']
9927472113201420.0,holocaust jewish literature survivor writing modern,['Holocaust & Jewish Studies']
9927468693701420.0,holocaust jewish literature,['Holocaust & Jewish Studies']
9927477407601420.0,holocaust jewish literature,['Holocaust & Jewish Studies']
9927583511201420.0,holocaust jewish literature religion and,"['Holocaust & Jewish Studies', 'Popular Culture & Media']"
99215315401421.0,holocaust jewish literature kafka franz,['Holocaust & Jewish Studies']
9927842612801420.0,holocaust jewish literature theater and society collective memory poland drama history,"['Holocaust & Jewish Studies', 'Film & Theater']"
9958502001421.0,holocaust jewish literature,['Holocaust & Jewish Studies']
9931065401421.0,holocaust jewish literature fiction,"['Holocaust & Jewish Studies', 'Documentary']"
9927814910901420.0,holocaust jewish literature,['Holocaust & Jewish Studies']
9946125701421.0,holocaust christian theology survivor jewish literature jews,"['Holocaust & Jewish Studies', 'Film & Theater']"
9929243201421.0,holocaust jewish literature,['Holocaust & Jewish Studies']
9927489703801420.0,holocaust jewish literature motion picture,['Holocaust & Jewish Studies']
9927465611001420.0,holocaust jewish literature motion picture nazi criminal,['Holocaust & Jewish Studies']
9927747738801420.0,holocaust jewish literature survivor influence literary artistic etc criticism interpretation,"['Holocaust & Jewish Studies', 'Documentary']"
9969686701421.0,holocaust jewish literature,['Holocaust & Jewish Studies']
9927507406501420.0,holocaust jewish literature,['Holocaust & Jewish Studies']
9927694105801420.0,holocaust jewish literature woman the survivor,"['Poetry', 'Holocaust & Jewish Studies']"
9928086285501420.0,holocaust jewish literature,['Holocaust & Jewish Studies']
9927471706901420.0,holocaust jewish literature,['Holocaust & Jewish Studies']
9927674938001420.0,holocaust jewish literature grandchild survivor children juvenile young,"['Holocaust & Jewish Studies', 'Children & Young Adult']"
9928247948201420.0,holocaust jewish literature emotion hilberg raul ruth schlesak dieter sebald criticism interpretation etc,['Holocaust & Jewish Studies']
9927814910801420.0,axis occupation yugoslavia yugoslav war holocaust jewish literature collective memory political persecution psychic trauma and criticism interpretation etc history,"['Holocaust & Jewish Studies', 'Journalism & Politics']"
99108401501421.0,holocaust jewish literature child the writing survivor fiction children juvenile young,"['Holocaust & Jewish Studies', 'Children & Young Adult']"
9927864033101420.0,homosexuality literature queer theory sexual orientation,"['Gender & Sexuality Identity', 'Electronic & Digital Media']"
9927606512501420.0,european literature middle eastern orientalism eroticism homosexuality art europe,"['Gender & Sexuality Identity', 'Film & Theater', 'Modernism & Postmodernism']"
99206143601421.0,gay people writing literature homosexuality and,"['Gender & Sexuality Identity', 'Journalism & Politics']"
9928016555401420.0,english literature sexual orientation criticism interpretation etc,"['Electronic & Digital Media', 'Film & Theater']"
99227277201421.0,queer theory literature homosexuality foucault michel barthe warhol andy electronic book,"['Gender & Sexuality Identity', 'Electronic & Digital Media']"
9944332301421.0,homosexuality literature and modern gay people writing,"['Gender & Sexuality Identity', 'Journalism & Politics']"
9928005296101420.0,literature modern homosexuality gender identity queer theory criticism interpretation etc,"['Electronic & Digital Media', 'Holocaust & Jewish Studies']"
99226714301421.0,homosexuality literature motion picture time and queer theory,"['Gender & Sexuality Identity', 'Electronic & Digital Media']"
99145637001421.0,homosexuality literature and gay people writing european,"['Gender & Sexuality Identity', 'Journalism & Politics']"
9927673751901420.0,gay people writing english fiction german man literature homosexuality and lesbian speak country europe criticism interpretation etc,"['Gender & Sexuality Identity', 'Journalism & Politics']"
9927732891001420.0,woman author black african american feminist theory horror literature horror gothic supernatural,"['Gender & Sexuality Identity', 'Horror & Mystery']"
9932611501421.0,horror literature tale film horror gothic supernatural,['Horror & Mystery']
9928076683801420.0,horror play film tale mass medium gothic fiction literary genre poetry literature criticism interpretation etc horror gothic supernatural,"['Horror & Mystery', 'Documentary']"
9927864036701420.0,horror literature pessimism horror gothic supernatural,['Horror & Mystery']
9928049985701420.0,horror tale literature horror gothic supernatural,['Horror & Mystery']
9927730062401420.0,catastrophical the horror tale film heavy metal music metaphysics philosophy literature motion picture criticism interpretation etc horror gothic supernatural,"['Gender & Sexuality Identity', 'Horror & Mystery']"
9927730062201420.0,horror tale literature philosophy popular culture criticism interpretation etc horror gothic supernatural,"['Gender & Sexuality Identity', 'Horror & Mystery', 'Popular Culture & Media']"
9927730062301420.0,horror tale literature philosophy popular culture criticism interpretation etc horror gothic supernatural,"['Gender & Sexuality Identity', 'Horror & Mystery', 'Popular Culture & Media']"
9924740670001420.0,human right literature social justice postcolonialism modern,"['Holocaust & Jewish Studies', 'Journalism & Politics', 'Film & Theater']"
99145351501421.0,human sacrifice literature art,['Film & Theater']
9927556390801420.0,humor literature humanism comedy humor,"['Comedy & Humor', 'Film & Theater']"
99220547801421.0,literature cultural fusion liberty comparative english latin american caribbean african slavery free trade atlantic ocean region electronic book,"['Electronic & Digital Media', 'Holocaust & Jewish Studies']"
99276118001421.0,shakespeare identity psychology literature,"['Science Fiction & Fantasy', 'Film & Theater']"
9928149117701420.0,literary form english literature identity psychology history,"['Science Fiction & Fantasy', 'Documentary']"
99133688801421.0,imaginary place literature european,"['Comedy & Humor', 'Modernism & Postmodernism']"
9927993011701420.0,imperialism literature modern criticism feminist theory critical geopolitic interpretation etc,"['Gender & Sexuality Identity', 'Broadcasting & Television', 'Modernism & Postmodernism']"
9927732508801420.0,art and literature impressionism,['Film & Theater']
9968118101421.0,individuation psychology literature gender identity,"['Science Fiction & Fantasy', 'Holocaust & Jewish Studies']"
9927686210601420.0,digital library electronic publication hypertext system literature and the internet,"['Electronic & Digital Media', 'Documentary']"
9927506064301420.0,literature and the internet technology book read,"['Holocaust & Jewish Studies', 'Documentary']"
9927817013801420.0,literature author and reader authorship the internet online electronic book,"['Electronic & Digital Media', 'Modernism & Postmodernism']"
9927556396701420.0,electronic publication hypertext literature and technology modernism,"['Modernism & Postmodernism', 'Documentary']"
9927817011901420.0,hypertext literature and the internet criticism interpretation etc,"['Modernism & Postmodernism', 'Documentary']"
9965757101421.0,irony literature,['Film & Theater']
9930477301421.0,irony literature,['Film & Theater']
9957242501421.0,irony literature comic the,"['Film & Theater', 'Comics & Graphic Novels']"
9927617812501420.0,italian fiction press and journalism literature,"['Gender & Sexuality Identity', 'Science Fiction & Fantasy', 'Journalism & Politics']"
99206475901421.0,knowledge theory literature sex and moral,"['Modernism & Postmodernism', 'Documentary', 'Popular Culture & Media']"
9927804508601420.0,labyrinth literature history,['Film & Theater']
9927516506001420.0,law and literature masculinity man,"['Holocaust & Jewish Studies', 'Popular Culture & Media']"
9967978101421.0,law and literature woman,['Poetry']
9957034301421.0,law literature and legal story,"['Electronic & Digital Media', 'Holocaust & Jewish Studies']"
9957237401421.0,law literature and legal story,"['Electronic & Digital Media', 'Holocaust & Jewish Studies']"
9927673754201420.0,lesbianism literature lesbian writing homosexuality and,"['Gender & Sexuality Identity', 'Journalism & Politics', 'Popular Culture & Media']"
9927589322801420.0,lesbian writing european literature lesbianism feminism criticism interpretation etc history europe,"['Gender & Sexuality Identity', 'Modernism & Postmodernism', 'Popular Culture & Media']"
99199231001421.0,life literature race vitalism negritude literary movement,"['Poetry', 'Journalism & Politics']"
9927664704701420.0,light and darkness literature twilight night art,['Film & Theater']
9984769101421.0,love literature friendship politic,"['Journalism & Politics', 'Film & Theater']"
99199894601421.0,european literature love death,"['Film & Theater', 'Modernism & Postmodernism']"
9927530507901420.0,love literature book print,"['Holocaust & Jewish Studies', 'Film & Theater']"
99142052601421.0,magic literature science and society,"['Holocaust & Jewish Studies', 'Film & Theater', 'Horror & Mystery']"
99207182001421.0,magic realism literature fiction commonwealth english postcolonialism deleuze gille,"['Gender & Sexuality Identity', 'Holocaust & Jewish Studies', 'Documentary']"
9926040440001420.0,magic realism literature fiction,"['Journalism & Politics', 'Horror & Mystery', 'Documentary']"
9956296701421.0,magic realism literature fiction spanish american,"['Journalism & Politics', 'Horror & Mystery', 'Documentary', 'Film & Theater']"
9958362601421.0,greene graham undset sigrid bernanos george theological anthropology literature catholic fiction human being,"['Science Fiction & Fantasy', 'Film & Theater']"
9927683706701420.0,marginality social literature yiddish jews outsider picaresque,"['Science Fiction & Fantasy', 'Holocaust & Jewish Studies']"
9928005297001420.0,homosexuality literature gay man masculinity desire imperialism comparative american english criticism interpretation etc,['Gender & Sexuality Identity']
99118601201421.0,masculinity literature english great britain,"['Film & Theater', 'Popular Culture & Media', 'Mass Media & Communication']"
9927504511001420.0,mathematics literature art modern,['Film & Theater']
9991379801421.0,literature meaning philosophy joyce james wittgenstein ludwig,"['Gender & Sexuality Identity', 'Mass Media & Communication']"
9928082435801420.0,russian literature italian french medicine death health and,"['Gender & Sexuality Identity', 'Modernism & Postmodernism']"
9928085178401420.0,literature and medicine history,['Gender & Sexuality Identity']
9926239700001420.0,medicine literature,['Gender & Sexuality Identity']
99115734801421.0,literature and medicine nervous system modern enlightenment,['Gender & Sexuality Identity']
9927100480001420.0,disease literature medicine physicians,['Gender & Sexuality Identity']
99149923301421.0,literature and medicine,['Gender & Sexuality Identity']
99145906101421.0,melancholy literature depression mental illness electronic book,"['Electronic & Digital Media', 'Film & Theater']"
99198668001421.0,memory literature art library,['Holocaust & Jewish Studies']
99225939901421.0,literature and mental illness psychiatry,['Film & Theater']
99116233901421.0,mental illness literature obsessive compulsive disorder european,"['Film & Theater', 'Modernism & Postmodernism']"
9970160901421.0,mesmerism literature hypnotism antisemitism art modern,['Film & Theater']
9990380201421.0,metamorphosis literature,['Film & Theater']
9927453080001420.0,middle class literature social value,"['Science Fiction & Fantasy', 'Film & Theater']"
9933014901421.0,mimesis literature abnormality human monster imagination,"['Film & Theater', 'Horror & Mystery', 'Documentary']"
99217484001421.0,mimesis literature imitation fiction,['Documentary']
9957237301421.0,mimesis literature and science,"['Film & Theater', 'Documentary']"
9927583812001420.0,art and music modernism literature,['Modernism & Postmodernism']
9928294259001420.0,english fiction modernism literature,"['Science Fiction & Fantasy', 'Modernism & Postmodernism']"
9927828408901420.0,modernism literature,['Modernism & Postmodernism']
99225855701421.0,modernism literature collector and collect anthology,['Modernism & Postmodernism']
9928005906501420.0,modernism art literature,['Modernism & Postmodernism']
9927579989201420.0,modernism literature aesthetics art music,['Modernism & Postmodernism']
9980969401421.0,modernism literature aesthetics,['Modernism & Postmodernism']
99147486601421.0,modernism literature loss psychology woolf virginia stein gertrude,"['Science Fiction & Fantasy', 'Modernism & Postmodernism']"
9984616801421.0,modernism literature,['Modernism & Postmodernism']
99150110901421.0,modernism literature,['Modernism & Postmodernism']
9989744801421.0,modernism literature,['Modernism & Postmodernism']
9927589322601420.0,modernism literature music noise and,['Modernism & Postmodernism']
9927656003301420.0,modernism literature modern homer,['Modernism & Postmodernism']
9925086260001420.0,modernism literature pleasure,['Modernism & Postmodernism']
9956643901421.0,modernism literature feminism and,"['Gender & Sexuality Identity', 'Modernism & Postmodernism']"
99227302901421.0,modernism literature satire emotion,"['Modernism & Postmodernism', 'Broadcasting & Television']"
9927665158601420.0,literature modern modernism spiral art,"['Modernism & Postmodernism', 'Children & Young Adult']"
9967029001421.0,modernism literature modern,['Modernism & Postmodernism']
99135981901421.0,modernism literature aesthetics,['Modernism & Postmodernism']
9925024270001420.0,modernism literature fiction postcolonialism,['Modernism & Postmodernism']
99217135701421.0,modernism literature english american,['Modernism & Postmodernism']
9927712362501420.0,literature modern modernism,"['Modernism & Postmodernism', 'Children & Young Adult']"
99215655001421.0,modernism literature,['Modernism & Postmodernism']
9927723108301420.0,modernism literature,['Modernism & Postmodernism']
9927487400301420.0,modernism literature mimesis ego psychology electronic book,"['Electronic & Digital Media', 'Modernism & Postmodernism']"
99220823501421.0,modernism literature,['Modernism & Postmodernism']
99141322001421.0,modernism literature modern,['Modernism & Postmodernism']
9927683702701420.0,modernism literature book and read,"['Holocaust & Jewish Studies', 'Modernism & Postmodernism']"
9968729901421.0,modernism literature english american poetry yeat eliot pound ezra joyce james ontology poetic,"['Poetry', 'Modernism & Postmodernism']"
9927589113401420.0,modernism literature art,['Modernism & Postmodernism']
9958704101421.0,modernism literature imperialism commonwealth english,['Modernism & Postmodernism']
99145927201421.0,modernism literature aesthetics art,['Modernism & Postmodernism']
9951858001421.0,modernism literature,['Modernism & Postmodernism']
9925779200001420.0,modernism literature imperialism postcolonialism english,['Modernism & Postmodernism']
9927664711701420.0,modernism literature government information mass medium and,"['Modernism & Postmodernism', 'Mass Media & Communication']"
9927595699601420.0,fiction language and literature modernism vagueness philosophy criticism interpretation etc,"['Gender & Sexuality Identity', 'Poetry', 'Modernism & Postmodernism', 'Children & Young Adult']"
9927664704801420.0,modernism literature war and,['Modernism & Postmodernism']
9958406001421.0,modernism literature modern consumption economic civilization and history science time,"['Gender & Sexuality Identity', 'Film & Theater', 'Modernism & Postmodernism']"
9927680913101420.0,decadence literature modernism,"['Modernism & Postmodernism', 'Children & Young Adult']"
9927669980501420.0,modernism literature civilization modern,"['Film & Theater', 'Modernism & Postmodernism']"
9928035893601420.0,modernism literature lecture and united states,['Modernism & Postmodernism']
9958109401421.0,modernism literature modern literary landmark tower,"['Gender & Sexuality Identity', 'Modernism & Postmodernism']"
9927556283101420.0,monster literature mass medium motion picture,"['Film & Theater', 'Horror & Mystery', 'Mass Media & Communication']"
9927464712501420.0,monster literature motion picture electronic book,"['Electronic & Digital Media', 'Film & Theater', 'Horror & Mystery']"
9988200601421.0,murder literature motion picture woman murderer,"['Poetry', 'Broadcasting & Television']"
99207212101421.0,murder literature motion picture woman murderer,"['Poetry', 'Broadcasting & Television']"
9986350001421.0,literature and myth modernism,['Modernism & Postmodernism']
99123029001421.0,mythology literature feminism and,"['Gender & Sexuality Identity', 'Film & Theater']"
9984021701421.0,literature modern author drug criticism interpretation etc,"['Film & Theater', 'Children & Young Adult']"
99223547101421.0,nationalism literature imperialism politic and modern english critical study,"['Film & Theater', 'Broadcasting & Television', 'Modernism & Postmodernism']"
9925779060001420.0,dawn literature light and darkness,['Film & Theater']
9927881299101420.0,english literature popular culture and nostalgia england criticism interpretation etc history,['Popular Culture & Media']
9956631701421.0,number literature symbolism mathematics,['Film & Theater']
99205369001421.0,old age literature identity psychology motion picture,"['Science Fiction & Fantasy', 'Modernism & Postmodernism']"
9925779020001420.0,party literature,['Film & Theater']
9958573901421.0,longus pastoral literature romance fiction country life love,"['Poetry', 'Film & Theater', 'Mass Media & Communication']"
99201722801421.0,literature and photography modern,['Gender & Sexuality Identity']
9925478020001420.0,literature and photography,['Gender & Sexuality Identity']
9956308101421.0,pleasure literature modern,['Film & Theater']
9956406201421.0,popular literature book and read hero,"['Electronic & Digital Media', 'Holocaust & Jewish Studies']"
9931823601421.0,popular literature american fiction english horror film sex role and society horror gothic supernatural,"['Horror & Mystery', 'Popular Culture & Media']"
9957079101421.0,popular literature fiction,"['Documentary', 'Popular Culture & Media']"
9928243858501420.0,journalism and literature spanish american spain latin america intellectual life criticism interpretation etc history,"['Poetry', 'Film & Theater', 'Broadcasting & Television']"
99226713801421.0,postcolonialism literature and the art modern develop country,"['Holocaust & Jewish Studies', 'Mass Media & Communication']"
9928039777301420.0,postcolonialism literature tragic the literary criticism,"['Holocaust & Jewish Studies', 'Documentary']"
9928047710701420.0,coetzee sinha indra kincaid jamaica postcolonialism literature power social science criticism interpretation etc,"['Science Fiction & Fantasy', 'Holocaust & Jewish Studies', 'Film & Theater']"
99172902501421.0,poverty literature power social science european,"['Science Fiction & Fantasy', 'Film & Theater', 'Modernism & Postmodernism']"
9924499360001420.0,literature primitivism enlightenment aesthetic european noble savage stereotype and anthropology primitive society electronic book,"['Electronic & Digital Media', 'Film & Theater', 'Modernism & Postmodernism']"
9928120775801420.0,hoffmann freud sigmund kafka franz psychic trauma literature european sandmann criticism interpretation etc,"['Journalism & Politics', 'Modernism & Postmodernism']"
9944624101421.0,psychoanalysis and literature criticism,['Holocaust & Jewish Studies']
9927673752401420.0,literature modern psychoanalysis and paranoia homosexuality,"['Gender & Sexuality Identity', 'Holocaust & Jewish Studies', 'Journalism & Politics']"
99120659101421.0,psychoanalysis and literature,['Holocaust & Jewish Studies']
99205786801421.0,literature psychoanalysis and electronic book,"['Electronic & Digital Media', 'Journalism & Politics', 'Holocaust & Jewish Studies']"
9927784577501420.0,literature psychoanalysis and criticism interpretation etc,"['Holocaust & Jewish Studies', 'Journalism & Politics']"
9968121501421.0,literature criticism psychoanalysis and interpretation etc,"['Holocaust & Jewish Studies', 'Journalism & Politics']"
9957037201421.0,psychoanalysis and literature art,['Holocaust & Jewish Studies']
9927461305201420.0,cognition literature philosophy mind poetic historical criticism discourse analysis literary,"['Gender & Sexuality Identity', 'Poetry']"
9927597495301420.0,psychic trauma literature,['Journalism & Politics']
99215345401421.0,psychology and literature cognitive science character characteristic discourse analysis narrative influence literary artistic etc reader response criticism,"['Poetry', 'Science Fiction & Fantasy', 'Documentary']"
9990107201421.0,psychology and literature modernism motion picture psychoanalysis,"['Science Fiction & Fantasy', 'Holocaust & Jewish Studies', 'Modernism & Postmodernism', 'Children & Young Adult']"
9956626001421.0,literature psychology psychoanalysis and character characteristic motivation,"['Science Fiction & Fantasy', 'Electronic & Digital Media', 'Holocaust & Jewish Studies']"
99228601101421.0,psychology and literature cognition culture popular character characteristic philosophy cognitive science,"['Gender & Sexuality Identity', 'Science Fiction & Fantasy', 'Popular Culture & Media']"
99119186801421.0,race literature modern modernism aesthetics,"['Journalism & Politics', 'Children & Young Adult', 'Modernism & Postmodernism']"
9928079484601420.0,asians literature indigenous people race,"['Journalism & Politics', 'Film & Theater']"
9928158059201420.0,young adult fiction speculative race literature criticism interpretation etc,"['Comedy & Humor', 'Journalism & Politics', 'Children & Young Adult']"
99217297801421.0,rape literature medieval modern,['Film & Theater']
9925730810001420.0,romanticism,['Holocaust & Jewish Studies']
9965908101421.0,romanticism criticism,['Holocaust & Jewish Studies']
9928005910101420.0,antiquity art literature ruin,['Film & Theater']
9928049985201420.0,antiquity art literature ruin,['Film & Theater']
99274673901421.0,literature philosophy autobiography soul,['Gender & Sexuality Identity']
9928071321001420.0,existentialism literature identity psychology,['Science Fiction & Fantasy']
9927896009001420.0,hear sens and sensation literature speak word poetry,['Poetry']
9968548701421.0,sens and sensation literature,['Film & Theater']
9974103701421.0,sentimentalism literature modern,['Film & Theater']
9924958690001420.0,capra frank sentimentalism motion picture literature english,"['Film & Theater', 'Broadcasting & Television']"
9968612701421.0,modernism literature sex role gender identity psychology english american,"['Science Fiction & Fantasy', 'Holocaust & Jewish Studies', 'Modernism & Postmodernism', 'Popular Culture & Media']"
99207691201421.0,sex literature gender identity time perception homosexuality and queer theory motion picture art popular culture,"['Gender & Sexuality Identity', 'Holocaust & Jewish Studies', 'Popular Culture & Media']"
9970694001421.0,sex role literature man woman relationship european french,"['Gender & Sexuality Identity', 'Popular Culture & Media', 'Mass Media & Communication']"
9977754501421.0,sex role literature woman medieval european,"['Poetry', 'Film & Theater', 'Popular Culture & Media']"
9927556300201420.0,shipwreck survival art literature,"['Film & Theater', 'Comics & Graphic Novels']"
9928085264001420.0,literature african diaspora slavery mass medium criticism interpretation etc,"['Film & Theater', 'Mass Media & Communication']"
9927675585801420.0,benjamin walter marinetti calvino italo perec george tschumi bernard koolhaas rem literature modern architecture and city town space time,"['Gender & Sexuality Identity', 'Poetry']"
9927786913501420.0,literature modern english boundary politic and space criticism interpretation etc,"['Gender & Sexuality Identity', 'Journalism & Politics']"
9989787801421.0,demoniac possession literature exorcism english spanish diabolique dan exorcisme anglaise espagnole,['Film & Theater']
9957236501421.0,spirituality literature spirit consciousness drama theater,['Film & Theater']
9927991211101420.0,holocaust jewish arendt hannah benjamin walter schapp wilhelm survivor influence literary artistic etc storytelle literature,"['Holocaust & Jewish Studies', 'Documentary']"
9971107401421.0,stupidity literature modern,['Film & Theater']
9927682366501420.0,subject philosophy subjectivity literature criticism,"['Gender & Sexuality Identity', 'Journalism & Politics']"
99227975501421.0,subjectivity literature subject philosophy french poetry,"['Gender & Sexuality Identity', 'Poetry', 'Journalism & Politics']"
9957238201421.0,suffer literature art,['Film & Theater']
99119452401421.0,supernatural literature fantasy science fiction,"['Science Fiction & Fantasy', 'Horror & Mystery']"
99146795801421.0,surrealism literature modern crime violence author,"['Film & Theater', 'Horror & Mystery', 'Modernism & Postmodernism']"
9927825708201420.0,surrealism literature,['Modernism & Postmodernism']
9927889813101420.0,human being literature humanism and technology mass medium,"['Film & Theater', 'Mass Media & Communication']"
9927508413001420.0,literature and technology art computer programming,['Documentary']
99198395801421.0,literature and technology art digital medium mass image philosophy,"['Gender & Sexuality Identity', 'Documentary', 'Mass Media & Communication']"
9957879901421.0,literature and technology hypertext system interactive multimedia poetic,"['Broadcasting & Television', 'Documentary']"
9928150884701420.0,literature and technology asbestos modernism,"['Modernism & Postmodernism', 'Documentary']"
9928249757301420.0,natural language generation computer science artificial intelligence automation machine learning robot,"['Poetry', 'Science Fiction & Fantasy', 'Journalism & Politics']"
9927712361901420.0,literature and technology digital medium electronic publication publishing,['Documentary']
99220493401421.0,literature september terrorist attack new york,"['Journalism & Politics', 'Broadcasting & Television']"
9927825598901420.0,terrorism literature,"['Film & Theater', 'Broadcasting & Television']"
9927825598601420.0,literature space and time,['Gender & Sexuality Identity']
9995216501421.0,tragic the literature grief bereavement modernism,['Modernism & Postmodernism']
99225683901421.0,woman traveler writing european gender identity orient,"['Holocaust & Jewish Studies', 'Journalism & Politics', 'Modernism & Postmodernism']"
9927879986701420.0,traveler writing travel literature voyage and criticism interpretation etc history,"['Journalism & Politics', 'Modernism & Postmodernism']"
9928077284001420.0,travel writing american literature great britain atlantic ocean region african diaspora british colony criticism interpretation etc history,"['Journalism & Politics', 'Mass Media & Communication', 'Modernism & Postmodernism']"
9928077639501420.0,traveler writing travel criticism interpretation etc history,"['Comedy & Humor', 'Journalism & Politics']"
9927685501501420.0,travel writing literature medieval pilgrim and pilgrimage western europe,"['Journalism & Politics', 'Film & Theater']"
9928351153001420.0,travel literature literary journey geography and plot summary illustrate work,"['Gender & Sexuality Identity', 'Comedy & Humor', 'Documentary']"
9927502678301420.0,travel literature room european,['Modernism & Postmodernism']
9989990001421.0,trojan war,['Journalism & Politics']
9983772201421.0,tragic the literature,['Film & Theater']
99207181201421.0,utopias literature dystopias utopia science fiction english,"['Science Fiction & Fantasy', 'Film & Theater']"
9927825598201420.0,utopias literature,['Film & Theater']
9927683706401420.0,more thomas utopia saint literature civilization medieval english utopias criticism interpretation etc history,['Film & Theater']
9927574883101420.0,utopias literature utopia romanticism,['Film & Theater']
99207522201421.0,utopias literature travel utopia english fiction science traveler writing,"['Science Fiction & Fantasy', 'Film & Theater']"
9927788526701420.0,bellamy morris carpenter gilman charlotte perkin utopias literature criticism interpretation etc,['Film & Theater']
9944984801421.0,utopias literature,['Film & Theater']
99200122701421.0,vampire literature horror tale european fiction film social change and society horror gothic supernatural,"['Science Fiction & Fantasy', 'Horror & Mystery']"
99115851401421.0,vampire literature repetition modern film serial murder,"['Film & Theater', 'Broadcasting & Television']"
9928281033801420.0,violence literature motion picture mexican american border region,"['Journalism & Politics', 'Film & Theater', 'Modernism & Postmodernism']"
9927823123201420.0,literature modern violence,['Film & Theater']
9927994212701420.0,world war social aspect and literature,"['Film & Theater', 'Mass Media & Communication']"
9927519868201420.0,world war literature,"['Journalism & Politics', 'Film & Theater']"
9943434301421.0,world war and literature modern,"['Journalism & Politics', 'Film & Theater']"
9994815501421.0,military art and science literature modern,"['Science Fiction & Fantasy', 'Journalism & Politics', 'Film & Theater']"
9927491410801420.0,war and literature just doctrine story military ethic soldier,"['Journalism & Politics', 'Documentary']"
99215233401421.0,war literature and,"['Journalism & Politics', 'Film & Theater']"
9924608590001420.0,war literature mass medium electronic book,"['Electronic & Digital Media', 'Mass Media & Communication']"
99119595601421.0,war literature hero,"['Journalism & Politics', 'Film & Theater']"
9928149113701420.0,wind literature art god,"['Comedy & Humor', 'Film & Theater']"
9995667101421.0,wisdom literature,['Film & Theater']
9951846301421.0,woman literature european politic and,"['Gender & Sexuality Identity', 'Journalism & Politics', 'Modernism & Postmodernism']"
9927556308901420.0,world war literature modern collective memory and film motion picture,"['Holocaust & Jewish Studies', 'Journalism & Politics']"
9928412266401420.0,world war literature and modern education study skill education teaching,"['Journalism & Politics', 'Film & Theater']"
9932234401421.0,journalism political socialization develop country,['Mass Media & Communication']
9943602101421.0,jewish chronicle london england jews,['Holocaust & Jewish Studies']
9933833101421.0,jewish newspaper periodical jews germany,"['Holocaust & Jewish Studies', 'Journalism & Politics']"
9932551301421.0,arthurian romance motion picture,['Film & Theater']
9943675201421.0,circe literature,['Film & Theater']
9932984801421.0,cleopatra queen literature woman art,['Poetry']
9931534101421.0,juan honor literature spanish,['Film & Theater']
9943430101421.0,persephone woman literature feminism and,['Gender & Sexuality Identity']
9995499201421.0,antigone,[]
9989548401421.0,arthurian romance arthur great britain,"['Film & Theater', 'Mass Media & Communication']"
99112788401421.0,cleopatra,[]
9990256101421.0,juan european literature mozart wolfgang amadeus,['Modernism & Postmodernism']
9966965701421.0,erauso catalina,[]
9927896607101420.0,european literature faust criticism interpretation etc,['Modernism & Postmodernism']
9927859711201420.0,faust legend german literature modern art devil magic germany criticism interpretation etc handbook and manual history,"['Holocaust & Jewish Studies', 'Journalism & Politics', 'Horror & Mystery']"
99141900501421.0,faust religion and literature,['Popular Culture & Media']
9928332058201420.0,faust power social science decision making good and evil ethic literature soul criticism interpretation etc history informational work,"['Science Fiction & Fantasy', 'Comics & Graphic Novels']"
9966628801421.0,fortune literature chance fate and fatalism,['Film & Theater']
99208252301421.0,helen,[]
9927633112801420.0,jesus christ fiction,['Science Fiction & Fantasy']
99199653901421.0,merlin knowledge theory literature power social science,"['Science Fiction & Fantasy', 'Film & Theater']"
9987581701421.0,european literature modern sappho,['Modernism & Postmodernism']
9985765401421.0,literature,['Film & Theater']
99144166601421.0,literature,['Film & Theater']
9931143601421.0,book and read english literature american reader response criticism,"['Science Fiction & Fantasy', 'Holocaust & Jewish Studies']"
9965793101421.0,literature,['Film & Theater']
9951457801421.0,literature,['Film & Theater']
9927674943401420.0,literature lesson planning education education teaching,['Film & Theater']
9927464408701420.0,literature poetry english,['Poetry']
99116454901421.0,literature,['Film & Theater']
9928402841801420.0,literature climatic change environmental ecofiction literary criticism essay,"['Science Fiction & Fantasy', 'Film & Theater', 'Documentary']"
99149920901421.0,literature,['Film & Theater']
9928167881701420.0,journalism and literature politic,"['Journalism & Politics', 'Film & Theater']"
9927723202701420.0,julio literature modern spanish american criticism interpretation etc,['Film & Theater']
99177868201421.0,literature european,['Modernism & Postmodernism']
99141567701421.0,english literature,['Film & Theater']
9966584501421.0,literature modern,['Film & Theater']
9946182401421.0,literature conduct life,['Poetry']
9994752401421.0,english literature,['Film & Theater']
9927814907801420.0,literature collection,['Holocaust & Jewish Studies']
99197194601421.0,develop country,['Mass Media & Communication']
99146446801421.0,literature,['Film & Theater']
9927169970001420.0,literature,['Film & Theater']
9927470705101420.0,literature,['Film & Theater']
9927634610601420.0,literature,['Film & Theater']
9927860110901420.0,literature collection,['Holocaust & Jewish Studies']
9927784807001420.0,literature collection,['Holocaust & Jewish Studies']
9926320860001420.0,death literature,['Modernism & Postmodernism']
9965624701421.0,literature modern,['Film & Theater']
99215406901421.0,romanticism european literature prose,"['Holocaust & Jewish Studies', 'Modernism & Postmodernism']"
9927845541401420.0,romanticism english literature and globalization colonization australia speak country great britain india criticism interpretation etc,"['Film & Theater', 'Mass Media & Communication']"
99145319301421.0,romanticism,['Holocaust & Jewish Studies']
9932697101421.0,romanticism criticism,['Holocaust & Jewish Studies']
9984032001421.0,romanticism,['Holocaust & Jewish Studies']
9991223701421.0,english prose literature great britain book and read social problem,"['Holocaust & Jewish Studies', 'Popular Culture & Media', 'Mass Media & Communication']"
9930798501421.0,romanticism european literature,"['Holocaust & Jewish Studies', 'Modernism & Postmodernism']"
9927597609501420.0,romanticism literature,['Holocaust & Jewish Studies']
9957074601421.0,romanticism literature modern,['Holocaust & Jewish Studies']
9927472507601420.0,anthology,[]
99225807901421.0,jewish literature haskalah author judaism and perl,"['Holocaust & Jewish Studies', 'Documentary']"
99111471801421.0,sephardic author sephardim,[]
9932140401421.0,literature,['Film & Theater']
9927965210801420.0,literature translation,"['Film & Theater', 'Children & Young Adult']"
9951699601421.0,literature fantasy fiction english,['Science Fiction & Fantasy']
9927998110301420.0,exile writing author,['Journalism & Politics']
9925906280001420.0,prisoner writing european europe eastern electronic book,"['Electronic & Digital Media', 'Journalism & Politics', 'Modernism & Postmodernism']"
9966976501421.0,woman dramatist feminist theater literature,"['Gender & Sexuality Identity', 'Film & Theater']"
9957944601421.0,literature modern woman,['Poetry']
9974108901421.0,literature woman and feminism,['Poetry']
99149691201421.0,science fiction german literature,"['Science Fiction & Fantasy', 'Holocaust & Jewish Studies']"
9958755101421.0,child story children juvenile young,['Children & Young Adult']
9951837401421.0,emigration and immigration migration internal,['Broadcasting & Television']
9933407901421.0,erotic literature,['Film & Theater']
9958244801421.0,fantasy literature,['Film & Theater']
9933176501421.0,fantasy fiction american english short story,"['Science Fiction & Fantasy', 'Electronic & Digital Media']"
9944912301421.0,love,['Film & Theater']
9927861305801420.0,romance arthurian translation,"['Film & Theater', 'Children & Young Adult']"
99205864901421.0,berlin wall germany post communism european literature,['Modernism & Postmodernism']
9928094675401420.0,littell franklin hamlin birthday personal correspondence,['Journalism & Politics']
9971533401421.0,chess,[]
9928343174501420.0,neighborhood apartment disease dweller new york pandemic low side state since fiction friendship city life short story novel domestic psychological link,"['Comedy & Humor', 'Electronic & Digital Media', 'Journalism & Politics']"
9927825710801420.0,emigration and immigration freedom movement refugee short story arabic islamic country social condition fiction translation,"['Electronic & Digital Media', 'Broadcasting & Television', 'Children & Young Adult']"
9927489590901420.0,world war story,"['Electronic & Digital Media', 'Journalism & Politics']"
9958232901421.0,world war literature modern,"['Journalism & Politics', 'Film & Theater']"
9927902113901420.0,exile punishment literary collection,"['Holocaust & Jewish Studies', 'Journalism & Politics', 'Documentary']"
9982455601421.0,fairy tale,['Children & Young Adult']
9927674937901420.0,faust,[]
99197175101421.0,faust,[]
9927621605901420.0,food habit gastronomy literature,['Gender & Sexuality Identity']
9924489750001420.0,judah loew ben bezalel golem jews yiddish literature,['Holocaust & Jewish Studies']
9928079485101420.0,haiti literature modern revolution fictional work poetry history literary collection translation drama fiction,"['Poetry', 'Holocaust & Jewish Studies', 'Documentary']"
9946381501421.0,holocaust jewish,['Holocaust & Jewish Studies']
9928463083601420.0,holocaust jewish short story yiddish soviet fiction,"['Electronic & Digital Media', 'Holocaust & Jewish Studies']"
9927706012501420.0,holocaust jewish survivor fiction,"['Holocaust & Jewish Studies', 'Documentary']"
9980587901421.0,child holocaust survivor writing jewish fiction children juvenile young,"['Holocaust & Jewish Studies', 'Documentary', 'Children & Young Adult']"
9943307801421.0,holocaust jewish,['Holocaust & Jewish Studies']
9957856701421.0,holocaust jewish short story,"['Electronic & Digital Media', 'Holocaust & Jewish Studies']"
99116030601421.0,gay man homosexuality,"['Gender & Sexuality Identity', 'Comedy & Humor']"
9989694501421.0,short story horror tale horror gothic supernatural,"['Electronic & Digital Media', 'Horror & Mystery']"
9927602562101420.0,horror tale paranormal fiction fantasy uncanny the psychoanalysis literature horror gothic supernatural,"['Holocaust & Jewish Studies', 'Horror & Mystery']"
99227533201421.0,fantasy fiction science short story paranormal,"['Science Fiction & Fantasy', 'Electronic & Digital Media']"
9986725701421.0,lesbian writing lesbianism,"['Journalism & Politics', 'Popular Culture & Media']"
9925920030001420.0,medicine social,"['Gender & Sexuality Identity', 'Science Fiction & Fantasy']"
99123011501421.0,nature geology,['Film & Theater']
9927502381201420.0,paris france american literature african caribbean modernism black,"['Modernism & Postmodernism', 'Broadcasting & Television', 'Children & Young Adult']"
99119414101421.0,prisoner writing,['Journalism & Politics']
9991294001421.0,science,['Science Fiction & Fantasy']
9927601810701420.0,venus planet science fiction,['Science Fiction & Fantasy']
99149691901421.0,science fiction civilization subterranean underground area earth utopia voyages imaginary,['Science Fiction & Fantasy']
9928091515301420.0,science fiction novellas,['Science Fiction & Fantasy']
9927790208801420.0,science fiction,['Science Fiction & Fantasy']
99207867601421.0,soccer,[]
9927709284201420.0,civil war spain story,"['Electronic & Digital Media', 'Journalism & Politics']"
99143058101421.0,spy story,"['Electronic & Digital Media', 'Modernism & Postmodernism']"
99205366401421.0,surrealism literature electronic book,"['Electronic & Digital Media', 'Modernism & Postmodernism']"
99198668501421.0,suspicion united states,[]
9995889501421.0,war literature modern,"['Journalism & Politics', 'Film & Theater']"
9927502260501420.0,window authorship literature author,['Film & Theater']
9927808355201420.0,quotation greek,"['Gender & Sexuality Identity', 'Documentary']"
9956866301421.0,quotation english proverb language,"['Gender & Sexuality Identity', 'Poetry', 'Documentary']"
9932397301421.0,quotation english,['Documentary']
9958313901421.0,quotation english,['Documentary']
9956956501421.0,quotation american,['Documentary']
9928146642101420.0,literature modern quotation american english,"['Film & Theater', 'Documentary']"
9930198901421.0,quotation english proverb,"['Gender & Sexuality Identity', 'Documentary']"
9956950601421.0,quotation english,['Documentary']
9991287701421.0,quotation english,['Documentary']
9957399001421.0,psychology quotation english,"['Science Fiction & Fantasy', 'Documentary']"
9933403401421.0,quotation,['Documentary']
9944911301421.0,african americans,[]
9933372701421.0,woman quotation english,"['Gender & Sexuality Identity', 'Documentary']"
9931689501421.0,quotation english,['Documentary']
99129076001421.0,authorship,[]
9957736001421.0,executive leadership success business,['Film & Theater']
99227127501421.0,celebrity,['Mass Media & Communication']
9990088601421.0,economic economist,[]
99128513801421.0,education teacher education teaching,['Broadcasting & Television']
9928119892401420.0,iwata satoru leadership video game industry nintendo quotation,"['Broadcasting & Television', 'Documentary']"
9926910460001420.0,quotation english simile,['Documentary']
9966655201421.0,success business maxims chinese,['Film & Theater']
99219487901421.0,quotation french,"['Gender & Sexuality Identity', 'Documentary']"
9927705707301420.0,jews judaism spiritual life proverb jewish quotation,"['Holocaust & Jewish Studies', 'Documentary']"
9966660701421.0,poetry,['Poetry']
9989917901421.0,poetry,['Poetry']
9970825301421.0,literature humanity education humanistic education teaching,['Modernism & Postmodernism']
99125669401421.0,literature translate and interpreting develop country electronic book,"['Electronic & Digital Media', 'Mass Media & Communication', 'Holocaust & Jewish Studies']"
9927469804901420.0,poetry modern political atrocity military history,"['Poetry', 'Journalism & Politics']"
9927986912201420.0,poetry modern american,['Poetry']
9965736301421.0,poetry,['Poetry']
9928004509301420.0,poetry college reader collection,"['Poetry', 'Science Fiction & Fantasy', 'Holocaust & Jewish Studies']"
9965726201421.0,poetry,['Poetry']
9932933001421.0,poetry college reader,"['Poetry', 'Science Fiction & Fantasy']"
99201305901421.0,poetry,['Poetry']
9927465406801420.0,poetry,['Poetry']
9928009999701420.0,poetry translation,"['Poetry', 'Children & Young Adult']"
99178402901421.0,poetry modern,['Poetry']
9942856501421.0,poetry modern english,['Poetry']
99119087101421.0,poetry medieval middle age,"['Poetry', 'Film & Theater']"
99200077001421.0,poetry,['Poetry']
99146085001421.0,european poetry,"['Poetry', 'Modernism & Postmodernism']"
9951858401421.0,poetry modern,['Poetry']
9931310201421.0,english poetry european modern,"['Poetry', 'Modernism & Postmodernism']"
99125577401421.0,poetry,['Poetry']
9943312601421.0,poetry,['Poetry']
9927482911901420.0,poetry woman,['Poetry']
9928096476001420.0,poetry ode texas,['Poetry']
99117505101421.0,poetry,['Poetry']
9931576801421.0,poetry,['Poetry']
9928391724601420.0,poetry,['Poetry']
9928265458901420.0,animal mythical poetry,['Poetry']
99168838501421.0,poetry,['Poetry']
9943202201421.0,lesbian writing american literature homophobia,"['Gender & Sexuality Identity', 'Journalism & Politics']"
9958433901421.0,religious poetry woman spiritual life vision,['Poetry']
9927579987001420.0,paint art ekphrasis,[]
9928083684201420.0,old testament poetry history biblical event modern,"['Poetry', 'Modernism & Postmodernism']"
99115880401421.0,animal english language child poetry american alphabet children juvenile young,"['Poetry', 'Children & Young Adult']"
9928099876001420.0,concrete poetry,['Poetry']
9927462403901420.0,concrete poetry,['Poetry']
9946124301421.0,holocaust jewish,['Holocaust & Jewish Studies']
9994700901421.0,homosexuality gay writing lesbian poetry,"['Gender & Sexuality Identity', 'Poetry', 'Journalism & Politics']"
9957035301421.0,holocaust jewish,['Holocaust & Jewish Studies']
9928344656401420.0,louvre paris france museum poetry,['Poetry']
9970461601421.0,political poetry,['Poetry']
9933504701421.0,sonnet european,['Modernism & Postmodernism']
9957097101421.0,vietnam war poetry modern,"['Poetry', 'Journalism & Politics']"
9928437872301420.0,hilsum lindsey woman journalist war and society soldier family poetry ukraine book read england anecdote,"['Science Fiction & Fantasy', 'Holocaust & Jewish Studies', 'Comics & Graphic Novels']"
9927556391701420.0,war and society poetry,"['Poetry', 'Holocaust & Jewish Studies', 'Journalism & Politics']"
9927506063001420.0,war poetry poet english electronic book,"['Science Fiction & Fantasy', 'Poetry', 'Electronic & Digital Media']"
9927556412701420.0,one act play american drama,"['Film & Theater', 'Broadcasting & Television']"
9927556310701420.0,american drama one act play,"['Film & Theater', 'Broadcasting & Television']"
99220496501421.0,american drama one act play,"['Film & Theater', 'Broadcasting & Television']"
9927556412601420.0,drama american one act play,"['Film & Theater', 'Broadcasting & Television']"
99228546201421.0,american drama english audiobook,['Film & Theater']
99146405501421.0,drama,['Film & Theater']
9965162601421.0,drama,['Film & Theater']
9969404001421.0,european drama american homosexuality,"['Gender & Sexuality Identity', 'Film & Theater', 'Modernism & Postmodernism']"
9927749901401420.0,drama collection,"['Holocaust & Jewish Studies', 'Film & Theater']"
9927749901301420.0,drama collection,"['Holocaust & Jewish Studies', 'Film & Theater']"
99127832901421.0,drama,['Film & Theater']
99207376601421.0,drama,['Film & Theater']
9927788772501420.0,drama criticism interpretation etc,['Film & Theater']
9990881901421.0,drama experimental script criticism interpretation etc,['Film & Theater']
9928121200101420.0,pandemic drama one act play,"['Film & Theater', 'Broadcasting & Television']"
99215657101421.0,drama experimental,['Film & Theater']
9958477501421.0,asian american theater,['Film & Theater']
9968188101421.0,european drama,"['Film & Theater', 'Modernism & Postmodernism']"
99227234801421.0,drama english american,['Film & Theater']
9958384201421.0,drama world war,"['Journalism & Politics', 'Film & Theater']"
9927998009401420.0,short story,['Electronic & Digital Media']
9946260401421.0,short story,['Electronic & Digital Media']
9951663701421.0,short story european,"['Electronic & Digital Media', 'Modernism & Postmodernism']"
9927814908101420.0,cuento short story,['Electronic & Digital Media']
9927477009701420.0,short story fiction,['Electronic & Digital Media']
9927635511001420.0,short story european english,"['Electronic & Digital Media', 'Modernism & Postmodernism']"
9928154129501420.0,short story american canadian,['Electronic & Digital Media']
9932404601421.0,short story pacific area,['Electronic & Digital Media']
9927998009501420.0,short story,['Electronic & Digital Media']
9932177601421.0,short story,['Electronic & Digital Media']
9928004608501420.0,short story,['Electronic & Digital Media']
99118632601421.0,short story baltic state scandinavia,"['Electronic & Digital Media', 'Journalism & Politics']"
9944595401421.0,short story,['Electronic & Digital Media']
99199600501421.0,short story jazz literature,"['Electronic & Digital Media', 'Film & Theater']"
9927505693901420.0,short story,['Electronic & Digital Media']
9927786611601420.0,short story,['Electronic & Digital Media']
99220540101421.0,short story,['Electronic & Digital Media']
99145365901421.0,short story english,['Electronic & Digital Media']
9932242001421.0,short story,['Electronic & Digital Media']
9927681206201420.0,short story sacred space,['Electronic & Digital Media']
9927904712901420.0,short story,['Electronic & Digital Media']
99177869301421.0,fiction,['Science Fiction & Fantasy']
99119024401421.0,short story,['Electronic & Digital Media']
9933396101421.0,fiction short story,['Electronic & Digital Media']
9925500070001420.0,science fiction fantasy,['Science Fiction & Fantasy']
9965890001421.0,short story feminism immigrant,"['Gender & Sexuality Identity', 'Electronic & Digital Media', 'Broadcasting & Television']"
9944905901421.0,adolescence youth short story,"['Comedy & Humor', 'Electronic & Digital Media']"
9933178901421.0,erotic story short,"['Electronic & Digital Media', 'Film & Theater']"
9943928501421.0,homosexuality short story,['Electronic & Digital Media']
9931886501421.0,legal story,['Electronic & Digital Media']
9944347401421.0,short story war,['Electronic & Digital Media']
99199476101421.0,horror tale fantasy fiction paranormal ghost story gothic literary genre horror gothic supernatural,"['Horror & Mystery', 'Documentary']"
99118556001421.0,homosexuality gay people,"['Gender & Sexuality Identity', 'Journalism & Politics']"
99125610001421.0,short story jewish jews fiction,"['Electronic & Digital Media', 'Holocaust & Jewish Studies']"
99146022701421.0,jewish fiction european woman,"['Gender & Sexuality Identity', 'Science Fiction & Fantasy', 'Holocaust & Jewish Studies', 'Modernism & Postmodernism']"
9925488890001420.0,science fiction,['Science Fiction & Fantasy']
9928035298101420.0,science fiction,['Science Fiction & Fantasy']
9995677101421.0,war story,"['Electronic & Digital Media', 'Journalism & Politics']"
9927648710901420.0,arab israeli conflict palestinian arabs american drama english arabic,"['Film & Theater', 'Mass Media & Communication']"
99134183301421.0,falstaff sir fictitious character,['Electronic & Digital Media']
9927825513601420.0,gay people drama,"['Gender & Sexuality Identity', 'Journalism & Politics', 'Film & Theater']"
9988618501421.0,gay man lesbian drama writing,"['Gender & Sexuality Identity', 'Comedy & Humor', 'Journalism & Politics']"
9958249001421.0,drama holocaust jewish literature,"['Holocaust & Jewish Studies', 'Film & Theater']"
9924760190001420.0,one act play drama,"['Film & Theater', 'Broadcasting & Television']"
99198392901421.0,speech address etc,['Broadcasting & Television']
9990867401421.0,speech address etc,['Broadcasting & Television']
9966455401421.0,speech address etc,['Broadcasting & Television']
9933167801421.0,letter literature medieval woman,"['Gender & Sexuality Identity', 'Holocaust & Jewish Studies', 'Film & Theater']"
9927672410701420.0,letter,['Holocaust & Jewish Studies']
99197034601421.0,letter,['Holocaust & Jewish Studies']
9928094473501420.0,letter,['Holocaust & Jewish Studies']
9927686197201420.0,abelard peter epistolae duorum amantium tegernseer briefsammlung des jahrhundert selection carmina ratisponensia love letter latin medieval and modern write,"['Holocaust & Jewish Studies', 'Film & Theater']"
9927682370901420.0,museum art appreciation criticism,[]
99201830101421.0,wit and humor comedy humor,['Comedy & Humor']
99129071501421.0,wit and humor comedy humor,['Comedy & Humor']
9951755101421.0,wit and humor comedy humor,['Comedy & Humor']
9927803277801420.0,wit and humor criticism interpretation etc comedy humor,['Comedy & Humor']
9932585801421.0,wit and humor laughter comic the comedy humor,['Comedy & Humor']
9932683001421.0,wit and humor conversation comedy humor,['Comedy & Humor']
9994860601421.0,wit and humor comic the comedy humor,['Comedy & Humor']
9931715801421.0,freud sigmund wit and humor jewish cognitive style comedy humor,['Comedy & Humor']
9943536601421.0,wit and humor comedy comedy humor,['Comedy & Humor']
9951847201421.0,wit and humor laughter comedy humor,['Comedy & Humor']
9928214852501420.0,humor wit and comedy humor,['Comedy & Humor']
9943046801421.0,wit and humor subconsciousness comedy humor,['Comedy & Humor']
9944431101421.0,wit and humor laughter comedy comedy humor,['Comedy & Humor']
9943605401421.0,satire,['Broadcasting & Television']
9931918701421.0,satire caricature,['Broadcasting & Television']
9930870901421.0,satire,['Broadcasting & Television']
9944747801421.0,satire,['Broadcasting & Television']
9943098001421.0,wit and humor comedy humor,['Comedy & Humor']
99228055401421.0,wit and humor comedy comedy humor,['Comedy & Humor']
99119497101421.0,ethnic wit and humor criticism interpretation etc comedy humor,['Comedy & Humor']
9927890213001420.0,comedy laughter,['Comedy & Humor']
9986353401421.0,wit and humor subconsciousness comedy humor,['Comedy & Humor']
99198338301421.0,wit and humor comedy humor,['Comedy & Humor']
9927821713501420.0,slavoj philosophy joke wit and humor comedy humor,['Comedy & Humor']
99146991501421.0,political satire,['Broadcasting & Television']
99197226201421.0,more thomas bacon francis burton bayle pierre franklin benjamin gibbon political satire fool and jester laughter science,"['Science Fiction & Fantasy', 'Film & Theater', 'Broadcasting & Television']"
9928218457601420.0,satire dystopias literature criticism interpretation etc,"['Science Fiction & Fantasy', 'Film & Theater', 'Broadcasting & Television']"
9991270901421.0,legman wit and humor sex comedy humor,['Comedy & Humor']
99119533101421.0,wit and humor comedy humor,['Comedy & Humor']
9984028701421.0,wit and humor black comedy humor,['Comedy & Humor']
9932403001421.0,roger will american wit and humor comedy humor,['Comedy & Humor']
99199905001421.0,american wit and humor audiobook comedy humor,['Comedy & Humor']
9933422001421.0,briggs joe bob american wit and humor comedy humor,['Comedy & Humor']
99220336301421.0,american wit and humor comedy humor,['Comedy & Humor']
99115792901421.0,american wit and humor audiobook comedy humor,['Comedy & Humor']
99220315401421.0,american wit and humor new yorker york comedy humor,"['Comedy & Humor', 'Journalism & Politics']"
99125760301421.0,american wit and humor comedy humor,['Comedy & Humor']
9928215222201420.0,english wit and humor insomnia literature satire american trivia miscellanea comedy humor,['Comedy & Humor']
9925474550001420.0,voyage and travel voyages imaginary tall tale humorous story comedy humor,"['Comedy & Humor', 'Horror & Mystery']"
9932605701421.0,college wit and humor learning scholarship scholar comedy humor,['Comedy & Humor']
9930638301421.0,feminism woman,['Gender & Sexuality Identity']
9985651401421.0,business success failure,['Film & Theater']
9927994212101420.0,conduct life new york state bronx,['Journalism & Politics']
99224056001421.0,english language texas,['Poetry']
9966763601421.0,english language,['Poetry']
99226050401421.0,etiquette england,[]
9927808355501420.0,indian americans family aunt indians,"['Journalism & Politics', 'Children & Young Adult']"
99144077801421.0,world history geography,[]
9928149116201420.0,clean house cleaning,[]
9927528107601420.0,internet electronic mail message practical joke australian wit and humor comedy humor,['Comedy & Humor']
9931196101421.0,holocaust jewish wit and humor political satire german germany comedy humor,"['Comedy & Humor', 'Holocaust & Jewish Studies']"
99111441301421.0,nasreddin,[]
9928004208201420.0,newspaper american wit and humor illustrate work comedy humor,['Comedy & Humor']
99197592601421.0,newspaper american wit and humor comedy humor,['Comedy & Humor']
9927788775101420.0,since political culture united states humor comedy humor,['Comedy & Humor']
9927993369501420.0,americans united states politic and government manner custom humor history comedy humor,"['Science Fiction & Fantasy', 'Comedy & Humor']"
99125840601421.0,united states political satire american bush george culture republican party,"['Film & Theater', 'Broadcasting & Television', 'Popular Culture & Media']"
9995217501421.0,united states legislator american wit and humor comedy humor,['Comedy & Humor']
9927468604001420.0,practical joke hoax impostor and imposture subculture,[]
9927556511001420.0,suburban life suburbanite united states humor comedy humor,['Comedy & Humor']
99125692701421.0,technocracy industrial management success,['Film & Theater']
99228091301421.0,toilet,[]
99149495501421.0,wit and humor comedy humor,['Comedy & Humor']
99147113701421.0,vocabulary english language,['Poetry']
99220494001421.0,vocabulary english language,['Poetry']
99217597301421.0,pun and english language,['Poetry']
9990080401421.0,flight attendant crew air travel,['Comedy & Humor']
99143424701421.0,epigrams french literature modern maistre marie,['Gender & Sexuality Identity']
9932414701421.0,author death literature last word culture,"['Modernism & Postmodernism', 'Popular Culture & Media']"
99205849101421.0,last word capital punishment,[]
99198389601421.0,toast,[]
99119933001421.0,emblem art literature,['Film & Theater']
9965424201421.0,riddle spanish american,['Film & Theater']
9956199601421.0,proverb figure speech cognition,"['Gender & Sexuality Identity', 'Broadcasting & Television']"
9933541101421.0,proverb,['Gender & Sexuality Identity']
9965344001421.0,proverb,['Gender & Sexuality Identity']
9965344101421.0,proverb,['Gender & Sexuality Identity']
9991274201421.0,proverb woman,['Gender & Sexuality Identity']
99133672801421.0,proverb,['Gender & Sexuality Identity']
9951691901421.0,proverb,['Gender & Sexuality Identity']
9970806601421.0,proverb latin greek,['Gender & Sexuality Identity']
9970035201421.0,erasmus desiderius proverb tradition philosophy intellectual property maxim ancient electronic book,"['Gender & Sexuality Identity', 'Electronic & Digital Media']"
9925505090001420.0,proverb latin,['Gender & Sexuality Identity']
9932031801421.0,proverb english,['Gender & Sexuality Identity']
9925944480001420.0,proverb english american,['Gender & Sexuality Identity']
99112781701421.0,proverb english french italian portuguese romanian spanish,"['Gender & Sexuality Identity', 'Film & Theater']"
9931504801421.0,proverb american,['Gender & Sexuality Identity']
9942850501421.0,proverb irish english,['Gender & Sexuality Identity']
9930857601421.0,proverb african woman,['Gender & Sexuality Identity']
9991168801421.0,proverb arabic bedouin,['Gender & Sexuality Identity']
9957562601421.0,proverb yiddish,"['Gender & Sexuality Identity', 'Holocaust & Jewish Studies']"
9944039601421.0,literature medieval philology,['Film & Theater']
99143424801421.0,,[]
9927823313701420.0,cartoonist asia biography,['Electronic & Digital Media']
9928411799501420.0,comic book strip etc catalog comic_strip graphic work exhibition,['Comics & Graphic Novels']
9965747601421.0,literature medieval,['Film & Theater']
99111617701421.0,literature medieval,['Film & Theater']
9956630701421.0,cervantes saavedra miguel literature medieval romance,['Film & Theater']
9931984801421.0,literature medieval apocalyptic end the world,"['Film & Theater', 'Comics & Graphic Novels']"
9927786912501420.0,literature medieval european medievalism criticism interpretation etc,"['Film & Theater', 'Modernism & Postmodernism']"
9927686080101420.0,literature medieval love courtly court and courtier aristocracy social class,"['Film & Theater', 'Children & Young Adult']"
9966970701421.0,romance literature medieval chivalry,['Film & Theater']
9931691601421.0,literature medieval middle age history,['Film & Theater']
9933252201421.0,literature medieval dream vision civilization,['Film & Theater']
9927566526601420.0,literature medieval romance and society material culture europe,"['Holocaust & Jewish Studies', 'Film & Theater', 'Popular Culture & Media']"
9956298801421.0,literature medieval civilization medievalism middle age,['Film & Theater']
9943203101421.0,literature medieval romance philology civilization renaissance,"['Film & Theater', 'Modernism & Postmodernism']"
9930959301421.0,literature medieval criticism textual medievalism,"['Film & Theater', 'Broadcasting & Television']"
9928158057701420.0,literature medieval and society europe criticism interpretation etc history literary informational work,"['Holocaust & Jewish Studies', 'Film & Theater', 'Documentary']"
99227291401421.0,romance literature medieval,['Film & Theater']
9927519869101420.0,literature medieval civilization middle age criticism textual medievalism,['Film & Theater']
9943998701421.0,literature medieval feudalism and society,"['Holocaust & Jewish Studies', 'Film & Theater']"
99124043301421.0,romance historiography,"['Journalism & Politics', 'Film & Theater']"
9931758601421.0,literature medieval translate and interpreting book read authority,"['Holocaust & Jewish Studies', 'Film & Theater']"
9931094901421.0,literature medieval oral tradition transmission text,"['Journalism & Politics', 'Film & Theater']"
9927806996901420.0,literature medieval criticism interpretation etc,['Film & Theater']
99111609401421.0,comic book strip etc,['Comics & Graphic Novels']
9925649460001420.0,comic book strip etc superhero literature art superhelden subcultuur mythologie super héros criticism interpretation,"['Film & Theater', 'Comics & Graphic Novels']"
9927506613201420.0,graphic novel comic book strip etc,['Comics & Graphic Novels']
99226156001421.0,comic book strip etc art band dans,['Comics & Graphic Novels']
9927723211501420.0,graphic novel,['Comedy & Humor']
9927804510001420.0,graphic novel comic book strip etc criticism interpretation,['Comics & Graphic Novels']
9958330001421.0,comic book strip etc,['Comics & Graphic Novels']
99141431201421.0,graphic novel,['Comedy & Humor']
9927808509201420.0,comic book strip etc graphic novel cartoon superhero literature,['Comics & Graphic Novels']
9928071332801420.0,comic book strip etc criticism interpretation,['Comics & Graphic Novels']
9928260202801420.0,comic book strip etc graphic novel criticism interpretation comic_strip essay,['Comics & Graphic Novels']
99207546801421.0,graphic novel comic book strip etc cartoon,['Comics & Graphic Novels']
9924657390001420.0,comic book strip etc,['Comics & Graphic Novels']
9927707895401420.0,comic book strip etc graphic novel,['Comics & Graphic Novels']
9927798712701420.0,comic book strip etc cartoon,['Comics & Graphic Novels']
9927798712501420.0,comic book strip etc graphic novel cartoon bande,['Comics & Graphic Novels']
99141427501421.0,graphic novel,['Comedy & Humor']
99215689301421.0,autobiography literature graphic novel electronic book,"['Comedy & Humor', 'Electronic & Digital Media']"
9927714412301420.0,graphic novel comic book strip etc library good comic_strip work,['Comics & Graphic Novels']
9927462402701420.0,comic book strip etc,['Comics & Graphic Novels']
9927687107501420.0,graphic novel romans graphique,['Comedy & Humor']
9944174501421.0,comic book strip etc,['Comics & Graphic Novels']
99140414201421.0,comic book strip etc advertising advertise,['Comics & Graphic Novels']
9927807413801420.0,comic book strip etc,['Comics & Graphic Novels']
9927957607101420.0,comic book strip etc material culture art literature criticism interpretation,"['Comics & Graphic Novels', 'Popular Culture & Media']"
99147185801421.0,comic book strip etc popular culture,"['Comics & Graphic Novels', 'Popular Culture & Media']"
9927717911101420.0,comic book strip etc,['Comics & Graphic Novels']
99221569801421.0,comic book strip etc cartoon,['Comics & Graphic Novels']
9927477592501420.0,comic book strip etc cartoon,['Comics & Graphic Novels']
99207705201421.0,graphic novel draw,['Comedy & Humor']
9928214837101420.0,comic book strip etc graphic novel criticism interpretation,['Comics & Graphic Novels']
9927716900201420.0,comic book strip etc superhero,['Comics & Graphic Novels']
9927716900101420.0,comic book strip etc supervillains villain literature,['Comics & Graphic Novels']
9927583691201420.0,graphic novel comic book strip etc criticism interpretation,['Comics & Graphic Novels']
9924670630001420.0,comic book strip etc graphic novel,['Comics & Graphic Novels']
9957455901421.0,comic book strip etc and child censorship children juvenile young,"['Comics & Graphic Novels', 'Children & Young Adult']"
9927619212901420.0,comic book strip etc graphic novel multiculturalism literature,"['Film & Theater', 'Comics & Graphic Novels']"
9933323801421.0,comic book strip etc,['Comics & Graphic Novels']
9927732008901420.0,hogarth mccay winsor comic book strip etc criticism interpretation,['Comics & Graphic Novels']
99201701201421.0,graphic novel,['Comedy & Humor']
9927618006401420.0,comic book strip etc,['Comics & Graphic Novels']
99227140701421.0,comic book strip etc superhero literature,"['Film & Theater', 'Comics & Graphic Novels']"
9924670600001420.0,graphic novel comic book strip etc,['Comics & Graphic Novels']
9958238501421.0,comic book strip etc,['Comics & Graphic Novels']
9928240629301420.0,gond indic people comic book strip etc legend india child literature english biography juvenile work children juvenile young,"['Comics & Graphic Novels', 'Children & Young Adult']"
9928070840601420.0,comic book strip etc popular culture superhero criticism interpretation,"['Comics & Graphic Novels', 'Popular Culture & Media']"
9928149457001420.0,comic book strip etc graphic novel literature philosophy criticism interpretation literary,"['Gender & Sexuality Identity', 'Comics & Graphic Novels']"
9927480391601420.0,comic book strip etc motion picture,['Comics & Graphic Novels']
9927806903401420.0,comic book strip etc,['Comics & Graphic Novels']
9928034893901420.0,comic book strip etc,['Comics & Graphic Novels']
9927828191901420.0,animal right literature comic book strip etc humanism superhero,['Comics & Graphic Novels']
9927899399701420.0,comic_strip comic book strip etc literature and society united states social problem history,"['Holocaust & Jewish Studies', 'Comics & Graphic Novels']"
9927864022701420.0,girl comic strip character book etc united states criticism interpretation literary,"['Comics & Graphic Novels', 'Children & Young Adult']"
9927807613501420.0,comic book strip etc hero literature motion picture television criticism interpretation,['Comics & Graphic Novels']
9927806409801420.0,comic book strip etc hero criticism interpretation,['Comics & Graphic Novels']
9928343158901420.0,violence comic_strip comic book strip etc literature graphic novel terror superhero criticism,['Comics & Graphic Novels']
9928071582401420.0,comic book strip etc superhero film,['Comics & Graphic Novels']
9928066672801420.0,teenage girl witch southern state horror comic book strip etc comic_strip graphic work horror gothic supernatural,"['Comedy & Humor', 'Horror & Mystery', 'Comics & Graphic Novels']"
9928066672701420.0,teenage girl witch harrow county imaginary place horror comic book strip etc comic_strip graphic novel work horror gothic supernatural,"['Comedy & Humor', 'Horror & Mystery', 'Comics & Graphic Novels']"
9927808357001420.0,comic book strip etc nonfiction comic_strip graphic novel narration rhetoric psychic trauma literature storytelle criticism interpretation,"['Poetry', 'Journalism & Politics', 'Comics & Graphic Novels']"
99206120101421.0,comic book strip etc woman literature cartoonist art,"['Gender & Sexuality Identity', 'Comics & Graphic Novels']"
9927807213801420.0,comic book strip etc,['Comics & Graphic Novels']
9927808356601420.0,comic book strip etc digital medium,"['Comics & Graphic Novels', 'Documentary']"
99199585401421.0,comic book strip etc city and town life literature mass medium culture,"['Poetry', 'Comics & Graphic Novels', 'Mass Media & Communication']"
9927794707201420.0,graphic novel collective memory literature psychic trauma violence war criticism interpretation etc,"['Comedy & Humor', 'Holocaust & Jewish Studies', 'Journalism & Politics']"
99217149801421.0,superhero comic book strip etc film motion picture propaganda,['Comics & Graphic Novels']
9924657410001420.0,comic book strip etc superhero literature nationalism and geopolitic popular culture captain america,"['Comics & Graphic Novels', 'Popular Culture & Media']"
9924657420001420.0,autobiographical comic book strip etc narrative art,['Comics & Graphic Novels']
99133774101421.0,comic book strip etc,['Comics & Graphic Novels']
9928064285401420.0,zombie outlaw treasure hunting horror comic_strip paranormal western band occulte horror gothic supernatural,['Horror & Mystery']
9990333301421.0,comic book strip etc,['Comics & Graphic Novels']
9928043596501420.0,comic book strip etc superhero literature criticism interpretation essay,"['Film & Theater', 'Comics & Graphic Novels']"
9925730820001420.0,comic book strip etc literature graphic novel,['Comics & Graphic Novels']
9928071332701420.0,comic book strip etc indigenous people literature criticism interpretation essay literary,"['Film & Theater', 'Comics & Graphic Novels']"
9927480391501420.0,comic book strip etc hero literature science,"['Film & Theater', 'Comics & Graphic Novels']"
9995740801421.0,comic book strip etc villain literature science,"['Film & Theater', 'Comics & Graphic Novels']"
99134076001421.0,comic book strip etc semiotic,['Comics & Graphic Novels']
9928111050601420.0,popular culture comic book strip etc superhero informational work,"['Comics & Graphic Novels', 'Popular Culture & Media']"
9928070840801420.0,comic book strip etc cartoonist material culture discipline cartoon digital medium webcomic band sur web informatique livre criticism interpretation comic_strip graphic work,['Comics & Graphic Novels']
9928068585101420.0,keret etgar future life translation graphic novel comic_strip work,"['Comedy & Humor', 'Comics & Graphic Novels']"
9928043043301420.0,webcomic comic book strip etc web publishing,['Comics & Graphic Novels']
9928043596601420.0,comic book strip etc autobiographical graphic novel autobiography literature biography literary form criticism interpretation comic_strip work,"['Gender & Sexuality Identity', 'Comics & Graphic Novels']"
9928349720701420.0,feminism comic_strip woman superhero transgender lesbian superheroe queer comic book strip etc race social justice,"['Gender & Sexuality Identity', 'Electronic & Digital Media', 'Comics & Graphic Novels']"
9927806409701420.0,comic book strip etc character feminism literature heroine woman hero art superhero united states criticism interpretation,"['Poetry', 'Comics & Graphic Novels']"
99220116001421.0,mixed martial art kung,[]
9927470713101420.0,comic book strip etc graphic novel discourse analysis literary electronic,"['Poetry', 'Comics & Graphic Novels']"
9928043043501420.0,comic book strip etc multiracial people pass identity literature superhero united states criticism interpretation,"['Holocaust & Jewish Studies', 'Comics & Graphic Novels']"
9928071332401420.0,comic book strip etc essay criticism interpretation literary,['Comics & Graphic Novels']
99201956701421.0,comic book strip etc multiculturalism literature,"['Film & Theater', 'Comics & Graphic Novels']"
9927877300101420.0,superhero archetype psychology comic book strip etc literature,['Comics & Graphic Novels']
9928068585201420.0,avatar virtual reality science fiction comic book strip etc comic_strip graphic work novel,['Comics & Graphic Novels']
9927879989801420.0,comic book strip etc criticism interpretation,['Comics & Graphic Novels']
9927807613201420.0,comic book strip etc graphic novel gothic revival literature criticism interpretation,"['Modernism & Postmodernism', 'Comics & Graphic Novels']"
99226155901421.0,comic book strip etc popular culture webcomic,"['Comics & Graphic Novels', 'Popular Culture & Media']"
9928066672601420.0,african american superhero americans fantasy comic book strip etc literature queer theory,['Comics & Graphic Novels']
9927879989701420.0,comic book strip etc popular culture and literature literary criticism interpretation,"['Gender & Sexuality Identity', 'Comics & Graphic Novels', 'Popular Culture & Media']"
9928070840901420.0,comic book strip etc superhero literature criticism interpretation,"['Film & Theater', 'Comics & Graphic Novels']"
9927903108001420.0,superhero comic book strip etc film character motion picture hero mass medium literature criticism interpretation,"['Comics & Graphic Novels', 'Mass Media & Communication']"
9927732110201420.0,superhero comic strip character hero history,['Comics & Graphic Novels']
99226544401421.0,comic book strip etc atomic bomb literature cartoonist,['Comics & Graphic Novels']
9928039775401420.0,comic book strip etc human body literature criticism interpretation,"['Film & Theater', 'Comics & Graphic Novels']"
99142440401421.0,comic book strip etc literary form,['Comics & Graphic Novels']
9927682812101420.0,jewish fiction comic book strip etc jews literature,"['Holocaust & Jewish Studies', 'Comics & Graphic Novels']"
9927558085001420.0,superhero comic book strip etc,['Comics & Graphic Novels']
9928066671901420.0,comic book strip etc work class literature social conflict,"['Film & Theater', 'Comics & Graphic Novels', 'Mass Media & Communication']"
9928215237301420.0,minority ethnic group homosexuality comic_strip graphic work,"['Comedy & Humor', 'Modernism & Postmodernism']"
9928064285501420.0,sex monster graphic novel comic_strip work humorous erotic band humoristique comedy humor,['Comedy & Humor']
9927864039301420.0,lovecraft horror comic book strip etc graphic novel adaptation horror gothic supernatural,"['Comedy & Humor', 'Horror & Mystery', 'Comics & Graphic Novels']"
9927786412801420.0,lovecraft horror comic book strip etc graphic novel horror gothic supernatural,"['Horror & Mystery', 'Comics & Graphic Novels']"
9928215351501420.0,comic book strip etc cartoon and comic_strip graphic novel work,['Comics & Graphic Novels']
9927901313501420.0,united states comic book strip etc politic and government social condition since underground graphic novel,"['Science Fiction & Fantasy', 'Comics & Graphic Novels']"
9928076681001420.0,white stanford nesbit evelyn lindbergh augustus hauptmann bruno richard thaw harry kendall serial murder homicide kidnap grocer investigation murderer new york death united states great britain louisiana jersey state graphic novel true crime comic_strip detective and mystery historical thriller work,"['Comedy & Humor', 'Journalism & Politics', 'Horror & Mystery']"
99149611401421.0,comic book strip etc hispanic americans literature,['Comics & Graphic Novels']
9927905113401420.0,comic book strip etc hero race literature superhero united states criticism interpretation,['Comics & Graphic Novels']
9927683699901420.0,comic book strip etc indians popular culture masculinity superhero character courage frontier and pioneer life,"['Comics & Graphic Novels', 'Popular Culture & Media']"
9928349626701420.0,comic book strip etc graphic novel character cartoon comic_strip criticism,['Comics & Graphic Novels']
9927556308401420.0,comic book strip etc,['Comics & Graphic Novels']
9928082529801420.0,comic book strip etc racism and the art white people outlaw superhero united states criticism interpretation comic_strip graphic work,['Comics & Graphic Novels']
9928263557401420.0,comic book strip etc comic_strip criticism,['Comics & Graphic Novels']
99219443201421.0,comic book strip etc,['Comics & Graphic Novels']
9924610360001420.0,comic book strip etc african american cartoonist americans popular culture race literature,"['Comics & Graphic Novels', 'Popular Culture & Media']"
9928337159701420.0,graphic novel comic book strip etc literature and society art united states comic_strip criticism interpretation history,"['Holocaust & Jewish Studies', 'Comics & Graphic Novels']"
99227255501421.0,graphic novel comic book strip etc superhero literature hero,['Comics & Graphic Novels']
9927829913001420.0,comic book strip etc hero literature superhero graphic novel,['Comics & Graphic Novels']
9924654880001420.0,graphic novel comic book strip etc,['Comics & Graphic Novels']
99227255601421.0,graphic novel comic book strip etc,['Comics & Graphic Novels']
9927806888601420.0,comic book strip etc character common fallacy united states,"['Electronic & Digital Media', 'Comics & Graphic Novels']"
9924657260001420.0,comic book strip etc woman art,['Comics & Graphic Novels']
9928071443301420.0,comic book strip etc literature and society united states history fine art social cultural study graphic novel criticism interpretation literary,"['Holocaust & Jewish Studies', 'Comics & Graphic Novels']"
9928071582601420.0,comic book strip etc superhero literature gender identity,"['Holocaust & Jewish Studies', 'Comics & Graphic Novels']"
9928332153701420.0,comic book strip etc race comic_strip african americans popular culture racism and the art american cartoonist united states criticism interpretation history,"['Comics & Graphic Novels', 'Popular Culture & Media']"
9928082529701420.0,comic book strip etc duck donald walt disney company capitalism literature propaganda american capitalist criticism interpretation,"['Journalism & Politics', 'Comics & Graphic Novels']"
9928067785301420.0,moore alan morrison grant comic book strip etc graphic novel united states criticism interpretation,['Comics & Graphic Novels']
9927879989201420.0,comic book strip etc superhero literature united states criticism interpretation,"['Film & Theater', 'Comics & Graphic Novels']"
9927828711501420.0,comic book strip etc woman superhero hero literature motion picture television united states criticism interpretation,['Comics & Graphic Novels']
99201670301421.0,comic book strip etc,['Comics & Graphic Novels']
9956730601421.0,comic book strip etc popular culture american literature,"['Comics & Graphic Novels', 'Popular Culture & Media']"
9928066672301420.0,horror comic book strip etc cold war literature race relation horror gothic supernatural,"['Journalism & Politics', 'Horror & Mystery', 'Comics & Graphic Novels']"
99145052501421.0,comic book strip etc,['Comics & Graphic Novels']
9928043596701420.0,comic book strip etc popular culture united states criticism interpretation comic_strip graphic work,"['Comics & Graphic Novels', 'Popular Culture & Media']"
9928085173401420.0,comic book strip etc united states civilization literature propaganda american since criticism interpretation literary,"['Film & Theater', 'Comics & Graphic Novels']"
99228573101421.0,comic book strip etc newspaper,['Comics & Graphic Novels']
9927820810401420.0,horror comic book strip etc united states criticism interpretation comic_strip horror gothic supernatural,"['Horror & Mystery', 'Comics & Graphic Novels']"
9924680280001420.0,marvel comic_strip group comic book strip etc,['Comics & Graphic Novels']
9929223301421.0,comic book strip etc american literature popular culture,"['Comics & Graphic Novels', 'Popular Culture & Media']"
9927718292801420.0,comic book strip etc film adaptation motion picture industry and,"['Film & Theater', 'Comics & Graphic Novels']"
9928079285601420.0,african americans comic book strip etc underground graphic novel united states american cartoonist art literature criticism interpretation comic_strip work,['Comics & Graphic Novels']
99133366701421.0,comic book strip etc cartoonist,['Comics & Graphic Novels']
9928351155801420.0,zombie comic_strip horror comic book strip etc horror gothic supernatural,"['Horror & Mystery', 'Comics & Graphic Novels']"
9928197576801420.0,drug dealer tennis detective and mystery comic_strip graphic novel work,"['Comedy & Humor', 'Horror & Mystery']"
9927716900501420.0,comic book strip etc superhero united states,['Comics & Graphic Novels']
99218838901421.0,comic book strip etc superhero literature occultism science fiction american fantasy myth and,"['Science Fiction & Fantasy', 'Comics & Graphic Novels']"
9928071333101420.0,comic book strip etc graphic novel future life literature religion philosophy criticism interpretation,['Comics & Graphic Novels']
9924670590001420.0,comic book strip etc child literature american pulp xenophobia children juvenile young,"['Comics & Graphic Novels', 'Children & Young Adult']"
9927718289801420.0,marvel comic_strip group comic book strip etc character motion picture and storytelle mass medium united states criticism interpretation,"['Comics & Graphic Novels', 'Mass Media & Communication']"
9927482812801420.0,comic book strip etc popular culture american literature myth,"['Comics & Graphic Novels', 'Popular Culture & Media']"
9927717911901420.0,morrison grant comic book strip etc superhero,['Comics & Graphic Novels']
99216127101421.0,african americans art literature comic book strip etc popular culture superhero electronic,"['Comics & Graphic Novels', 'Popular Culture & Media']"
9927807612801420.0,wertham fredric comic book strip etc and child censorship popular culture united states criticism interpretation children juvenile young,"['Comics & Graphic Novels', 'Popular Culture & Media', 'Children & Young Adult']"
9928006113401420.0,artist black comic book strip etc african american cartoonist racism and the art united states history criticism biography,['Comics & Graphic Novels']
9943733401421.0,comic book strip etc hero,['Comics & Graphic Novels']
9991233901421.0,comic book strip etc heroine literature,['Comics & Graphic Novels']
99118478401421.0,comic book strip etc,['Comics & Graphic Novels']
9928071582501420.0,literature and society citizenship child comic book strip etc electronic criticism interpretation history children juvenile young,"['Holocaust & Jewish Studies', 'Comics & Graphic Novels', 'Children & Young Adult']"
9928390516501420.0,comic book strip etc superhero comic_strip african american asian hispanic racism race white people,"['Journalism & Politics', 'Comics & Graphic Novels']"
9928197578501420.0,sexual minority gender nonconforme people orientation identity bar drinking establishment fiction graphic novel comic_strip work romance queer manga,"['Comedy & Humor', 'Electronic & Digital Media']"
9928330150401420.0,marvel comic_strip group comic book strip etc miscellanea history united states collectible,['Comics & Graphic Novels']
9927808509301420.0,marvel comic_strip group comics inc comic book strip etc competition united states case study criticism interpretation history graphic work,['Comics & Graphic Novels']
9927957711701420.0,comic book strip etc race awareness superhero literature united states criticism interpretation,"['Film & Theater', 'Comics & Graphic Novels']"
9995737201421.0,comic book strip etc,['Comics & Graphic Novels']
9928066674001420.0,marvel comic_strip group comic book strip etc literature and society,"['Holocaust & Jewish Studies', 'Comics & Graphic Novels']"
9928043043601420.0,superhero comic book strip etc motion picture archetype psychology literature hero popular culture mythology classical united states history comic_strip graphic work literary criticism interpretation,['Comics & Graphic Novels']
9968484801421.0,comic book strip etc and child children juvenile young,"['Comics & Graphic Novels', 'Children & Young Adult']"
9927477707301420.0,comic book strip etc and child children juvenile young,"['Comics & Graphic Novels', 'Children & Young Adult']"
9927896913001420.0,fantasy comic_strip science fiction horror war graphic work horror gothic supernatural,"['Science Fiction & Fantasy', 'Comedy & Humor', 'Horror & Mystery']"
9928037297701420.0,feminism woman sexual minority intersectionality sociology graphic novel comic_strip work poetry,"['Gender & Sexuality Identity', 'Comedy & Humor', 'Electronic & Digital Media']"
9927964609701420.0,comic_strip graphic work novel social issue,['Comedy & Humor']
9927707895701420.0,pulse nightclub shooting orlando fla victim hate crime violent gay comic strip character book etc,"['Comics & Graphic Novels', 'Children & Young Adult']"
9927788912501420.0,comic book strip etc asian americans superhero united states graphic novel,['Comics & Graphic Novels']
9928332359301420.0,feminism woman sex role comic book strip etc graphic novel underground comic_strip work,"['Comics & Graphic Novels', 'Popular Culture & Media']"
99119113201421.0,graphic novel,['Comedy & Humor']
9928065309201420.0,death future life folk tale graphic novel comic_strip work,['Comedy & Humor']
9928150158901420.0,graphic novel,['Comedy & Humor']
9928037692101420.0,secret society woman science scientist technology,"['Science Fiction & Fantasy', 'Holocaust & Jewish Studies', 'Documentary']"
9928132354701420.0,samurai demonology japan historical fiction comic_strip graphic work history novel,['Comedy & Humor']
9928275459701420.0,history curiosity and wonder invention error historical comic_strip humorous nonfiction graphic work comedy humor,['Comedy & Humor']
9928143549801420.0,alice wonderland imaginary place fantasy comic_strip graphic novel work,['Comedy & Humor']
9928132859101420.0,giant good and evil soldier survival space warfare horror comic_strip graphic work novel horror gothic supernatural,"['Horror & Mystery', 'Comics & Graphic Novels']"
9928216080201420.0,gatsby jay buchanan daisy rich people married woman first love traffic accident,"['Gender & Sexuality Identity', 'Journalism & Politics', 'Film & Theater']"
9928066773001420.0,anonymous group hacktivism leak disclosure information internet and activism comic_strip graphic work novel,"['Comedy & Humor', 'Modernism & Postmodernism']"
9927786413001420.0,alcaraz lalo comic book strip etc american literature political cartoon united states criticism interpretation history,['Comics & Graphic Novels']
9928215253701420.0,andersen sarah single woman young adult generation graphic novel comic_strip work humorous autobiographical comedy humor,['Comedy & Humor']
9928385922901420.0,woman young adult comic book strip etc cat graphic novel comic_strip work,"['Comedy & Humor', 'Comics & Graphic Novels']"
9928216082501420.0,single woman young adult generation american wit and humor graphic novel comic_strip work humorous autobiographical comedy humor,['Comedy & Humor']
9928385922801420.0,single woman young adult generation american wit and humor pictorial comedy humor,['Comedy & Humor']
9928216081101420.0,cryptozoology supernatural animal mythical young adult work fiction comic_strip graphic science comic book strip etc novel humorous paranormal comedy humor,"['Comedy & Humor', 'Comics & Graphic Novels']"
9928216080601420.0,vampire werewolf date social custom man woman relationship united states paranormal romance story fiction comic_strip graphic work humorous novel comedy humor,"['Comedy & Humor', 'Mass Media & Communication']"
9928216652201420.0,filipino americans agricultural laborer separate people nineteen twenty comic book strip etc san francisco calif,['Comics & Graphic Novels']
9927685911501420.0,joker fictitious character,['Electronic & Digital Media']
9928066673201420.0,actress social medium success,['Mass Media & Communication']
99128390801421.0,bark carl,[]
9928188140301420.0,barry lynda comic book strip etc cartoonist woman united states criticism interpretation comic_strip,['Comics & Graphic Novels']
9927902013701420.0,girl dysfunctional family comic book strip etc graphic novel comic_strip work,['Comics & Graphic Novels']
9927897207001420.0,comic book strip etc creation literary artistic graphic novel handbook and manual,"['Journalism & Politics', 'Comics & Graphic Novels', 'Documentary']"
9927790411301420.0,barry lynda graphic novel united states fiction comic book strip etc comic_strip work,['Comics & Graphic Novels']
9927902113801420.0,animal woman cartoonist american wit and humor pictorial united states graphic novel comic book strip etc comedy humor,"['Comedy & Humor', 'Comics & Graphic Novels']"
9927898011501420.0,barry lynda art and literature creation literary artistic etc notebook sketchbook outline syllabi nonfiction comic_strip graphic novel,"['Comedy & Humor', 'Documentary']"
9927898011201420.0,write barry lynda comic book strip etc creation literary artistic creative writing graphic novel,"['Journalism & Politics', 'Comics & Graphic Novels', 'Documentary']"
9927964410501420.0,bechdel alison graphic novel fun home education education teaching,"['Comedy & Humor', 'Popular Culture & Media']"
99228233401421.0,bechdel alison cartoonist,['Electronic & Digital Media']
9927685912601420.0,bechdel alison cartoonist,['Electronic & Digital Media']
9927964610001420.0,cartoonist bechdel alison united states interview,"['Electronic & Digital Media', 'Broadcasting & Television']"
9927964613001420.0,bechdel alison comic book strip etc graphic novel topic autobiography homosexuality lesbian cartoonist culture criticism interpretation,['Comics & Graphic Novels']
9927686699001420.0,man fictitious character avenger hero good and evil graphic novel science fiction comic book strip etc,"['Electronic & Digital Media', 'Comics & Graphic Novels']"
99220116301421.0,vigilante portland graphic novel,['Comedy & Humor']
9928411826901420.0,mirror horror comic book strip etc comic_strip graphic novel anthology young adult fiction paranormal ghost manga work horror gothic supernatural,"['Comedy & Humor', 'Horror & Mystery', 'Comics & Graphic Novels']"
9928225957601420.0,married people totalitarianism dystopian comic_strip graphic novel horror horror gothic supernatural,"['Comedy & Humor', 'Horror & Mystery']"
9928197577901420.0,gay sexual minority people comic_strip graphic work novel queer,"['Comedy & Humor', 'Electronic & Digital Media']"
9928149125601420.0,jewish refugee internment camp force labor holocaust world war jews africa comic_strip graphic work novel history,"['Comedy & Humor', 'Holocaust & Jewish Studies']"
9928411825901420.0,macbeth scotland historical fiction graphic novel adaptation,['Comedy & Humor']
9927896913901420.0,comic book strip etc illustrator detective and mystery fiction,"['Horror & Mystery', 'Comics & Graphic Novels']"
9927685687401420.0,criminal crime comic book strip etc comic_strip graphic work novel,['Comics & Graphic Novels']
9927685911801420.0,reporter and report san francisco calif,['Journalism & Politics']
9927685687301420.0,criminal hero science fiction comic book strip etc,['Comics & Graphic Novels']
9927864038701420.0,drug addict child abuser substance abuse teenager cartoon and comic_strip comic book strip etc graphic work novel children juvenile young,"['Comics & Graphic Novels', 'Children & Young Adult']"
9928037691701420.0,author pulp literature american nineteen thirty new york state,['Journalism & Politics']
9928197577501420.0,business travel americans sale personnel book industry and trade multiple personality middle aged man europe graphic novel noir comic strip etc comic_strip thriller work,"['Comedy & Humor', 'Film & Theater', 'Comics & Graphic Novels']"
9928216652001420.0,europa satellite jupiter planet comic_strip graphic work science fiction comic book strip etc novel,['Comics & Graphic Novels']
99144835401421.0,teenager graphic novel,['Comics & Graphic Novels']
9928332153601420.0,motion picture producer and director slasher film friendship unrequited love mental health graphic novel comic_strip work,"['Comedy & Humor', 'Film & Theater']"
9927808356801420.0,bushmiller ernie nancy comic book strip etc fictitious character comic_strip graphic work,"['Electronic & Digital Media', 'Comics & Graphic Novels']"
9928382818801420.0,comic book strip etc comic_strip graphic work,['Comics & Graphic Novels']
9927787450401420.0,graphic novel comic book strip etc webcomic creation literary artistic woman illustrator,"['Comics & Graphic Novels', 'Documentary']"
9927896914001420.0,space pirate interstellar travel rock group comic book strip etc united states comic_strip graphic work novel humorous science fiction comedy humor,"['Comedy & Humor', 'Comics & Graphic Novels']"
9928076166301420.0,castellucci cecil cartoonist woman author american creative ability storytelle artist comic book strip etc united states autobiography biography biographical fiction graphic novel nonfiction comic_strip autobiographical work,"['Comedy & Humor', 'Comics & Graphic Novels']"
9928407647501420.0,totalitarianism fascism electronic surveillance social control resistance philosophy activism,"['Gender & Sexuality Identity', 'Comedy & Humor', 'Electronic & Digital Media', 'Modernism & Postmodernism']"
9927806000201420.0,convict prostitution satanism los angeles calif california comic book strip etc graphic novel underground,['Comics & Graphic Novels']
9927805713701420.0,convict prostitution satanism comic book strip etc los angeles calif california united states comic_strip graphic work novel,['Comics & Graphic Novels']
9927685912101420.0,clowe daniel cartoonist graphic novel comic book strip etc united states,['Comics & Graphic Novels']
9927864039401420.0,subculture snuff film cult united states graphic novel comic book strip etc,['Comics & Graphic Novels']
9927685911201420.0,time travel,['Comedy & Humor']
9927965213501420.0,story without word test laboratory oppression psychology united states comic book strip etc graphic novel,['Comics & Graphic Novels']
9928068373601420.0,superhero multiverse compassion president graphic novel united states comic_strip work science fiction comic book strip etc,['Comics & Graphic Novels']
9927798712101420.0,twin sister immigrant low side new york state comic book strip etc graphic novel,"['Journalism & Politics', 'Comics & Graphic Novels']"
9928132359301420.0,married people infant marriage couple graphic novel comic_strip work domestic,['Comedy & Humor']
9927862211001420.0,horror comic book strip etc horror gothic supernatural,"['Horror & Mystery', 'Comics & Graphic Novels']"
9927807612901420.0,crumb cartoonist united states interview,"['Electronic & Digital Media', 'Broadcasting & Television']"
9928091169101420.0,dandro travis child cancer patient cartoonist teenage boy practical joke family united states biography comic book strip collective autobiographical comic_strip autobiography graphic work novel nonfiction children juvenile young,"['Comedy & Humor', 'Comics & Graphic Novels', 'Children & Young Adult']"
9927896913601420.0,monster gentrification social class racism fashion designer chicago ill illinois horror comic_strip graphic novel comic book strip etc horror gothic supernatural,"['Horror & Mystery', 'Children & Young Adult', 'Comics & Graphic Novels']"
9927814896201420.0,married people genetic engineering human cloning experimentation medicine medical ethic comic_strip graphic work comic book strip etc novel science fiction,['Comics & Graphic Novels']
9928216079901420.0,man woman relationship pregnant organic farmer gender identity interpersonal relation survival fertility anti war demonstration house construction graphic novel dystopian comic_strip comic book strip etc,"['Comics & Graphic Novels', 'Mass Media & Communication']"
9927864039601420.0,emotion happiness interpersonal relation comic book strip etc comic_strip graphic work novel,['Comics & Graphic Novels']
9927814902101420.0,beatle man woman relationship popular music nineteen sixty graphic novel comic book strip etc comic_strip work,"['Comics & Graphic Novels', 'Mass Media & Communication']"
9927707896901420.0,woman prisoner penal colony,"['Journalism & Politics', 'Mass Media & Communication']"
9928066672001420.0,keremos helen fictitious character woman private investigator lesbian,"['Gender & Sexuality Identity', 'Electronic & Digital Media']"
9927898012001420.0,deitch kim reincarnation graphic novel underground comic_strip comic book strip etc work,['Comics & Graphic Novels']
9927881281101420.0,world war comic book strip etc united states graphic novel comic_strip work,['Comics & Graphic Novels']
9928071884701420.0,dahmer jeffrey backderf derf serial murderer high school ohio united states comic_strip graphic work nonfiction biographical novel,['Comedy & Humor']
9927906400301420.0,sanitation worker refuse and disposal fiction graphic novel,['Comedy & Humor']
99133195001421.0,police multiple personality drug abuse,"['Broadcasting & Television', 'Children & Young Adult']"
9927902013601420.0,,[]
9928066672401420.0,ditko steve comic book strip etc united states criticism interpretation,['Comics & Graphic Novels']
9928090670601420.0,actor adult education stranger psychological comic_strip graphic novel work education teaching,['Comedy & Humor']
9927808355901420.0,teenager suburb comic book strip etc graphic novel,['Comics & Graphic Novels']
9927808357101420.0,united states fake news miss person alienation social psychology armed force comic book strip etc graphic novel comic_strip work,"['Comics & Graphic Novels', 'Children & Young Adult']"
9927707895501420.0,butler octavia slave time travel slavery african american woman slaveholder los angeles calif southern state graphic novel,['Comedy & Humor']
9927964612301420.0,survival teenage girl black environmental disaster twenty first century california graphic novel adaptation apocalyptic comic_strip comic book strip etc,"['Comedy & Humor', 'Comics & Graphic Novels']"
9928197578101420.0,woman scientist grief identity bereavement psychology monster sister character non binary people young adult fiction comic_strip graphic work fantasy science novel queer,"['Science Fiction & Fantasy', 'Comedy & Humor']"
9927806004001420.0,tenement house comic book strip etc graphic novel comic_strip work,['Comics & Graphic Novels']
9927798712401420.0,eisner will vietnam war soldier cartoonist united states graphic novel comic book strip etc comic_strip work,['Comics & Graphic Novels']
9927800713501420.0,jews social class family united states comic book strip etc graphic novel history,"['Comics & Graphic Novels', 'Children & Young Adult']"
9927801213301420.0,eisner will cartoonist graphic novel united states criticism interpretation etc biography,['Comedy & Humor']
9927806888501420.0,time travel parapsychology archaeologist comic book strip etc graphic novel,['Comics & Graphic Novels']
9927686074201420.0,custer jesse fictitious character clergy vigilante,['Electronic & Digital Media']
9927881281701420.0,world war woman air pilot graphic novel historical fiction,"['Comedy & Humor', 'Comics & Graphic Novels']"
9928091168801420.0,vampire witch motorcyclist comic_strip graphic work novel,['Comedy & Humor']
9928143550301420.0,fake nate cartoonist stepfather frontotemporal dementia pick disease the brain child impair parent father relation united states graphic novel personal narrative biography children juvenile young,"['Comedy & Humor', 'Children & Young Adult']"
9927755301001420.0,holocaust comic book strip etc girl homicide murder nineteen sixty riot chicago ill illinois detective and mystery comic_strip graphic work novel,"['Comedy & Humor', 'Comics & Graphic Novels']"
9928197578301420.0,robot inventor comic_strip graphic work fiction novel science superhero,['Comics & Graphic Novels']
9927806013801420.0,finck liana cartoonist jewish woman artist acceptance united states comic book strip etc graphic novel autobiographical comic_strip,"['Comedy & Humor', 'Comics & Graphic Novels']"
9928344153601420.0,finck liana cartoonist pregnancy motherhood,"['Electronic & Digital Media', 'Mass Media & Communication']"
9927896913501420.0,flower ebony woman black hairdressing hair beauty personal graphic novel cartoon and comic_strip autobiographical comic book strip etc,['Comics & Graphic Novels']
9927881282101420.0,runaway teenager comic book strip etc comic_strip graphic work novel,['Comics & Graphic Novels']
9928130071701420.0,bear bipolar disorder health insurance medical care graphic novel,['Comedy & Humor']
9927809113901420.0,corporate culture clerk graphic novel,"['Comedy & Humor', 'Popular Culture & Media']"
9927788774901420.0,hero armageddon great britain comic_strip graphic work superhero comic book strip etc novel history,['Comics & Graphic Novels']
9928121793701420.0,asian americans friendship publisher and publishing graphic novel,"['Comedy & Humor', 'Journalism & Politics']"
9928061985401420.0,rasputin efimovich espionage british assassination historical comic_strip graphic novel,['Comedy & Humor']
9927808356501420.0,george nicole dog owner united states graphic novel comic book strip etc comic_strip work autobiographical,['Comics & Graphic Novels']
9928216652701420.0,gharib malaka immigrant cartoonist egyptian americans graphic novel united states nonfiction comic_strip domestic come age work biography autobiographical autobiography,['Comedy & Humor']
9927808355701420.0,political corruption time travel comic book strip etc apocalyptic comic_strip dystopian science fiction graphic novel,['Comics & Graphic Novels']
9927880410901420.0,glidden sarah americans jews arab israeli conflict israel travel united states autobiographical comic_strip comic book strip etc history nonfiction,"['Comedy & Humor', 'Comics & Graphic Novels']"
9927808356301420.0,glidden sarah iraq war news journalism interview turkey syria influence literary artistic etc social condition travel middle united states comic book strip graphic novel nonfiction comic_strip autobiographical,"['Comedy & Humor', 'Comics & Graphic Novels']"
9928066673401420.0,interstellar travel survival interpersonal relation science fiction comic book strip etc dystopian comic_strip graphic work,['Comics & Graphic Novels']
9927798713401420.0,world history caricature and cartoon comic_strip graphic work nonfiction comic book strip etc,['Comics & Graphic Novels']
9928097402201420.0,pandemic businesspeople pet supply webcomic humorous comic_strip social issue graphic novel comedy humor,['Comedy & Humor']
9927901813901420.0,acrobat comic book strip etc graphic novel comic_strip work,['Comics & Graphic Novels']
9927993371101420.0,death grim reaper symbolic character father and child psychoanalyst bereavement story without word children juvenile young,"['Electronic & Digital Media', 'Children & Young Adult']"
9928051489101420.0,women slave slavery insurrection historiography archive young adult fiction historical graphic novel comic_strip social issue,['Comedy & Humor']
9927787461501420.0,good friend graphic novel comic book strip etc,['Comics & Graphic Novels']
9928147457201420.0,woman sister graphic novel,['Comedy & Humor']
9927786292701420.0,physician ninja graphic novel comic book strip etc science fiction,['Comics & Graphic Novels']
9928168827301420.0,los angeles calif immigrant screenwriter motion picture producer and director ambition dysfunctional family domestic relation parenthood exploitation film historical comic_strip graphic novel,"['Comedy & Humor', 'Film & Theater']"
9928412160001420.0,monster murder alienation social psychology comic book strip etc horror united states graphic novel comic_strip work short story horror gothic supernatural,"['Horror & Mystery', 'Comics & Graphic Novels']"
9927906711201420.0,,[]
9927686073501420.0,comic book strip etc erotic graphic novel,['Comics & Graphic Novels']
9928197579201420.0,mexican americans bisexual woman supernatural community latin punk culture comic_strip graphic work book paranormal novel,['Comedy & Humor']
9927686074001420.0,comic book strip etc,['Comics & Graphic Novels']
9927686074801420.0,city and town life,['Poetry']
9927686074301420.0,city and town life serial murder,"['Poetry', 'Broadcasting & Television']"
9927686073401420.0,mexican americans,['Journalism & Politics']
9927898012501420.0,femmes fatale noir comic book strip etc graphic novel comic_strip,['Comics & Graphic Novels']
9927686073101420.0,latin americans family california,"['Gender & Sexuality Identity', 'Children & Young Adult']"
9927686074401420.0,interpersonal relation mexican americans,"['Journalism & Politics', 'Comics & Graphic Novels']"
9927686073701420.0,female friendship mexican american woman bisexual punk culture,"['Journalism & Politics', 'Popular Culture & Media']"
9927898012801420.0,friendship family graphic novel comic book strip etc comic_strip work,['Comics & Graphic Novels']
9927885013701420.0,hispanic american woman interpersonal relation young comic book strip etc graphic novel comic_strip work fiction romance,['Comics & Graphic Novels']
9927686073301420.0,automobile mechanic bisexual woman punk culture,['Popular Culture & Media']
9927686073201420.0,woman wrestler bisexual punk culture comic book strip etc graphic novel,['Comics & Graphic Novels']
9927686073001420.0,mexican americans punk culture,['Popular Culture & Media']
9927898011401420.0,teenage girl sister family secret dysfunctional punk culture bisexual woman comic book strip etc graphic novel,"['Comedy & Humor', 'Comics & Graphic Novels']"
9927682365901420.0,cartoonist african american herriman george krazy kat fictitious character united states,"['Electronic & Digital Media', 'Film & Theater']"
9927898013401420.0,end the world animate film comic book strip etc comic_strip graphic work novel dystopian,['Comics & Graphic Novels']
9927813571601420.0,television broadcasting violence cult graphic novel,"['Comedy & Humor', 'Broadcasting & Television']"
9927864026501420.0,haunted house new england lock and key comic_strip graphic work comic book strip etc novel horror horror gothic supernatural,"['Horror & Mystery', 'Comics & Graphic Novels']"
9928197578601420.0,lesbian supernatural boulder colo colorado horror comic book strip etc comic_strip graphic work apocalyptic paranormal novel horror gothic supernatural,"['Horror & Mystery', 'Comics & Graphic Novels']"
9927864026701420.0,teenager end the world comic_strip book strip etc graphic work,['Comics & Graphic Novels']
9927808355401420.0,rite and ceremony lottery village comic book strip etc comic_strip adaptation graphic work novel horror thriller horror gothic supernatural,"['Horror & Mystery', 'Comics & Graphic Novels']"
9927964613901420.0,african american woman fate and fatalism magic africa nigeria horror comic book strip etc horror gothic supernatural,"['Horror & Mystery', 'Comics & Graphic Novels']"
9928197579401420.0,teenager enslave person billionaire space ship interstellar travel secrecy plutocracy outer slave comic_strip graphic work novel dystopian fiction science,"['Science Fiction & Fantasy', 'Comedy & Humor']"
9927906981501420.0,friendship comic book strip etc graphic novel,['Comics & Graphic Novels']
9927758106901420.0,kane gil cartoonist comic book strip etc graphic novel,['Comics & Graphic Novels']
9927736411601420.0,city and town life new york detective mystery comic book strip etc graphic novel manner custom state,"['Poetry', 'Journalism & Politics', 'Comics & Graphic Novels', 'Comedy & Humor']"
9928456084101420.0,city and town life new york interpersonal relation graphic novel detective mystery comic_strip short story adaptation,"['Poetry', 'Comics & Graphic Novels']"
9928068463301420.0,transgender people male female transsexual artist gender identity disorder transition autobiographical memory kaye julia person dysphoria sex reassignment procedure united states role cartoon biographical comic book strip etc graphic novel autobiography biography young adult work comic_strip,"['Comedy & Humor', 'Comics & Graphic Novels']"
9928332359401420.0,parenthood motherhood duty love graphic novel domestic comic_strip fiction humorous story romance slice life work comedy humor,['Comedy & Humor']
9928084471701420.0,roommate cartoonist christianity and atheism faith reason loss psychology man woman relationship comic_strip graphic work novel,"['Comedy & Humor', 'Mass Media & Communication']"
9928090670301420.0,musician sound recording casal pablo johnson biography history biographical comic_strip historical nonfiction graphic work novel,"['Comedy & Humor', 'Broadcasting & Television']"
9928197577801420.0,criminal investigation comic_strip graphic work detective and mystery novel,"['Comedy & Humor', 'Horror & Mystery', 'Comics & Graphic Novels']"
9927805713601420.0,war terrorism police officer private military company americans recruit murder baghdad iraq comic book strip etc comic_strip graphic work,"['Journalism & Politics', 'Comics & Graphic Novels']"
9928086585501420.0,superhero comic_strip science fiction graphic novel work,['Comics & Graphic Novels']
9928065310901420.0,kirby jack cartoonist illustrator comic book strip etc artist author united states biography nonfiction comic_strip biographical graphic work novel,"['Comedy & Humor', 'Comics & Graphic Novels']"
9927864181601420.0,american wit and humor pictorial comic book strip etc comic_strip graphic work comedy humor,"['Comedy & Humor', 'Comics & Graphic Novels']"
9928125490901420.0,high school student video gamer game young adult fiction work graphic novel adaptation come age comic_strip,['Comedy & Humor']
9927790312001420.0,animate film comic book strip etc history,['Comics & Graphic Novels']
9928046990201420.0,jewish artist holocaust warsaw poland ghetto uprising comic_strip graphic work novel history,"['Comedy & Humor', 'Holocaust & Jewish Studies']"
9927463065501420.0,kuper peter new york city and town life american wit humor pictorial caricature cartoon state comic book strip etc graphic novel comedy humor,"['Poetry', 'Comedy & Humor', 'Comics & Graphic Novels']"
9927880394701420.0,conrad european trading post degeneration imperialism heart darkness africa adaptation comic book strip etc,"['Modernism & Postmodernism', 'Comics & Graphic Novels']"
9927787461301420.0,kafka franz graphic novel,['Comedy & Humor']
9927902514001420.0,kuper peter cartoonist united states interview,"['Electronic & Digital Media', 'Broadcasting & Television']"
9928224257201420.0,kurzweil frederic ray amy inventor artist pianist jews austrian artificial intelligence family graphic novel autobiographical comic_strip biographical,['Comedy & Humor']
9928197578701420.0,lee deb woman cartoonist korean americans new jersey female friendship teenager mother and daughter childhood youth person travel korea united states young adult literature autobiographical comic_strip nonfiction come age graphic novel work autobiography biography children juvenile young,"['Comedy & Humor', 'Children & Young Adult']"
9927611517901420.0,lee stan comic book strip etc author american united states,['Comics & Graphic Novels']
9927879989001420.0,lee stan marvel comic_strip group comic book strip etc cartoonist united states,['Comics & Graphic Novels']
9927880413801420.0,cartoonist comic book strip etc lee stan marvel comic_strip group united states biography history,['Comics & Graphic Novels']
9928066672101420.0,cartoonist lee stan biography,"['Science Fiction & Fantasy', 'Electronic & Digital Media']"
9928090774701420.0,lighthouse geologist horror comic_strip graphic work novel horror gothic supernatural,"['Comedy & Humor', 'Horror & Mystery']"
9928211756601420.0,gibran kahlil mysticism prophet graphic novel adaptation comic_strip work poetry,['Comedy & Humor']
9928066673301420.0,memory drug abuse assassin fantasy comic book strip etc,"['Comics & Graphic Novels', 'Children & Young Adult']"
9928143550201420.0,child mentally ill mother reminisce and daughter comic_strip graphic work novel nonfiction medicine autobiographical children juvenile young,"['Comedy & Humor', 'Children & Young Adult']"
9927686708501420.0,african american college student civil right movement texas,"['Comedy & Humor', 'Journalism & Politics']"
9928076165801420.0,joplin jani singer rock musician united states biographical comic_strip graphic work nonfiction novel biography,['Comedy & Humor']
9927993912901420.0,african american girl monster miss child lynch black white false arrest friendship mississippi race relation children juvenile young,"['Journalism & Politics', 'Children & Young Adult']"
9928411826801420.0,transgender people bachelor party male friendship cult two spirit person masculinity interpersonal relation friend graphic novel fictional work comic_strip horror horror gothic supernatural,"['Horror & Mystery', 'Comics & Graphic Novels']"
9927817713901420.0,artist journalist berlin germany fascism communism comic book strip etc history historical comic_strip graphic novel work,['Comics & Graphic Novels']
9928411826501420.0,atlantis legendary place war death nazi concentration camp literature dystopian comic_strip fantasy graphic novel science fiction,"['Science Fiction & Fantasy', 'Comedy & Humor', 'Comics & Graphic Novels']"
9927987311901420.0,punisher superhero comic book strip etc comic_strip graphic work novel science fiction,['Comics & Graphic Novels']
9927964611701420.0,construction worker industry tunnel underground structural failure disaster accident occupational racism social class history century ohio historical comic_strip graphic novel fictional work comic book strip etc,"['Comedy & Humor', 'Comics & Graphic Novels']"
9927806309401420.0,traveler graphic novel comic book strip etc,['Comics & Graphic Novels']
9927685912501420.0,college teacher graphic novel new york state,"['Comedy & Humor', 'Journalism & Politics']"
9928046086601420.0,book and read literature graphic novel,"['Holocaust & Jewish Studies', 'Comics & Graphic Novels']"
9928125858701420.0,avenger fictitious character man fantastic four science fiction comic book strip etc comic_strip graphic novel work,"['Electronic & Digital Media', 'Comics & Graphic Novels']"
9927803368601420.0,time science fiction fantasy graphic novel comic book strip etc comic_strip work,"['Science Fiction & Fantasy', 'Comics & Graphic Novels']"
9927792637201420.0,creative ability comic book strip etc graphic novel comic_strip work,['Comics & Graphic Novels']
9928315258801420.0,man woman relationship medicine disease interpersonal relation illustrator psychological comic_strip graphic novel work,"['Comedy & Humor', 'Comics & Graphic Novels', 'Mass Media & Communication']"
9927806309501420.0,comic book strip etc graphic novel,['Comics & Graphic Novels']
9927544978201420.0,sculptor first love death personification actualization psychology,"['Science Fiction & Fantasy', 'Film & Theater']"
9927814913901420.0,black life matter movement police shooting african american teenager ghost justice new york state comic book strip etc comic_strip graphic work novel,"['Journalism & Politics', 'Comics & Graphic Novels']"
9927864040301420.0,fairy tale comic book strip etc fantasy graphic novel,"['Comics & Graphic Novels', 'Children & Young Adult']"
9928121793601420.0,gay man cook graphic novel come age comic_strip romance,['Comedy & Humor']
9927685911601420.0,justice league america fictitious character superhero murder,['Electronic & Digital Media']
9928068373301420.0,artist haunted house horror comic book strip etc comic_strip romance graphic work novel horror gothic supernatural,"['Horror & Mystery', 'Comics & Graphic Novels']"
9928004513201420.0,mignola mike comic book strip etc hellboy united states criticism interpretation,['Comics & Graphic Novels']
9928056886201420.0,climatic change social class artist interstellar travel comic_strip graphic work science fiction novel,"['Science Fiction & Fantasy', 'Comedy & Humor']"
9927879989401420.0,miller frank daredevil comic book strip etc popular culture american literature myth united states criticism interpretation history,"['Comics & Graphic Novels', 'Popular Culture & Media']"
9928166557101420.0,hacker suspense comic book strip etc comic_strip graphic work novel,['Comics & Graphic Novels']
9927805714001420.0,genetic pet cyborgs dog cat rabbit science comic book strip etc fiction comic_strip graphic work novel,['Comics & Graphic Novels']
9928039776401420.0,murphy cullen cartoonist fairfield county conn friendship connecticut united states biography,"['Electronic & Digital Media', 'Journalism & Politics']"
99220115201421.0,hero,['Mass Media & Communication']
9928121793501420.0,grief death loss psychology future life man woman relationship,"['Science Fiction & Fantasy', 'Mass Media & Communication']"
9928411826601420.0,norris natalie teenage girl sexual abuse victim psychic trauma autobiographical comic_strip nonfiction come age graphic medicine novel work,['Comedy & Humor']
9928036794601420.0,queen magic africa imaginary war and battle,"['Horror & Mystery', 'Comics & Graphic Novels']"
9928077082101420.0,fantasy fiction,['Science Fiction & Fantasy']
9928266658801420.0,orme jackie african american woman artist cartoonist americans united states picture book for child biography juvenile work children juvenile young,['Children & Young Adult']
9928090670401420.0,lesbian space flight science fiction comic book strip etc graphic novel,['Comics & Graphic Novels']
9927957606701420.0,outcault richard felton yellow kid comic strip character and characteristic,"['Electronic & Digital Media', 'Comics & Graphic Novels', 'Children & Young Adult']"
9927686190601420.0,hand fighting actualization psychology,['Science Fiction & Fantasy']
9928090670501420.0,identity philosophical concept mental illness survival comic_strip graphic work novel,"['Comedy & Humor', 'Film & Theater']"
9927964611501420.0,terrorism riot race relation group identity football united states civil war,['Journalism & Politics']
9927806812801420.0,pekar harvey cleveland ohio manner and custom biography comic_strip graphic work novel,['Comedy & Humor']
9927804605101420.0,child city and town life military occupation comic_strip graphic work novel comic book strip etc children juvenile young,"['Poetry', 'Comics & Graphic Novels', 'Children & Young Adult']"
9927864033701420.0,communal living secrecy arkansa united states comic book strip etc comic_strip graphic work novel,['Comics & Graphic Novels']
9927804606001420.0,stepfamilie adolescent psychology mental health schizophrenia teenager medicine young adult fiction comic book strip etc work psychological graphic novel,"['Comedy & Humor', 'Comics & Graphic Novels']"
9928332359501420.0,hesiod mythology greek poet creation literary artistic etc comic book strip fantasy comic_strip mythological graphic novel work,['Comics & Graphic Novels']
9928044693501420.0,prince liz cartoonist gender identity sex role united states comic book strip etc autobiographical graphic novel comic_strip work tecknade serier biografi,"['Holocaust & Jewish Studies', 'Comics & Graphic Novels']"
9928036814701420.0,social isolation loneliness interpersonal relation psychology graphic novel comic_strip work nonfiction issue psychological,"['Comedy & Humor', 'Comics & Graphic Novels']"
9927809113501420.0,radtke kristen cartoonist loss psychology travel united states graphic novel autobiography biography comic book strip etc autobiographical comic_strip,"['Comedy & Humor', 'Comics & Graphic Novels']"
9927823313801420.0,civilization modern comic book strip etc science fiction graphic novel,['Comics & Graphic Novels']
99220115501421.0,zombie survival,['Comics & Graphic Novels']
9928315258701420.0,war correspondent press afghan graphic novel united states comic_strip work,"['Comedy & Humor', 'Journalism & Politics']"
9928197576701420.0,bly nellie city lunatic asylum mentally ill psychiatric hospital roosevelt island new york commitment involuntary state graphic novel personal narrative comic_strip work nonfiction,"['Comedy & Humor', 'Journalism & Politics']"
9927788519001420.0,band music city and town life urban violence comic book strip etc graphic novel,"['Poetry', 'Comics & Graphic Novels']"
9927788519401420.0,friendship conduct life new york state comic book strip etc graphic novel,"['Journalism & Politics', 'Comics & Graphic Novels']"
9928216081001420.0,hell torture psychotherapy boredom comic book strip etc graphic novel horror comic_strip humorous work comedy humor horror gothic supernatural,"['Comedy & Humor', 'Horror & Mystery', 'Comics & Graphic Novels']"
9928124258701420.0,african american woman hair hairdressing americans black people female friendship care health mental graphic novel comic_strip work queer domestic,"['Comedy & Humor', 'Journalism & Politics']"
9927685691801420.0,batwoman,[]
9927798414001420.0,fairy tale child story english comic book strip etc england graphic novel comic_strip work children juvenile young,"['Comics & Graphic Novels', 'Children & Young Adult']"
9928034295901420.0,father and son violence correctional institution escape huntsville tex texas,"['Film & Theater', 'Children & Young Adult']"
9927822712301420.0,teenage girl comic book strip etc graphic novel,"['Comedy & Humor', 'Comics & Graphic Novels']"
9928314853201420.0,femmes fatale graphic novel horror comic book strip etc cartoon and comic_strip adventure story fiction action monster work horror gothic supernatural,"['Horror & Mystery', 'Comics & Graphic Novels']"
9928216080401420.0,schulz cartoonist biographical comic book strip etc,['Comics & Graphic Novels']
9927749412401420.0,schulz peanut comic strip book etc,['Comics & Graphic Novels']
99143650801421.0,schulz cartoonist,['Electronic & Digital Media']
99201689101421.0,gaza strip jewish arab relation israeli conflict middle palestinian arabs israel,"['Holocaust & Jewish Studies', 'Film & Theater', 'Comics & Graphic Novels', 'Mass Media & Communication']"
9928068373401420.0,quaker brother and sister united states american civil war history graphic novel historical comic_strip wordless fiction work,"['Comedy & Humor', 'Journalism & Politics']"
9925505720001420.0,siegel jerry shuster joe cartoonist superman comic book strip etc,['Comics & Graphic Novels']
9927906400701420.0,smith frank attica correctional facility prison riot torture new york state comic book strip etc graphic novel comic_strip work biographical historical nonfiction,"['Comedy & Humor', 'Journalism & Politics', 'Comics & Graphic Novels']"
9928332108501420.0,family violence christmas comic book strip etc fantasy horror united states comic_strip graphic work horror gothic supernatural,"['Horror & Mystery', 'Comics & Graphic Novels']"
9927805713401420.0,bone fictitious character comic book strip etc adventure story friendship united states graphic novel fiction juvenile work,"['Electronic & Digital Media', 'Comics & Graphic Novels']"
9928066772801420.0,persephone hade goddesse god mythology greek man woman relationship deity classical and romance comic book strip etc graphic novel comic_strip mythological work,"['Comedy & Humor', 'Comics & Graphic Novels', 'Mass Media & Communication']"
9927608593801420.0,superman superhero,['Comics & Graphic Novels']
9927992936901420.0,gender identity comic book strip etc graphic novel comic_strip work,"['Holocaust & Jewish Studies', 'Comics & Graphic Novels']"
9927901813501420.0,comic_strip graphic work novel,['Comedy & Humor']
9927462402601420.0,comic book strip etc spiegelman art,['Comics & Graphic Novels']
9927786413201420.0,september terrorist attack comic book strip etc comic_strip graphic work novel,"['Broadcasting & Television', 'Comics & Graphic Novels']"
9924691000001420.0,spiegelman art holocaust jewish survivor child cartoonist children juvenile young,"['Holocaust & Jewish Studies', 'Children & Young Adult']"
9928167320101420.0,spiegelman art graphic novel influence literary artistic etc criticism interpretation,"['Comedy & Humor', 'Documentary']"
9928091169201420.0,spooner james cartoonist multiracial people music and race punk rock culture racism nineteen ninety come age california united states autobiography comic strip book autobiographical comic_strip nonfiction graphic work novel,"['Comedy & Humor', 'Comics & Graphic Novels']"
9927821814001420.0,jesus christ civilization modern church history comic book strip etc graphic novel,['Comics & Graphic Novels']
9927826313901420.0,hero superhero comic book strip etc graphic novel science fiction,['Comics & Graphic Novels']
9928132358801420.0,brainwash fiction science comic_strip graphic work novel,"['Science Fiction & Fantasy', 'Comedy & Humor']"
9927804605701420.0,young woman comic book strip etc graphic novel,['Comics & Graphic Novels']
9928052296201420.0,stein leslie cartoonist abortion parenthood childlessness woman induce parent child relation reproductive behavior united states children juvenile young,['Children & Young Adult']
9928143550401420.0,wildfire fighter woman fire prisoner robbery deception comic book strip etc graphic novel action and adventure comic_strip noir work,['Comics & Graphic Novels']
9927685911301420.0,monster shapeshifte supervillains dragon basic reader,"['Science Fiction & Fantasy', 'Horror & Mystery', 'Comics & Graphic Novels']"
9928071326701420.0,beowulf adaptation fiction cartoon and comic_strip comic book strip etc legend graphic novel,['Comics & Graphic Novels']
9927798712601420.0,baseball player jews united states comic book strip etc graphic novel,['Comics & Graphic Novels']
9927899208501420.0,humanity family president political culture united states marital conflict husband and wife politic government since cartoon comic_strip graphic work comic book strip etc,['Comics & Graphic Novels']
9927809113401420.0,extraterrestrial being friendship comic book strip etc graphic novel,['Comics & Graphic Novels']
9928197579101420.0,lesbian gay princess government resistance life other planet mechanic people young adult fiction work comic_strip graphic novel action and adventure science,['Comedy & Humor']
9927965213201420.0,single parent family father and daughter gravity anomaly interstellar travel graphic novel united states comic book strip etc science fiction apocalyptic comic_strip work,['Comics & Graphic Novels']
9928052296301420.0,terry jim petroleum pipeline indians america chunk nation wisconsin graphic novel united states,"['Comedy & Humor', 'Journalism & Politics']"
9928149113501420.0,african american journalist presidential candidate political campaign mayor,['Science Fiction & Fantasy']
9927685912301420.0,family first love teenage boy artist sible rivalry brother come age wisconsin comic book strip etc,"['Comedy & Humor', 'Comics & Graphic Novels']"
9928447374701420.0,thompson craig cartoonist farm life ginseng work class medicine chinese wisconsin panax traditional autobiographical comic_strip nonfiction graphic novel,['Comedy & Humor']
9927686697501420.0,refugee child slave voyage and travel children juvenile young,['Children & Young Adult']
9928149115801420.0,thorogood zoe depression mental suicide artist injurious behavior suicidal ideation comic_strip graphic work autobiographical nonfiction novel,['Comedy & Humor']
9927685911401420.0,family emotion,"['Broadcasting & Television', 'Children & Young Adult']"
9927685690501420.0,graphic novel comic book strip etc,['Comics & Graphic Novels']
9928052296101420.0,tomine adrian cartoonist work and family,['Comedy & Humor']
9927865064701420.0,mexican noncitizen united states political comic_strip graphic work novel comic book strip etc,['Comics & Graphic Novels']
9927899208601420.0,secretary private investigator organize crime london england noir comic_strip detective and mystery comic book strip etc graphic novel,"['Horror & Mystery', 'Comics & Graphic Novels']"
9927516810001420.0,online date divorce mother graphic novel,"['Comedy & Humor', 'Broadcasting & Television']"
9927669982001420.0,united states iraq war marine post traumatic stress disorder armed force,['Modernism & Postmodernism']
9928434354701420.0,family world war amsterdam netherlands netherland graphic novel historical comic_strip work,"['Comedy & Humor', 'Comics & Graphic Novels']"
9928124259401420.0,van sciver noah cartoonist,['Electronic & Digital Media']
9927804606101420.0,author artist comic book strip etc graphic novel,['Comics & Graphic Novels']
9927806314001420.0,author comic book strip etc united states humorous comic_strip graphic novel comedy humor,"['Comedy & Humor', 'Comics & Graphic Novels']"
9927881282301420.0,remarque erich maria world war soldier military campaign germany western front adaptation comic book strip etc history story graphic novel fiction,['Comics & Graphic Novels']
9927881281801420.0,woman ukrainian world war ukraine comic book strip etc graphic novel history,['Comics & Graphic Novels']
9927803713201420.0,baghdad iraq comic book strip etc graphic novel,['Comics & Graphic Novels']
9928166556901420.0,private investigator los angeles calif california comic_strip graphic work webcomic novel detective and mystery fiction science,"['Science Fiction & Fantasy', 'Comedy & Humor', 'Horror & Mystery']"
9927790312201420.0,wombat comic book strip etc graphic novel,['Comics & Graphic Novels']
9928067785601420.0,realization sick love adulthood graphic novel united states short story comic_strip work,"['Comedy & Humor', 'Electronic & Digital Media']"
9928121793001420.0,outer space teenage girl boarding school lesbian,['Comedy & Humor']
9928382819301420.0,jim finn huckleberry enslave person race relation male friendship runaway child children juvenile young,"['Journalism & Politics', 'Children & Young Adult']"
9928273146901420.0,magic minority segregation mississippi witch race racism sexual comic book strip etc cartoon and comic_strip people young adult fiction fantasy queer historical graphic novel work,"['Comedy & Humor', 'Comics & Graphic Novels']"
9927796076201420.0,comic book strip etc comic_strip graphic work,['Comics & Graphic Novels']
9927895895901420.0,apartment house comic book strip etc comic_strip graphic work novel,['Comics & Graphic Novels']
9927707896001420.0,dysfunctional family father and son graphic novel united states comic book strip etc comic_strip work,['Comics & Graphic Novels']
9927893400201420.0,dysfunctional family superhero comic book strip etc graphic novel comic_strip work science fiction,['Comics & Graphic Novels']
9927808357201420.0,ware chris cartoonist united states biography autobiography,['Electronic & Digital Media']
9928068585301420.0,woman private investigator brain death horror comic_strip fantasy detective and mystery graphic novel work horror gothic supernatural,"['Comedy & Humor', 'Horror & Mystery']"
9927686072901420.0,hero robot graphic novel united states science fiction comic book strip etc comic_strip work,['Comics & Graphic Novels']
9927881280901420.0,dysfunctional family sibling superhero robot graphic novel science fiction comic book strip etc young adult united states work comic_strip,"['Comics & Graphic Novels', 'Children & Young Adult']"
9928340417201420.0,hero robot young adult fiction american science comic book strip etc comic_strip graphic novel work,"['Comedy & Humor', 'Comics & Graphic Novels']"
9928077652001420.0,prince hero miss person adventure story comic_strip graphic work action and fantasy novel,"['Comedy & Humor', 'Children & Young Adult']"
9928038097901420.0,romance comic book strip etc man woman relationship nineteen sixty fifty,"['Comics & Graphic Novels', 'Mass Media & Communication']"
99216953401421.0,boy male friendship father and son carnival illinois,"['Journalism & Politics', 'Children & Young Adult']"
9928037691801420.0,genetic experimental monster espionage united states,"['Horror & Mystery', 'Documentary']"
9927732893801420.0,frank anthropomorphism fictitious character woodre comic book strip etc graphic novel story without word,"['Electronic & Digital Media', 'Comics & Graphic Novels']"
9928147458901420.0,frank imaginary place,['Comedy & Humor']
9927901813801420.0,lesbian alcoholic author comic book strip etc gay comic_strip graphic novel,['Comics & Graphic Novels']
9927685910801420.0,graphic novel chinese americans identity psychology school,"['Science Fiction & Fantasy', 'Comedy & Humor']"
9927478808701420.0,historical fiction graphic novel christian convert peasant persecution death kung china,"['Science Fiction & Fantasy', 'Comedy & Humor']"
9927478808901420.0,joan historical fiction graphic novel young woman persecution death christian convert loyalty friendship trust god adult,"['Science Fiction & Fantasy', 'Comedy & Humor']"
9928197578801420.0,bulimia eat disorder life change event father come age teenage girl asian american family mother and daughter body image young adult fiction juvenile work comic_strip graphic domestic novel social issue,"['Comedy & Humor', 'Children & Young Adult']"
9927876913401420.0,young ethan cartoonist united states comic book strip etc graphic novel,['Comics & Graphic Novels']
9928149112201420.0,human alien encounter extraterrestrial being imaginary war and battle science fiction comic book strip etc comic_strip graphic work novel,['Comics & Graphic Novels']
9928263458201420.0,bamford maria cassidy scott marvel date social custom dog autobiography literary work autobiographical comic_strip nonfiction graphic novel,['Comedy & Humor']
9928046086501420.0,women college student occultism conspiracy organize crime demonology family secret comic_strip graphic work novel paranormal thriller detective and mystery occult fiction,"['Comedy & Humor', 'Horror & Mystery', 'Comics & Graphic Novels']"
9928073054401420.0,magician occultism comic_strip graphic work novel fantasy,"['Comedy & Humor', 'Comics & Graphic Novels']"
9927880411001420.0,graf agent fictitious character graphic novel comic book strip etc united states noir comic_strip fiction,"['Electronic & Digital Media', 'Comics & Graphic Novels']"
9927716833801420.0,dredd police totalitarianism dystopias comic book strip etc science fiction comic_strip graphic novel work,['Comics & Graphic Novels']
9928065311401420.0,african american woman journalist nineteen seventy criminal investigation supernatural detroit mich graphic novel united states michigan comic_strip work paranormal horror detective and mystery historical history horror gothic supernatural,"['Comedy & Humor', 'Horror & Mystery']"
9927964610801420.0,woman superhero good and evil action adventure comic_strip comic book strip etc graphic work detective mystery novel science fiction,['Comics & Graphic Novels']
9927864038801420.0,american wit and humor pictorial choose your own story comic_strip graphic work comedy humor,['Comedy & Humor']
9927786292401420.0,werewolf demonology comic book strip etc fantasy graphic novel,['Comics & Graphic Novels']
9927686708801420.0,aquaman superhero science fiction comic book strip etc,"['Science Fiction & Fantasy', 'Comics & Graphic Novels']"
9927899209001420.0,slave jamaica historical comic_strip graphic work comic book strip etc novel,['Comics & Graphic Novels']
9927685687501420.0,authority the fictitious character science fiction comic book strip etc superhero,"['Electronic & Digital Media', 'Comics & Graphic Novels']"
9928045786801420.0,move household mother and daughter supernatural new hampshire comic book strip etc graphic novel united states,['Comics & Graphic Novels']
9927787461601420.0,superhero graphic novel comic book strip etc,['Comics & Graphic Novels']
9927964611201420.0,spy terrorism mystery science fiction comic book strip etc graphic novel comic_strip work,['Comics & Graphic Novels']
9927581501601420.0,batgirl superhero,['Comics & Graphic Novels']
9927611515801420.0,superhero young adult fiction,"['Comedy & Humor', 'Comics & Graphic Novels', 'Children & Young Adult']"
9927608594101420.0,plot your own story,"['Electronic & Digital Media', 'Documentary']"
9927822712601420.0,joker fictional character superhero good and evil graphic novel mystery young adult work fiction comic_strip comic book strip etc,['Comics & Graphic Novels']
9928045786701420.0,superhero vigilante supervillains graphic novel comic_strip work,['Comics & Graphic Novels']
9927581504301420.0,,[]
9927565411901420.0,superhero supervillains comic book strip etc,['Comics & Graphic Novels']
9927736049301420.0,comic strip superhero,['Comics & Graphic Novels']
99226590601421.0,halloween,[]
9928066673001420.0,gotham city imaginary place social interaction literature united states comic_strip graphic work,"['Poetry', 'Comedy & Humor']"
9927736049201420.0,superhero comic book strip etc graphic novel comic_strip work,['Comics & Graphic Novels']
9927732893901420.0,comic strip book cover,['Comics & Graphic Novels']
9927477606201420.0,superman graphic novel comic book strip etc superhero,['Comics & Graphic Novels']
9927736049101420.0,comic book strip etc comic_strip graphic work,['Comics & Graphic Novels']
9927736048901420.0,robin joker poison ivy catwoman superhero vigilante supervillains comic book strip etc united states comic_strip graphic work novel,['Comics & Graphic Novels']
9927787461701420.0,joker superhero good and evil comic book strip etc comic_strip graphic work novel,['Comics & Graphic Novels']
9927809086001420.0,superhero supervillains police organize crime comic_strip graphic work novel,['Comics & Graphic Novels']
9927608594001420.0,superman superhero supervillains graphic novel,['Comics & Graphic Novels']
9927611519401420.0,superhero science fiction comic book strip etc,"['Science Fiction & Fantasy', 'Comics & Graphic Novels']"
9927685687801420.0,good and evil superhero comic book strip etc,['Comics & Graphic Novels']
9927556305801420.0,comic book strip etc film adaptation literature,"['Film & Theater', 'Comics & Graphic Novels']"
9927736049001420.0,comic strip history book etc character social aspect,"['Electronic & Digital Media', 'Comics & Graphic Novels']"
9927964612401420.0,sword wizard wormhole physics good and evil magic graphic novel fantasy comic_strip work action adventure comic book strip etc,['Comics & Graphic Novels']
9928281446401420.0,bingo grandmother lesbian love sexual and gender minority homosexuality female healthy aging homophobia graphic novel story romance comic_strip work,"['Comedy & Humor', 'Electronic & Digital Media']"
9927808356101420.0,political persecution patriarchy sex difference psychology satire comic book strip etc comic_strip graphic work novel science fiction,"['Science Fiction & Fantasy', 'Comics & Graphic Novels']"
9927755301801420.0,woman prisoner penal colony comic book strip etc united states science fiction comic_strip graphic work novel,['Comics & Graphic Novels']
9927896913801420.0,harlem renaissance african american family monster racism nineteen twenty good and evil new york state comic book strip etc fiction horror paranormal comic_strip graphic work novel steampunk horror gothic supernatural,"['Horror & Mystery', 'Comics & Graphic Novels']"
9927905713601420.0,black cat science fiction comic_strip graphic work novel,"['Science Fiction & Fantasy', 'Comedy & Humor']"
9927964613301420.0,justice league america fictitious character superhero supervillains comic book strip etc graphic novel comic_strip,"['Electronic & Digital Media', 'Comics & Graphic Novels']"
9927674945401420.0,black panther superhero,"['Broadcasting & Television', 'Comics & Graphic Novels']"
9928065311301420.0,black panther party power african americans united states graphic novel nonfiction comic_strip,['Comedy & Humor']
9927755301701420.0,prison superhero supervillains good and evil comic_strip graphic novel superheroe comic book strip etc work,['Comics & Graphic Novels']
9927905713501420.0,black widow woman superhero spy comic book strip etc united states comic_strip graphic work novel,['Comics & Graphic Novels']
9927902014001420.0,woman detective miss person androids los angeles calif california comic book strip etc and mystery comic_strip dystopian graphic novel noir science fiction,['Comics & Graphic Novels']
9927965213701420.0,billionaire social class end the world comic book strip etc satirical literature issue comic_strip problem fiction humorous graphic novel comedy humor,"['Comedy & Humor', 'Comics & Graphic Novels']"
9927906400601420.0,bowie david glam rock musician celebrity composer biographical comic book strip etc comic_strip nonfiction graphic novel,['Comics & Graphic Novels']
9927862212401420.0,united states superhero science fiction comic book strip etc,"['Science Fiction & Fantasy', 'Comics & Graphic Novels']"
9927964612201420.0,election hand fighting comic book strip etc graphic novel,['Comics & Graphic Novels']
9928036598301420.0,young woman monster imaginary place fiction graphic novel humorous comic_strip novelization science work comedy humor,['Comedy & Humor']
9928146644601420.0,african american superhero racism time travel comic_strip science fiction action and adventure underground graphic work,"['Science Fiction & Fantasy', 'Comedy & Humor', 'Comics & Graphic Novels']"
9927821690101420.0,beck binder otto captain marvel comic book strip etc united states,['Comics & Graphic Novels']
9927686697101420.0,captain marvel good and evil superhero comic book strip etc,['Comics & Graphic Novels']
9927787423301420.0,captain marvel superhero death medicine comic_strip graphic work science fiction comic book strip etc novel,['Comics & Graphic Novels']
9927898013701420.0,catwoman woman superhero impostor and imposture hero heroine comic book strip etc comic_strip graphic work science fiction novel,['Comics & Graphic Novels']
9927876913501420.0,time travel sword japan samurai japanese american woman hero comic book strip etc graphic novel comic_strip historical,['Comics & Graphic Novels']
9928070840401420.0,comic book strip etc national characteristic american graphic novel marvel comic_strip group ethic literature politic superhero united states criticism interpretation,['Comics & Graphic Novels']
9927685912201420.0,superhero,['Comics & Graphic Novels']
9928159058901420.0,adventure and adventurer quest expedition comic book strip story comic_strip graphic novel work action fantasy,"['Comedy & Humor', 'Comics & Graphic Novels']"
9928159759501420.0,friendship miss person adventure and adventurer hero quest expedition young adult fiction graphic novel comic_strip work fantasy adaptation action,"['Comedy & Humor', 'Children & Young Adult']"
9927885414001420.0,science fiction comic book strip etc,"['Science Fiction & Fantasy', 'Comics & Graphic Novels']"
9927686697201420.0,deadpool superhero revenge graphic novel,['Comics & Graphic Novels']
9928149113301420.0,goede floor cartoonist gay man love netherland graphic novel biography autobiographical comic_strip nonfiction work,['Comedy & Humor']
9927906303101420.0,fantasy gamer role playing game friendship psychic trauma comic book strip etc comic_strip graphic novel,"['Journalism & Politics', 'Comics & Graphic Novels']"
9927864412401420.0,deckard rick fictitious character androids bounty hunter city and town life twenty first century san francisco calif science fiction comic_strip graphic novel,"['Science Fiction & Fantasy', 'Poetry', 'Electronic & Digital Media', 'Comedy & Humor']"
9927964410601420.0,doom patrol fictitious character superhero outcast comic book strip etc comic_strip graphic work novel,"['Electronic & Digital Media', 'Comics & Graphic Novels']"
99205833201421.0,trudeau comic book strip etc,['Comics & Graphic Novels']
99145057801421.0,trudeau satire american,['Broadcasting & Television']
99215971701421.0,trudeau satire american,['Broadcasting & Television']
9928077082501420.0,dune imaginary place feudalism nobility space flight graphic novel adaptation science fiction comic_strip,"['Science Fiction & Fantasy', 'Comedy & Humor']"
9927864026901420.0,lesbian comic book strip etc gay people united states sexuality sociology graphic novel comic_strip work,"['Comedy & Humor', 'Comics & Graphic Novels']"
9928209658001420.0,dystopias virtual reality science fiction comic_strip fantasy graphic novel,"['Science Fiction & Fantasy', 'Comics & Graphic Novels']"
9928125857701420.0,comic book strip etc american wit and humor pictorial underground comic_strip graphic work novel comedy humor,"['Comedy & Humor', 'Comics & Graphic Novels']"
9927808513801420.0,art comic book strip etc detective and mystery comic_strip graphic novel work,"['Horror & Mystery', 'Comics & Graphic Novels']"
9927800713601420.0,elektra fictitious character miller science fiction comic book strip etc graphic novel,"['Electronic & Digital Media', 'Comics & Graphic Novels']"
9927905713401420.0,immortalism human alien encounter space and time imaginary war battle immortality comic book strip etc fantasy comic_strip graphic novel science fiction,['Comics & Graphic Novels']
9927864155001420.0,good and evil shapeshifte depression mental immortalism graphic novel science fiction comic book strip etc comic_strip work,['Comics & Graphic Novels']
9928086585401420.0,eternal fictitious character superhero hero science fiction comic book strip etc graphic novel comic_strip work,"['Electronic & Digital Media', 'Comics & Graphic Novels']"
9927707895001420.0,crime,['Horror & Mystery']
9927993477701420.0,fantastic four fictitious character superhero imaginary war and battle,['Electronic & Digital Media']
9927666113001420.0,fictitious character fairy tale fable new york fantasy comic book strip etc,"['Electronic & Digital Media', 'Journalism & Politics', 'Comics & Graphic Novels', 'Children & Young Adult']"
9928067785201420.0,superhero woman crime graphic novel science fiction comic book strip etc comic_strip detective and mystery young adult,['Comics & Graphic Novels']
9927743714001420.0,horse,[]
9927686697301420.0,graphic novel,['Comedy & Humor']
9927686708701420.0,flash superhero good and evil,['Comics & Graphic Novels']
9928415764901420.0,bodybuilder superhero multiverse,['Comics & Graphic Novels']
9927544989201420.0,supervillains justice league america fictitious character comic book strip etc graphic novel action and adventure comic_strip,"['Electronic & Digital Media', 'Comics & Graphic Novels']"
9927885013901420.0,fantasy comic book strip etc young adult fiction american comic_strip graphic work,"['Comedy & Humor', 'Comics & Graphic Novels', 'Children & Young Adult']"
9927894413901420.0,,[]
9928037691901420.0,interpersonal relation friendship rock musician guitarist roommate gay man,"['Comedy & Humor', 'Comics & Graphic Novels']"
9927814902201420.0,man woman relationship female friendship,"['Journalism & Politics', 'Mass Media & Communication']"
9928166557201420.0,woman superhero artificial intelligence monster imaginary war and battle comic_strip graphic work science fiction cyberpunk dystopian novel,"['Comedy & Humor', 'Comics & Graphic Novels']"
9927736048801420.0,graphic novel comic book strip etc,['Comics & Graphic Novels']
9927822712401420.0,united states zombie afghanistan,[]
9928210232901420.0,green lantern life other planet good and evil comic_strip graphic work science fiction superhero novel,['Comics & Graphic Novels']
9927898811101420.0,green lantern superhero extraterrestrial being conspiracy comic book strip etc graphic novel science fiction comic_strip,['Comics & Graphic Novels']
9927864039201420.0,comic_strip graphic work,['Comedy & Humor']
9927685690601420.0,superhero science fiction comic book strip etc,"['Science Fiction & Fantasy', 'Comics & Graphic Novels']"
9927828164101420.0,harley quinn comic book strip etc graphic novel villain literature woman criticism interpretation,"['Poetry', 'Comics & Graphic Novels']"
9927880412701420.0,teenage girl witch recluse southern state comic_strip graphic work paranormal horror novel horror gothic supernatural,"['Comedy & Humor', 'Horror & Mystery']"
9927821689901420.0,horror comic book strip etc comic_strip graphic work horror gothic supernatural,"['Horror & Mystery', 'Comics & Graphic Novels']"
9927880412601420.0,teenage girl recluse southern state comic book strip etc comic_strip graphic work,"['Comedy & Humor', 'Comics & Graphic Novels']"
9927880412801420.0,teenage girl witch ghost good and evil friendship southern state horror comic book strip etc paranormal comic_strip graphic novel work horror gothic supernatural,"['Comedy & Humor', 'Horror & Mystery', 'Comics & Graphic Novels']"
9927736048701420.0,united states world war african american soldier armed force military participation,"['Journalism & Politics', 'Comics & Graphic Novels']"
9927964611101420.0,bradley buddy fictitious character popular culture seattle wash nineteen ninety new jersey marriage fatherhood comic_strip graphic work,"['Comedy & Humor', 'Electronic & Digital Media', 'Popular Culture & Media']"
9927686698201420.0,hawkeye superhero science fiction comic book strip etc,"['Science Fiction & Fantasy', 'Comics & Graphic Novels']"
9928408231001420.0,family secret woman author manor gothic fiction literary genre fantasy comic_strip graphic work novel,"['Comedy & Humor', 'Documentary']"
9928215258901420.0,comic_strip graphic work,['Comedy & Humor']
9927807000401420.0,hellboy hero comic book strip etc graphic novel,['Comics & Graphic Novels']
9927864181801420.0,xenophobia haunted house muslim woman comic book strip etc graphic novel,['Comics & Graphic Novels']
9927826314001420.0,superhero thano avenger fictitious character extraterrestrial being supervillains science fiction comic book strip etc,"['Electronic & Digital Media', 'Comics & Graphic Novels']"
9927786413101420.0,invisible fictitious character comic book strip etc comic_strip graphic work novel,"['Electronic & Digital Media', 'Comics & Graphic Novels']"
9927686699501420.0,iron man science fiction comic book strip etc young adult american,"['Comics & Graphic Novels', 'Children & Young Adult']"
9928068463201420.0,olsen jimmy superman superhero fictitious character humorous story comic_strip fiction comic book strip etc graphic work novel comedy humor,"['Comedy & Humor', 'Electronic & Digital Media', 'Comics & Graphic Novels']"
9928045786401420.0,joker supervillains comic_strip graphic work superhero novel,['Comics & Graphic Novels']
9927585157201420.0,justice league america fictitious character superhero supervillains,['Electronic & Digital Media']
9927879978401420.0,inhuman fictitious character superhero good and evil comic book strip etc comic_strip graphic work novel,"['Electronic & Digital Media', 'Comics & Graphic Novels']"
9927477714001420.0,superman wonder woman hero comic book strip etc graphic novel,['Comics & Graphic Novels']
9927728685101420.0,woman hero castle sex role comic book strip etc united states comic_strip graphic work fantasy novel,"['Comics & Graphic Novels', 'Popular Culture & Media']"
9927896913401420.0,extraterrestrial being emigration and immigration comic book strip etc graphic novel science fiction comic_strip,"['Broadcasting & Television', 'Comics & Graphic Novels']"
9927896912101420.0,girl imaginary war and battle insurgency comic book strip etc dystopian comic_strip graphic novel,['Comics & Graphic Novels']
9927686074101420.0,punk culture,['Popular Culture & Media']
9927964609101420.0,devil comic book strip etc fantasy graphic novel,['Comics & Graphic Novels']
9927685690401420.0,satire american wit and humor pictorial comedy humor,['Comedy & Humor']
9927898914001420.0,science fiction comic book strip etc superhero comic_strip graphic novel work,['Comics & Graphic Novels']
9928382815801420.0,child criminal billionaire webcomic theft revenge graphic novel fiction only australia thriller comic_strip children juvenile young,"['Comics & Graphic Novels', 'Children & Young Adult']"
9927901813601420.0,mata hari world war woman spy secret service biographical comic book strip etc comic_strip graphic work novel historical,['Comics & Graphic Novels']
9928329254901420.0,sciacchitano carl david father and son tet offensive vietnam war post traumatic stress disorder graphic novel biographical comic_strip,"['Comedy & Humor', 'Modernism & Postmodernism', 'Children & Young Adult']"
9927898012401420.0,mister miracle big barda darkseid escape artist comic book strip etc united states cartoon and comic_strip superhero graphic work novel,['Comics & Graphic Novels']
9927686708201420.0,spy woman journalist memory,"['Science Fiction & Fantasy', 'Holocaust & Jewish Studies', 'Modernism & Postmodernism']"
9927788519201420.0,teenage girl asia psychic ability monster extraterrestrial being magic comic book strip etc steampunk comic_strip fantasy horror graphic work novel horror gothic supernatural,"['Comedy & Humor', 'Horror & Mystery', 'Comics & Graphic Novels']"
9927755301601420.0,teenage girl psychic ability monster comic book strip etc united states steampunk comic_strip graphic novel work,"['Comedy & Humor', 'Comics & Graphic Novels']"
9927788519301420.0,teenage girl psychic ability monster asia steampunk comic book strip etc social condition comic_strip fantasy fiction graphic novel horror horror gothic supernatural,"['Comedy & Humor', 'Horror & Mystery', 'Comics & Graphic Novels']"
9928037997401420.0,morbius vampire science fiction comic book strip etc graphic novel young adult comic_strip work superhero paranormal,"['Comedy & Humor', 'Comics & Graphic Novels']"
9928210159601420.0,imaginary place adventure and adventurer monster fantasy comic_strip graphic work novel,['Comedy & Humor']
9928090670201420.0,miss person father and son new york technology state graphic novel,"['Comedy & Humor', 'Journalism & Politics', 'Children & Young Adult']"
9927898012301420.0,nancy girl comic book strip etc comic_strip graphic work,['Comics & Graphic Novels']
9927685693301420.0,terrorism science fiction comic book strip etc young adult american,"['Comics & Graphic Novels', 'Children & Young Adult']"
9927685687701420.0,young adult fiction american science comic book strip etc,"['Science Fiction & Fantasy', 'Comics & Graphic Novels', 'Children & Young Adult']"
9928125858001420.0,dystopias nihilism graphic novel comic book strip etc,['Comics & Graphic Novels']
9928045786301420.0,imaginary war and battle mercenary troop soldier immortality action adventure comic_strip graphic work novel,"['Comedy & Humor', 'Comics & Graphic Novels']"
9927879978301420.0,superhero supervillains good and evil comic book strip etc graphic novel united states comic_strip work,['Comics & Graphic Novels']
9927964611801420.0,women physician woman superhero ability life change event good and evil comic_strip graphic novel comic book strip etc,['Comics & Graphic Novels']
9927736043801420.0,demoniac possession demonology,[]
9928076165601420.0,time travel papergirl comic book strip etc erin mac tiffany science fiction united states adventure story comic_strip action and graphic novel work,"['Comedy & Humor', 'Comics & Graphic Novels']"
9927755301501420.0,papergirl time travel comic book strip etc united states action and adventure comic_strip graphic work novel science fiction,['Comics & Graphic Novels']
9927879652201420.0,schulz brown snoopy comic book strip etc,['Comics & Graphic Novels']
9928127759601420.0,brown snoopy van pelt linus lucy child dog postage stamp comic_strip graphic work children juvenile young,"['Comedy & Humor', 'Children & Young Adult']"
9927865199701420.0,brown snoopy child dog american wit and humor pictorial comic book strip etc comic_strip graphic work children juvenile young comedy humor,"['Comedy & Humor', 'Comics & Graphic Novels', 'Children & Young Adult']"
9927865199901420.0,schulz peanut american wit and humor pictorial comic book strip etc comic_strip graphic work comedy humor,"['Comedy & Humor', 'Comics & Graphic Novels']"
9927865199801420.0,comic_strip graphic work,['Comedy & Humor']
9928411825701420.0,japanese americans world war hiroshima shi japan hawaii comic book strip etc united states force removal and internment cartoon comic_strip historical graphic work novel,['Comics & Graphic Novels']
9927728685001420.0,comic book strip etc phantom fictitious character superhero criticism interpretation,"['Electronic & Digital Media', 'Comics & Graphic Novels']"
9928411825501420.0,cosplay soft toy cannibalism serial murderer horror comic_strip graphic novel horror gothic supernatural,"['Comedy & Humor', 'Horror & Mystery']"
9928412160401420.0,poison ivy woman antihero ecoterrorism superhero comic_strip queer graphic novel work,['Comics & Graphic Novels']
9928216081401420.0,american wit and humor pictorial comic_strip graphic work comedy humor,['Comedy & Humor']
9928216651401420.0,friendship interpersonal relation animal comic_strip graphic work,['Comics & Graphic Novels']
9928216651301420.0,american wit and humor pictorial nonfiction comic_strip graphic work comedy humor,['Comedy & Humor']
9927805713501420.0,woman president comic book strip etc graphic novel,['Comics & Graphic Novels']
9927808355601420.0,revenge,[]
9927864038601420.0,comic book strip etc,['Comics & Graphic Novels']
9927964611301420.0,police officer end the world science fiction comic book strip etc apocalyptic comic_strip graphic novel,['Comics & Graphic Novels']
9927806013701420.0,assassin woman soldier comic book strip etc comic_strip graphic work novel,['Comics & Graphic Novels']
9928068373501420.0,crime private investigator miss person occultism,['Children & Young Adult']
9928037692001420.0,crime miss person occultism nineteen eighty seventy los angeles calif graphic novel manner and custom california,"['Comedy & Humor', 'Children & Young Adult']"
9927964610701420.0,crime nineteen eighty los angeles calif california graphic novel comic book strip etc comic_strip work detective and mystery history,"['Horror & Mystery', 'Comics & Graphic Novels']"
9928037997301420.0,secret society librarian science fiction comic_strip graphic work comic book strip etc humor novel comedy humor,"['Comedy & Humor', 'Comics & Graphic Novels']"
9927821813801420.0,conspiracy detective and mystery comic book strip etc,"['Horror & Mystery', 'Comics & Graphic Novels']"
9927821813701420.0,conspiracy catholic church alternative history fiction comic book strip etc graphic novel,['Comics & Graphic Novels']
9928070840501420.0,robin comic book strip etc criticism interpretation,['Comics & Graphic Novels']
9928215351401420.0,space vehicle science fiction comic strip book graphic novel comic_strip work etc,['Comics & Graphic Novels']
9928065309401420.0,presidential candidate president attempt assassination assassin superhero detective and mystery comic book strip etc comic_strip science fiction graphic novel work,['Comics & Graphic Novels']
9927814901901420.0,runaway fictitious character teenager superhero organize crime los angeles calif california comic book strip etc graphic novel comic_strip work,"['Electronic & Digital Media', 'Comics & Graphic Novels']"
9927728684901420.0,runaway fictitious character teenager graphic novel comic_strip work comic book strip etc science fiction,"['Electronic & Digital Media', 'Comics & Graphic Novels']"
9927788519101420.0,imaginary war and battle family extraterrestrial being interracial marriage parent exceptional child comic_strip graphic work comic book strip etc fantasy novel romance science fiction children juvenile young,"['Comics & Graphic Novels', 'Children & Young Adult']"
9927755301401420.0,imaginary war and battle family extraterrestrial being interracial marriage parent exceptional child comic book strip etc science fiction comic_strip fantasy graphic novel work children juvenile young,"['Comics & Graphic Novels', 'Children & Young Adult']"
9927836112301420.0,sandman legendary character dream death horror comic book strip etc graphic novel comic_strip work horror gothic supernatural,"['Horror & Mystery', 'Comics & Graphic Novels']"
9927736049601420.0,sandman comic book strip etc comic_strip graphic work,['Comics & Graphic Novels']
9927685910901420.0,sandman legendary character dream death comic book strip etc fantasy graphic novel horror horror gothic supernatural,"['Horror & Mystery', 'Comics & Graphic Novels']"
9928071884801420.0,fantasy comic book strip etc comic_strip graphic work,['Comics & Graphic Novels']
9927611911701420.0,sandman legendary character creation,"['Electronic & Digital Media', 'Documentary']"
9928385922701420.0,conduct life young adult generation,"['Poetry', 'Children & Young Adult']"
9927898811401420.0,mcduck scrooge duck,[]
9927964612001420.0,african americans young adult come age family love graphic novel adaptation comic_strip comic book strip etc apocalyptic,"['Comedy & Humor', 'Comics & Graphic Novels']"
9928412160301420.0,superhero apocalyptic comic_strip science fiction spy graphic novel,"['Science Fiction & Fantasy', 'Comics & Graphic Novels']"
9927864181301420.0,shade young woman extraterrestrial being comic book strip etc comic_strip graphic work novel science fiction,['Comics & Graphic Novels']
9927807302301420.0,good and evil superhero comic_strip graphic work,['Comics & Graphic Novels']
9927896913301420.0,shuri black panther woman superhero miss person princess inventor africa hero and heroine science fiction comic book strip etc young adult graphic novel comic_strip work,"['Comics & Graphic Novels', 'Children & Young Adult']"
9927685693201420.0,new avenger fictitious character superhero comic book strip etc graphic novel,"['Electronic & Digital Media', 'Comics & Graphic Novels']"
9928197576901420.0,murder motion picture actor and actress comic book strip etc united states detective mystery comic_strip graphic work novel,"['Horror & Mystery', 'Comics & Graphic Novels']"
9928067784901420.0,slaughter erica miss child monster wisconsin children juvenile young,['Children & Young Adult']
9927896913201420.0,nobility assassin princess knight and knighthood comic book strip etc fantasy comic_strip romance graphic novel work,['Comics & Graphic Novels']
9927864033601420.0,united states gay communism people comic book strip etc graphic novel,['Comics & Graphic Novels']
9927686190501420.0,superhero good and evil,['Comics & Graphic Novels']
9927987312001420.0,spider man carnage graphic novel science fiction comic book strip etc united states comic_strip work superhero,['Comics & Graphic Novels']
9927686708301420.0,spider man superhero supervillains good and evil comic book strip etc science fiction,['Comics & Graphic Novels']
9927686708601420.0,spider man superhero supervillains good and evil,['Comics & Graphic Novels']
9927686708401420.0,spider man superhero supervillains graphic novel,['Comics & Graphic Novels']
9927902013201420.0,spider man superhero biography science fiction comic book strip etc comic_strip graphic work novel,['Comics & Graphic Novels']
9927804605301420.0,comic_strip graphic work,['Comedy & Humor']
9927898011601420.0,mafia man woman relationship crime comic book strip etc comic_strip graphic work,"['Comics & Graphic Novels', 'Mass Media & Communication']"
9927902013101420.0,homeless teenager orphan teenage girl skateboarder superhero adventure and adventurer comic book strip etc graphic novel action comic_strip,"['Comedy & Humor', 'Comics & Graphic Novels']"
9928407647601420.0,supergirl superhero comic_strip graphic novel work,['Comics & Graphic Novels']
9927864040801420.0,superman supergirl fictitious character superhero comic book strip etc comic_strip graphic novel work,"['Electronic & Digital Media', 'Comics & Graphic Novels']"
9927901813401420.0,superman good and evil superhero earth planet comic book strip etc graphic novel comic_strip work,['Comics & Graphic Novels']
99198377201421.0,superman electronic book,"['Electronic & Digital Media', 'Comics & Graphic Novels']"
9927720638301420.0,superman comic strip superhero hero mass medium myth popular culture book etc,"['Comics & Graphic Novels', 'Popular Culture & Media', 'Mass Media & Communication']"
9927685688801420.0,superman legion super hero fictitious character graphic novel science fiction comic book strip etc,"['Electronic & Digital Media', 'Comics & Graphic Novels']"
9927686208701420.0,superman graphic novel,['Comics & Graphic Novels']
9927685688601420.0,superman,['Comics & Graphic Novels']
9927686073601420.0,superman superhero,['Comics & Graphic Novels']
9928216650701420.0,superman comic_strip graphic work superhero novel,['Comics & Graphic Novels']
9928049798301420.0,comic book strip etc literature and society superman jewish superhero jews united states,"['Holocaust & Jewish Studies', 'Comics & Graphic Novels']"
9927608594601420.0,superman superhero,['Comics & Graphic Novels']
9927686708001420.0,superman comic book strip etc superhero good and evil life other planet metropolis imaginary place,"['Comedy & Humor', 'Comics & Graphic Novels']"
9925505710001420.0,siegel jerry shuster joe comics inc superman comic book strip etc superhero,['Comics & Graphic Novels']
9927736048601420.0,superman comic book strip etc film mass medium united states,"['Comics & Graphic Novels', 'Mass Media & Communication']"
9927876913001420.0,swamp thing paranormal fiction nature story hero horror comic book strip etc graphic novel comic_strip work science horror gothic supernatural,"['Horror & Mystery', 'Comics & Graphic Novels']"
9928068373001420.0,end the world survival animal mutation,['Comics & Graphic Novels']
9928211658801420.0,teen titans fictitious character superhero hero and heroine comic book strip etc graphic novel comic_strip work,"['Electronic & Digital Media', 'Comics & Graphic Novels']"
9927964611901420.0,space warfare criminal child comic book strip etc canada science fiction comic_strip graphic novel work action and adventure children juvenile young,"['Comics & Graphic Novels', 'Children & Young Adult']"
9928056886101420.0,popeye comic book strip etc,['Comics & Graphic Novels']
9927685688701420.0,thor god norse hero superhero fantasy comic book strip etc norway,['Comics & Graphic Novels']
99220116601421.0,thor superhero graphic novel,['Comics & Graphic Novels']
99228233301421.0,thermopylae battle greece leonidas xerxe graphic novel,['Comedy & Humor']
9928076681101420.0,biro comic book strip etc united states graphic novel comic_strip work,['Comics & Graphic Novels']
9927806003801420.0,antihero journalist comic book strip etc graphic novel,['Comics & Graphic Novels']
9928197576501420.0,janitor astrophysic multiverse african americans science fiction comic book strip etc action and adventure comic_strip graphic work afrofuturist novel humorous comedy humor,"['Comedy & Humor', 'Comics & Graphic Novels']"
9927865199501420.0,androids family superhero comic_strip comic book strip etc graphic work novel science fiction,['Comics & Graphic Novels']
9928071442901420.0,zombie survivalism comic book strip etc united states horror comic_strip graphic novel work horror gothic supernatural,"['Horror & Mystery', 'Comics & Graphic Novels']"
9928040997601420.0,warlock superhero graphic novel,['Comics & Graphic Novels']
99198402101421.0,moore alan graphic novel watchman motion picture film adaptation,"['Comedy & Humor', 'Film & Theater']"
99198392201421.0,moore alan comic book strip etc,['Comics & Graphic Novels']
9927804510501420.0,canada united states imaginary war and battle graphic novel diplomatic relation science fiction comic_strip work document comic book strip etc,['Comics & Graphic Novels']
9927898011301420.0,television weathercaster meteorologist terrorism mass murder investigation mar planet science fiction comic book strip etc comic_strip graphic novel,['Comics & Graphic Novels']
9927480602601420.0,gay man sex,"['Gender & Sexuality Identity', 'Comedy & Humor', 'Popular Culture & Media']"
9928209657901420.0,witch occultism world war fantasy comic book strip etc graphic novel comic_strip,['Comics & Graphic Novels']
9927906303001420.0,god popular music trade celebrity comic_strip graphic work novel comic book strip etc,"['Comedy & Humor', 'Comics & Graphic Novels']"
9928073054501420.0,monster magician magic demonology comic_strip graphic work novel paranormal fantasy horror action and adventure horror gothic supernatural,"['Comedy & Humor', 'Horror & Mystery']"
9927686208801420.0,wolverine brainwash hero good and evil comic book strip etc comic_strip graphic work novel,['Comics & Graphic Novels']
9927716900601420.0,literature and society comic book strip etc woman wonder united states,"['Holocaust & Jewish Studies', 'Comics & Graphic Novels']"
9927556293201420.0,wonder woman comic book strip etc bondage sexual behavior literature feminism fictitious character united states,"['Gender & Sexuality Identity', 'Electronic & Digital Media', 'Comics & Graphic Novels']"
9928168958601420.0,wonder woman fictitious character cartoon art history,['Electronic & Digital Media']
9927993369201420.0,wonder woman superhero regression civilization imaginary war and battle monster,['Comics & Graphic Novels']
9927501513401420.0,marston moulton wonder woman superhero feminism right,"['Gender & Sexuality Identity', 'Comics & Graphic Novels']"
99173647301421.0,marston moulton wonder woman comic strip superhero book etc graphic novel,['Comics & Graphic Novels']
9927501513301420.0,wonder woman superhero comic book strip etc,['Comics & Graphic Novels']
9927813571301420.0,wonder woman superhero comic book strip etc comic_strip graphic work novel,['Comics & Graphic Novels']
9927813571501420.0,wonder woman superhero supervillains comic book strip etc graphic novel science fiction comic_strip,['Comics & Graphic Novels']
9927685692901420.0,wonder woman,"['Gender & Sexuality Identity', 'Comics & Graphic Novels']"
9928045786101420.0,wonder woman superhero supervillains imaginary war and battle comic_strip,['Comics & Graphic Novels']
9927716899701420.0,wonder woman comic book strip etc philosophy literature,"['Gender & Sexuality Identity', 'Comics & Graphic Novels']"
9927686696701420.0,man fictitious character science fiction comic book strip etc superhero,"['Electronic & Digital Media', 'Comics & Graphic Novels']"
9927686208401420.0,man fictitious character mutation biology hero science fiction comic book strip etc,"['Electronic & Digital Media', 'Comics & Graphic Novels']"
9927686699101420.0,man fictitious character,['Electronic & Digital Media']
9927906981601420.0,man fictitious character mutation biology superhero human robot interaction comic book strip etc science fiction comic_strip graphic novel work,"['Electronic & Digital Media', 'Comics & Graphic Novels']"
9927956892401420.0,man fictitious character jews holocaust jewish germany comic book strip etc graphic novel,"['Electronic & Digital Media', 'Comics & Graphic Novels', 'Holocaust & Jewish Studies']"
9927814901801420.0,man fictitious character superhero mutation biology good and evil comic book strip etc comic_strip science fiction graphic novel work,"['Electronic & Digital Media', 'Comics & Graphic Novels']"
9927685691701420.0,man fictitious character hero,['Electronic & Digital Media']
9927686074701420.0,epidemic chromosome comic book strip etc,['Comics & Graphic Novels']
9927686697001420.0,avenger fictitious character superhero,['Electronic & Digital Media']
9927806888301420.0,fantastic four fictitious character superhero zombie,['Electronic & Digital Media']
9928098776001420.0,beaton kate petroleum industry and trade psychic trauma canada comic_strip graphic work,"['Comedy & Humor', 'Journalism & Politics']"
9928038098201420.0,teenager miss person rural condition canada detective and mystery comic_strip graphic work novel,"['Comedy & Humor', 'Horror & Mystery', 'Children & Young Adult']"
9928037997501420.0,teenager child detective boarding school student atlantic coast canada rural condition young adult work fiction graphic novel comic_strip and mystery paranormal children juvenile young,"['Comedy & Humor', 'Children & Young Adult']"
9927906400801420.0,actaeon artemis sex offender woman stalk comic book strip etc graphic novel,['Comics & Graphic Novels']
9928121792601420.0,teenager young woman,"['Gender & Sexuality Identity', 'Children & Young Adult']"
9927787450201420.0,interstellar travel man woman relationship comic book strip etc comic_strip graphic work novel science fiction,"['Comics & Graphic Novels', 'Mass Media & Communication']"
9928216080101420.0,remarry people wife lake supernatural deception ghost comic_strip horror graphic novel horror gothic supernatural,"['Comedy & Humor', 'Horror & Mystery']"
9928150056301420.0,vampire castle shapeshifte lesbian graphic novel comic_strip work erotic horror horror gothic supernatural,"['Comedy & Humor', 'Horror & Mystery']"
9927898012601420.0,city and town authority community science fiction comic book strip etc allegory graphic novel,"['Poetry', 'Science Fiction & Fantasy', 'Comics & Graphic Novels']"
9927787460801420.0,woman feminism comic book strip etc dystopian comic_strip graphic novel,"['Poetry', 'Comics & Graphic Novels']"
9927906981801420.0,surrealism bureaucracy psychological fiction comic_strip dystopian satirical literature humorous comic book strip etc graphic work novel comedy humor,"['Comedy & Humor', 'Comics & Graphic Novels']"
9928269158901420.0,delisle guy korea graphic novel civilization politic and government social condition travel young adult fiction work comic_strip comic book strip etc,"['Science Fiction & Fantasy', 'Comedy & Humor', 'Comics & Graphic Novels', 'Children & Young Adult']"
9928044550701420.0,delisle guy cartoonist summer employment factory paper mill industry worker canada young adult non fiction graphic novel comic_strip work autobiographical come age,['Comedy & Humor']
9928077081801420.0,doucet julie cartoonist man woman relationship love letter france canada comic_strip graphic work autobiographical novel nonfiction,"['Comedy & Humor', 'Mass Media & Communication']"
9928091168901420.0,mennonite big church social change rural condition small city and town life comic_strip graphic work novel problem fiction,"['Poetry', 'Comedy & Humor']"
9927898013601420.0,religious leader cult member comic book strip etc graphic novel,['Comics & Graphic Novels']
9927898013501420.0,adventure and adventurer apprentice vehicle good evil comic book strip etc science fiction graphic novel comic_strip action,['Comics & Graphic Novels']
9927898013301420.0,comic book strip etc canada comic_strip graphic work,['Comics & Graphic Novels']
9927898011901420.0,friendship gardens graphic book comic strip etc novel fantasy comic_strip,['Comics & Graphic Novels']
9927898811301420.0,apartment computer comic book strip etc comic_strip graphic work novel,['Comics & Graphic Novels']
9928054893201420.0,lesbian couple dysfunctional family sister sexual minority gender identity graphic novel fiction only literary study criticism domestic comic book strip etc gay,"['Electronic & Digital Media', 'Comics & Graphic Novels']"
9928216081801420.0,video gamer good friend and evil,"['Broadcasting & Television', 'Comics & Graphic Novels']"
9927695105401420.0,welder person underwater weld and cut father son fatherhood,['Children & Young Adult']
9928068373101420.0,lenoir axelle gay youth biography comic_strip graphic work fiction novel,['Comedy & Humor']
9927806000301420.0,orphan ontario country life family hockey comic book strip etc graphic novel young adult fiction american canadian,"['Comedy & Humor', 'Comics & Graphic Novels']"
9927864038501420.0,survival animal mutation end the world graphic novel apocalyptic comic_strip comic book strip etc work horror horror gothic supernatural,"['Horror & Mystery', 'Comics & Graphic Novels']"
9927814901701420.0,corporate culture law office come age graphic novel comic book strip etc,['Comics & Graphic Novels']
9928149957601420.0,ukraine social condition history comic_strip graphic work novel historical,"['Comedy & Humor', 'Children & Young Adult']"
9927805713301420.0,bird snake comic_strip graphic work novel comic book strip etc fable,['Comics & Graphic Novels']
9928066671801420.0,occultism environmental science comic_strip graphic work,['Comics & Graphic Novels']
9927899208901420.0,brother sale personnel family own business enterprise fan machinery canada manner and custom comic book strip etc graphic novel,"['Comedy & Humor', 'Comics & Graphic Novels']"
9927790312101420.0,seth cartoonist comic book strip etc graphic novel canada,['Comics & Graphic Novels']
9924670620001420.0,sim dave cartoonist,['Electronic & Digital Media']
9928121792501420.0,spector shira lesbian miscarriage grief loss psychology parent and child children juvenile young,['Children & Young Adult']
9927806914001420.0,transgender people gender identity come out sexual orientation sex change,"['Comedy & Humor', 'Holocaust & Jewish Studies']"
9927808356701420.0,woman anthology comic_strip document graphic novel short story comic book strip etc work,"['Electronic & Digital Media', 'Comics & Graphic Novels']"
9928411800301420.0,spring break female friendship college student interpersonal relation canadian new york lesbian state united states people graphic novel fiction only comic_strip work come age travel queer,"['Comedy & Humor', 'Journalism & Politics', 'Comics & Graphic Novels']"
9928382819101420.0,high school student video gamer game monster,"['Comedy & Humor', 'Broadcasting & Television', 'Popular Culture & Media']"
9928332359601420.0,vellekoop maurice gay cartoonist realization canada autobiography comic_strip come age autobiographical graphic novel nonfiction,['Comedy & Humor']
9927902013901420.0,actor run las vegas nev comic book strip etc canada nevada graphic novel comic_strip work,['Comics & Graphic Novels']
9927707896101420.0,comic book strip etc adolescence,['Comics & Graphic Novels']
9927798712801420.0,clown penis defecation disorder christianity demonology vampire hell horror comic book strip etc comic_strip graphic work horror gothic supernatural,"['Horror & Mystery', 'Comics & Graphic Novels']"
9927707896201420.0,world history character and characteristic literature feminism canadian wit humor pictorial comic book strip etc comic_strip graphic work historical humorous comedy humor,"['Comedy & Humor', 'Comics & Graphic Novels']"
9928411825601420.0,truck driver monster comic book strip etc automobile travel fantasy comic_strip horror graphic novel thriller work horror gothic supernatural,"['Horror & Mystery', 'Comics & Graphic Novels']"
9927787460901420.0,graphic novel comic book strip etc,['Comics & Graphic Novels']
99220382801421.0,comic book strip etc,['Comics & Graphic Novels']
9927898014001420.0,survival high rise apartment building fire london england comic book strip etc comic_strip graphic work novel nonfiction,"['Comedy & Humor', 'Comics & Graphic Novels']"
9928197579001420.0,married people totalitarianism horror story comic_strip graphic work fiction dystopian novel horror gothic supernatural,"['Comedy & Humor', 'Horror & Mystery']"
9928316532001420.0,young woman drug traffic courier dog underwear amazon river region comic book strip etc england black humor graphic novel humorous comic_strip work comedy humor,"['Comedy & Humor', 'Comics & Graphic Novels']"
9927788912801420.0,mental illness mentally ill stigma social psychology comic book strip etc comic_strip graphic work nonfiction,"['Comedy & Humor', 'Film & Theater', 'Comics & Graphic Novels']"
9928065310801420.0,loki mythology norse god and goddesse good evil hero heroine young adult fiction fantasy paranormal science mythological comic_strip graphic novel work,"['Comedy & Humor', 'Comics & Graphic Novels']"
9928197579301420.0,huxley aldous passivity psychology genetic engineering totalitarianism collectivism dystopias brave new world adaptation psychological comic_strip political graphic work science fiction dystopian novel,"['Science Fiction & Fantasy', 'Comedy & Humor']"
9928066672901420.0,gatsby jay buchanan daisy long island man woman relationship upper class rich people fictional work,"['Comedy & Humor', 'Mass Media & Communication']"
9927825598501420.0,finch atticus scout radley boo father and daughter race relation trial rape girl african americans southern state alabama graphic novel comic_strip work domestic fiction bildungsroman legal literature,"['Comedy & Humor', 'Journalism & Politics']"
9927898011701420.0,snow white tale queen stepdaughter princess good and evil fantasy comic book strip etc graphic novel comic_strip work,['Comics & Graphic Novels']
9927811713601420.0,holmes sherlock murder private investigator nobility monster detective and mystery comic book strip etc graphic novel science fiction horror comic_strip horror gothic supernatural,"['Horror & Mystery', 'Comics & Graphic Novels']"
9927964613101420.0,science comic book strip etc cartoon humor comic_strip graphic work novel comedy humor,"['Comedy & Humor', 'Comics & Graphic Novels']"
9927804605901420.0,lunar basis moon police space colony exploration comic book strip etc science fiction comic_strip graphic novel,['Comics & Graphic Novels']
9927686696901420.0,god superhero immortality fantasy comic book strip etc science fiction england graphic novel,['Comics & Graphic Novels']
9927864039801420.0,civilization ancient storyteller quest expedition comic book strip etc graphic novel,['Comics & Graphic Novels']
9927906981701420.0,family sister games imagination imaginary place historical fiction young adult graphic novel comic book strip etc fantasy comic_strip biographical work,"['Comedy & Humor', 'Comics & Graphic Novels']"
9928091169301420.0,sex virtual human artificial intelligence sexual fantasy election boundary psychology comic_strip graphic work novel political,['Comedy & Humor']
9928216080301420.0,woman softball player sport rivalry team lesbian athlete gender nonconforme people graphic novel england comic_strip work queer romance genderqueer,['Comedy & Humor']
9928216080001420.0,gull boy comic book strip etc graphic novel great britain story without word wordless comic_strip work,['Comics & Graphic Novels']
9927964613501420.0,run race england comic book strip etc comic_strip graphic work fantasy novel,['Comics & Graphic Novels']
9928315259001420.0,mcphail will caricature and cartoon english wit humor pictorial scotland comedy humor,['Comedy & Humor']
9928412160101420.0,mckenzie emilia suicide victim friendship grief illustrator bereavement friend depressive disorder comic_strip graphic novel nonfiction biography memoir contemporary woman literary personal narrative autobiographical work psychological medicine,['Comedy & Humor']
9927792637001420.0,jack horror comic book strip etc horror gothic supernatural,"['Horror & Mystery', 'Comics & Graphic Novels']"
9928065311001420.0,jack detective and mystery comic book strip etc comic_strip graphic work novel,"['Horror & Mystery', 'Comics & Graphic Novels']"
9927686074501420.0,league extraordinary gentleman fictitious character comic book strip etc adventure and adventurer horror graphic novel comic_strip work horror gothic supernatural,"['Electronic & Digital Media', 'Horror & Mystery', 'Comics & Graphic Novels']"
9927786291801420.0,united states lovecraft occultism supernatural murder comic book strip etc employee homicide graphic novel mystery horror occult fiction comic_strip work horror gothic supernatural,"['Horror & Mystery', 'Comics & Graphic Novels']"
9927685690701420.0,totalitarianism graphic novel,['Comedy & Humor']
99149263501421.0,comic book strip etc,['Comics & Graphic Novels']
9927733823501420.0,moore alan superhero,['Comics & Graphic Novels']
9924670640001420.0,moore alan interview,['Broadcasting & Television']
9928066674101420.0,,[]
9925649290001420.0,moore alan,[]
9928040997701420.0,blaise modesty woman detective comic book strip etc and mystery spy great britain,"['Horror & Mystery', 'Comics & Graphic Novels']"
9927590412801420.0,lovelace ada king babbage mathematician calculator computer imaginary history,"['Comedy & Humor', 'Journalism & Politics', 'Mass Media & Communication']"
9928197577201420.0,phantom the opera paris lloyd webber andrew france composer graphic novel leroux gaston comic_strip adaptation work romance paranormal,['Comedy & Humor']
9927814914001420.0,sunderland england comic book graphic novel strip etc history,['Comics & Graphic Novels']
9927809113801420.0,sutcliffe peter medicine violence sex crime serial murderer comic book strip etc biographical comic_strip historical graphic novel,['Comics & Graphic Novels']
9928109381801420.0,murasaki shikibu court and courtier japan civilization comic_strip graphic work history translation novel adaptation historical,['Comedy & Humor']
9928067085501420.0,teenage girl women college student female friendship graphic novel comic_strip work,['Comedy & Humor']
9927964610401420.0,misty comic strip book etc gothic fiction literary genre goth culture subculture great britain criticism interpretation,"['Comics & Graphic Novels', 'Documentary']"
9937865701421.0,literature medieval latin and modern,['Film & Theater']
9924670530001420.0,comic book strip etc,['Comics & Graphic Novels']
9927487399101420.0,comic book strip etc imperialism popular culture france algeria indochina,"['Comics & Graphic Novels', 'Popular Culture & Media']"
9927813571801420.0,david epileptic epilepsy france comic book strip etc comic_strip graphic work novel,['Comics & Graphic Novels']
9928417774101420.0,france comic_strip graphic work novel,['Comedy & Humor']
9927787450101420.0,race relation immigrant refugee graphic novel comic_strip work,"['Comedy & Humor', 'Journalism & Politics']"
9927993913501420.0,sartre jean paul existentialism graphic novel,"['Comedy & Humor', 'Journalism & Politics', 'Mass Media & Communication']"
9928068374001420.0,refugee emigration and immigration survival family voyage travel human trafficking comic book strip etc immigrant smuggling paris france separation cote graphic novel fictional work translation comic_strip,"['Broadcasting & Television', 'Comics & Graphic Novels']"
9927717909501420.0,science fiction comic book strip etc,"['Science Fiction & Fantasy', 'Comics & Graphic Novels']"
9925477170001420.0,motion picture actor graphic novel,['Comedy & Humor']
9928149111901420.0,party teenager kleptomania friendship sexual minority,['Electronic & Digital Media']
9928090581901420.0,bench park grpahic novel comic_strip graphic work wordless,['Comedy & Humor']
9928091168701420.0,cohen benoit taxicab driver new york french motion picture producer and director state adaptation comic_strip graphic work novel,"['Comedy & Humor', 'Journalism & Politics', 'Film & Theater']"
9928083984401420.0,solitary confinement prison african american prisoner segregation louisiana graphic novel comic_strip work,['Comedy & Humor']
9927808356901420.0,dream comic book strip etc fantasy comic_strip graphic work,['Comics & Graphic Novels']
9928149112401420.0,world war waffen soldier marzabotto massacre france comic_strip graphic work historical fiction novel,"['Comedy & Humor', 'Comics & Graphic Novels']"
9928197577101420.0,scientist system theory suspense comic book strip etc comic_strip graphic work thriller novel,['Comics & Graphic Novels']
9928093312501420.0,shipwreck treasure trove salvage spain graphic novel comic_strip work action and adventure historical,['Comedy & Humor']
9928090582001420.0,united states radium corporation watch dial painter woman employee paint,['Gender & Sexuality Identity']
9928216643701420.0,short story murakami haruki comic book strip etc graphic novel japan manga comic_strip work,"['Electronic & Digital Media', 'Comics & Graphic Novels']"
9928071582701420.0,extraterrestrial being imaginary war and battle survival science fiction comic_strip graphic novel work,['Comics & Graphic Novels']
9928084472101420.0,pediatric cardiology heart child parent and comic_strip graphic work novel children juvenile young,"['Comedy & Humor', 'Children & Young Adult']"
9927864038901420.0,moebius good and evil interplanetary voyage space warfare comic book strip etc comic_strip graphic work novel,['Comics & Graphic Novels']
9927787461201420.0,moebius cartoonist creative ability dystopias graphic novel science fiction comic book strip etc comic_strip work,['Comics & Graphic Novels']
9928343176001420.0,protest movement woman musician political activist algeria algerian immigrant paris france graphic novel historical fiction biographical comic_strip,['Comedy & Humor']
9927902013001420.0,thermal val switzerland architecture student bathhouse hot spring alps swiss comic book strip etc graphic novel noir comic_strip,['Comics & Graphic Novels']
9928411826701420.0,knight and knighthood princess monster blessing curse fantasy comic_strip graphic novel,['Comedy & Humor']
9928332153501420.0,secret society alchemist immortalism apprentice king and ruler inheritance succession,"['Holocaust & Jewish Studies', 'Mass Media & Communication']"
9928076166501420.0,prophecy swordsman magic imaginary war and battle adventure story comic_strip graphic work fantasy action novel,"['Comedy & Humor', 'Comics & Graphic Novels']"
9927864181701420.0,food photographer comic book strip etc graphic novel,['Comics & Graphic Novels']
9928090581801420.0,shoe shiner soldier german americans new york comic book strip etc france state translation historical comic_strip graphic novel work,"['Journalism & Politics', 'Comics & Graphic Novels']"
9928411800001420.0,totalitarianism authoritarianism segregation underground area science fiction comic_strip graphic novel novellas,"['Science Fiction & Fantasy', 'Comedy & Humor']"
9927790110601420.0,captain america world war comic book strip etc graphic novel,['Comics & Graphic Novels']
9927786413401420.0,stalin soviet union comic book strip etc comic_strip graphic work novel historical fiction history,"['Comedy & Humor', 'Film & Theater', 'Comics & Graphic Novels']"
9927881281501420.0,joinovici world war capitalist and financier france collaborationist fiction,"['Science Fiction & Fantasy', 'Journalism & Politics']"
9928197578901420.0,dystopias france dystopian comic_strip science fiction graphic work novel,"['Science Fiction & Fantasy', 'Comedy & Humor']"
9927685691501420.0,woman iran manner and custom,['Comedy & Humor']
9985487501421.0,satrapi marjane comic book strip etc,['Comics & Graphic Novels']
9927685911101420.0,satrapi marjane iranian iran,[]
9928208619501420.0,satrapi marjane cartoonist girl iranian tehran iran biographical comic_strip nonfiction graphic work novel autobiography,['Comedy & Humor']
9928149113001420.0,girl child manner and custom paris france come age comic_strip domestic graphic work biographical humorous novel children juvenile young comedy humor,"['Comedy & Humor', 'Children & Young Adult']"
9927807611501420.0,world war comic book strip etc graphic novel,['Comics & Graphic Novels']
9928084471801420.0,refugee force migration syria syrian civil war comic strip book graphic novel history biographical comic_strip work,"['Comedy & Humor', 'Comics & Graphic Novels']"
9927808356201420.0,hell brother and sister scientist civilization subterranean comic book strip etc graphic novel comic_strip work fantasy horror horror gothic supernatural,"['Horror & Mystery', 'Comics & Graphic Novels']"
9928314153301420.0,man woman relationship date social custom comic book strip etc france illustrate graphic novel translation romance comic_strip work,"['Comedy & Humor', 'Comics & Graphic Novels', 'Mass Media & Communication']"
9928097402001420.0,salazar julia warren sofia legislator united states new york state comic strip book graphic novel comic_strip work nonfiction biographical autobiographical political,"['Comedy & Humor', 'Journalism & Politics', 'Comics & Graphic Novels']"
9927814902301420.0,explorer spouse woman poet english miss person voyage and travel graphic novel europe comic book strip etc comic_strip work detective mystery action adventure,['Comics & Graphic Novels']
9928216652801420.0,extraterrestrial being space warfare dystopian comic_strip graphic novel science fiction work,['Comics & Graphic Novels']
9927505693201420.0,social conflict stratification railroad train comic book strip etc,"['Comics & Graphic Novels', 'Mass Media & Communication']"
9927787450501420.0,single woman interpersonal relation loss psychology berlin germany comic book strip etc graphic novel,['Comics & Graphic Novels']
9928220564001420.0,sanitation worker hazardous waste graphic novel comic_strip work dystopian science fiction,"['Science Fiction & Fantasy', 'Comedy & Humor']"
9928065310701420.0,bly nellie woman journalist feminist philanthropist united states biography graphic novel comic_strip work biographical nonfiction,"['Science Fiction & Fantasy', 'Comedy & Humor']"
9927880138301420.0,latin americans mexican american border region social condition america comic book strip etc comic_strip graphic work,"['Comics & Graphic Novels', 'Children & Young Adult']"
9928051492501420.0,telepathy island science fiction comic book strip etc,"['Science Fiction & Fantasy', 'Comics & Graphic Novels']"
9927898811201420.0,castaway shipwreck survival treasure trove action and adventure comic_strip comic book strip etc graphic novel historical,['Comics & Graphic Novels']
9928411826001420.0,dark web dominance psychology sexual and submission snuff film sadism erotic comic book strip etc comic_strip graphic work horror novel horror gothic supernatural,"['Horror & Mystery', 'Comics & Graphic Novels']"
9928093312201420.0,woman graphic novel comic_strip work,['Comedy & Humor']
9928068374101420.0,future the friendship fast food restaurant hamburger adolescence science fiction comic book strip etc novellas comic_strip graphic work novel,['Comics & Graphic Novels']
9927785533501420.0,diego maid honor artist spain,[]
9927902013501420.0,brother and sister father vacation home reminisce dwelling child comic book strip etc graphic novel children juvenile young,"['Comics & Graphic Novels', 'Children & Young Adult']"
9927881281301420.0,world war russia federation comic book strip etc comic_strip graphic work novel nonfiction historical,"['Comedy & Humor', 'Comics & Graphic Novels']"
9943570901421.0,comic book strip etc politic and culture,['Comics & Graphic Novels']
9933403301421.0,comic book strip etc popular culture,"['Comics & Graphic Novels', 'Popular Culture & Media']"
9927879989601420.0,comic book strip etc graphic novel argentina brazil criticism interpretation history,['Comics & Graphic Novels']
9927862212501420.0,holiday billie african american woman singer jazz biographical comic_strip comic book strip etc graphic novel,['Comics & Graphic Novels']
9928216651001420.0,campbell eddie pandemic authorship autobiographical comic book strip etc comic_strip graphic novel work,['Comics & Graphic Novels']
9927898013801420.0,witch cat owl werewolf drug addict depressed person comic book strip etc comic_strip graphic work fantasy novel,"['Comics & Graphic Novels', 'Children & Young Adult']"
9928146644801420.0,witch werewolf owl musical group musician,"['Modernism & Postmodernism', 'Broadcasting & Television', 'Children & Young Adult']"
9928044550801420.0,quarantine witch cat addict,['Children & Young Adult']
9927864039001420.0,witch woman drug addict comic book strip etc comic_strip graphic work,['Comics & Graphic Novels']
9927964613701420.0,witch cat owl werewolf drug addict depressed person comic book strip etc comic_strip graphic work fantasy novel,"['Comics & Graphic Novels', 'Children & Young Adult']"
9928100973001420.0,gay man literary comic_strip graphic novel work,"['Gender & Sexuality Identity', 'Comedy & Humor']"
9928100973101420.0,comic book strip etc australia comic_strip graphic work,['Comics & Graphic Novels']
9928126157301420.0,lust ulli backpack teenage girl comic book strip etc,"['Comedy & Humor', 'Comics & Graphic Novels']"
9927808357301420.0,goblet dominique cartoonist belgium comic book strip etc graphic novel,['Comics & Graphic Novels']
99203223801421.0,cartoonist,['Electronic & Digital Media']
99227263401421.0,cartoonist,['Electronic & Digital Media']
9927964612801420.0,sailor alcoholic black humor comic book strip etc graphic novel sea fiction comedy humor,"['Comedy & Humor', 'Comics & Graphic Novels']"
9928345579001420.0,schrauwen thibault interior monologue surprise birthday party,['Gender & Sexuality Identity']
9927805713801420.0,leopard panther human animal relationship pet loss father and daughter graphic novel belgian comic book strip etc comic_strip work fantasy,['Comics & Graphic Novels']
9928064285601420.0,bermuda triangle island time travel teenage girl monster comic book strip etc fantasy comic_strip graphic novel work band,"['Comedy & Humor', 'Comics & Graphic Novels']"
9927685912001420.0,brazil,[]
9928044550901420.0,london england totalitarianism dystopias fiction political comic_strip science dystopian graphic novel adaptation work,"['Science Fiction & Fantasy', 'Comedy & Humor']"
9927901314001420.0,domestic animal fable english totalitarianism young adult fiction work comic_strip graphic novel political,['Comedy & Humor']
9928216082601420.0,comic book strip etc humorous story surrealism china wordless comic_strip graphic novel translation cartoon humor work experimental comedy humor,"['Comedy & Humor', 'Comics & Graphic Novels']"
9928097402101420.0,ebensperger gabriel gay man illustrator youth consciousness awareness social isolation nineteen ninety chile comic strip book graphic novel comic_strip work biographical,"['Comedy & Humor', 'Comics & Graphic Novels']"
9928071326101420.0,laozi dao jing taoism adaptation comic_strip graphic work novel,['Comedy & Humor']
9927786412901420.0,russell bertrand mathematician philosopher graphic novel biographical fiction comic book strip etc,['Comics & Graphic Novels']
9928197577001420.0,wish desire avarice depression mental jinn disease egypt social condition magic graphic novel fictional work fantasy fiction comic_strip medicine realist historical,"['Comedy & Humor', 'Children & Young Adult']"
99117679701421.0,goscinny uderzo comic book strip etc national characteristic belgian literature french,"['Gender & Sexuality Identity', 'Modernism & Postmodernism', 'Comics & Graphic Novels']"
9927901313601420.0,lithuanian americans work class meat industry and trade stockyards immigrant chicago ill illinois social problem fiction political comic_strip historical graphic novel adaptation comic book strip etc,"['Comedy & Humor', 'Comics & Graphic Novels']"
9928240645101420.0,mahabharata comic book strip etc india comic_strip graphic work,['Comics & Graphic Novels']
99220116701421.0,iran blog miss person,['Children & Young Adult']
9928411799701420.0,frank anne imaginary companion jews holocaust jewish refugee time travel yong adult fiction magic realist graphic novel comic_strip,"['Comedy & Humor', 'Holocaust & Jewish Studies']"
9927685691601420.0,suicide bombing father and son detective mystery comic book strip etc,"['Horror & Mystery', 'Children & Young Adult', 'Comics & Graphic Novels']"
9927685911001420.0,jewish woman grandmother israelis,"['Gender & Sexuality Identity', 'Holocaust & Jewish Studies']"
9928065309301420.0,ark the covenant antique jews palestinian arabs middle comic book strip etc fictional work graphic novel comic_strip fiction,['Comics & Graphic Novels']
9927686080301420.0,comic book strip etc graphic novel publisher and publishing japan united states,['Comics & Graphic Novels']
9928067785501420.0,comic book strip etc japan,['Comics & Graphic Novels']
9994677101421.0,comic book strip etc,['Comics & Graphic Novels']
99148597301421.0,comic book strip etc literacy popular culture sociolinguistic video game read education education teaching,"['Comics & Graphic Novels', 'Popular Culture & Media']"
99142437401421.0,comic book strip etc,['Comics & Graphic Novels']
99217149501421.0,comic book strip etc,['Comics & Graphic Novels']
9928066672201420.0,people with disability comic book strip etc mass medium japan criticism interpretation,"['Film & Theater', 'Comics & Graphic Novels', 'Mass Media & Communication']"
99227159201421.0,comic book strip etc animate television program popular culture,"['Broadcasting & Television', 'Comics & Graphic Novels', 'Popular Culture & Media']"
99227282301421.0,comic book strip etc girl popular culture woman the industry and trade,"['Comics & Graphic Novels', 'Popular Culture & Media']"
99145882301421.0,comic book strip etc,['Comics & Graphic Novels']
9928168751101420.0,comic book strip etc graphic novel literature and society manga popular culture japan criticism interpretation literary comic_strip,"['Comics & Graphic Novels', 'Popular Culture & Media']"
99227159301421.0,comic book strip etc animate film japan,['Comics & Graphic Novels']
9927864155101420.0,gay man japan graphic novel comic_strip erotic comic book strip etc,"['Comedy & Humor', 'Comics & Graphic Novels']"
9928415765001420.0,avenger fictitious character spider man superhero comic_strip manga illustrate work,"['Electronic & Digital Media', 'Comics & Graphic Novels']"
9927864026801420.0,teenager dysfunctional family comic book strip etc graphic novel translation,['Comics & Graphic Novels']
9928085179601420.0,contest survival good friend friendship adventure story comic_strip graphic work action and dystopian novel,['Comedy & Humor']
9927528214001420.0,magic graphic novel fantasy comic book strip etc,"['Comics & Graphic Novels', 'Children & Young Adult']"
9926880900001420.0,graphic novel,['Comedy & Humor']
9928084477501420.0,spy assassin psychic ability marriage graphic novel japan young adult fiction adventure story comic_strip work suspense action and humorous comedy humor,['Comedy & Humor']
9928069684401420.0,supernatural spirit manga comic_strip graphic work paranormal novel,"['Comedy & Humor', 'Horror & Mystery']"
9928224357501420.0,fujiwara maki tsuge yoshiharu actor family japan biographical comic_strip graphic novel autobiographical work nonfiction,['Comedy & Humor']
9928068373801420.0,come age youth japan comic_strip graphic work novel,['Comedy & Humor']
9928065311201420.0,transgender youth high school student clothing and dress graphic novel japan comic_strip work queer come age,['Comedy & Humor']
9928037691601420.0,volcanoes volcanic eruption supernatural cult homecoming japan,['Horror & Mystery']
9928037297801420.0,junji horror comic book strip etc graphic novel japan art interview horror gothic supernatural,"['Horror & Mystery', 'Comics & Graphic Novels']"
9928056886301420.0,military deserter world war deception father and child supernatural horror comic book strip etc revenge comic_strip short story graphic work paranormal fiction science novel children juvenile young horror gothic supernatural,"['Horror & Mystery', 'Children & Young Adult', 'Comics & Graphic Novels']"
9928332359201420.0,planet end the world father and daughter human alien encounter scientist relationship comic book strip etc horror comic_strip manga science fiction graphic novel work apocalyptic horror gothic supernatural,"['Horror & Mystery', 'Comics & Graphic Novels']"
9927898013201420.0,comic book strip etc japan horror anthology comic_strip document graphic novel translation work horror gothic supernatural,"['Horror & Mystery', 'Comics & Graphic Novels']"
9927964609401420.0,fish animal mutation japan horror comic book strip etc comic_strip graphic work novel translation horror gothic supernatural,"['Horror & Mystery', 'Comics & Graphic Novels']"
9927898012201420.0,man anxiety japan manner and custom psychological fiction comic book strip etc autobiographical comic_strip graphic novel work adaptation,"['Comedy & Humor', 'Comics & Graphic Novels']"
9928098175901420.0,funeral rite and ceremony weeper mourner schoolgirl serial murderer supernatural horror comic_strip paranormal graphic work novel short story horror gothic supernatural,"['Comedy & Humor', 'Horror & Mystery']"
9928407648001420.0,dust spirit perpetual motion village sibling blessing and curse turtle horror comic_strip paranormal manga graphic novel work short story horror gothic supernatural,"['Comedy & Humor', 'Horror & Mystery']"
9928064285301420.0,junji cat owner manga comic_strip graphic work autobiographical fiction novel,"['Comedy & Humor', 'Comics & Graphic Novels']"
9927898011801420.0,haunted house nightmare horror comic book strip etc manga translation short story comic_strip graphic novel work horror gothic supernatural,"['Horror & Mystery', 'Comics & Graphic Novels']"
99207585501421.0,horror comic book strip etc graphic novel ghost story japanese tale horror gothic supernatural,"['Horror & Mystery', 'Comics & Graphic Novels']"
9927880410801420.0,comic book strip etc femmes fatale girl murder japan,['Comics & Graphic Novels']
9927880410701420.0,spiral death graphic novel comic book strip etc,['Comics & Graphic Novels']
9928315258901420.0,supernatural homecoming suicide horror comic book strip etc comic_strip short story graphic novel work horror gothic supernatural,"['Horror & Mystery', 'Comics & Graphic Novels']"
9927823907501420.0,cyborgs young woman comic book strip etc science fiction comic_strip graphic work novel,"['Comedy & Humor', 'Comics & Graphic Novels']"
9927736411401420.0,samurai japan comic book strip etc,['Comics & Graphic Novels']
9928126230901420.0,witchcraft witch comic book strip etc japan horror comic_strip translation graphic novel work horror gothic supernatural,"['Horror & Mystery', 'Comics & Graphic Novels']"
9928065311101420.0,louvre fantasy comic book strip etc comic_strip,['Comics & Graphic Novels']
9928065309901420.0,peacekeeping force desert people extinct city graphic novel japan superhero comic_strip work apocalyptic science fiction,['Comics & Graphic Novels']
9928070520601420.0,table tennis player high school student athlete teenage boy sport tournament competition psychology japan young adult fiction comic_strip graphic work novel,['Comedy & Humor']
9928130071101420.0,prince voyage and travel grain,['Comedy & Humor']
99220435001421.0,man woman relationship arrange marriage graphic novel romance fiction asia central,"['Comedy & Humor', 'Mass Media & Communication']"
9927987210701420.0,intelligence officer graphic novel japan fiction juvenile work comic_strip,['Comics & Graphic Novels']
9927987210901420.0,intelligence officer supernatural monster imaginary war and battle new york state horror comic book strip etc comic_strip paranormal action adventure graphic novel horror gothic supernatural,"['Journalism & Politics', 'Horror & Mystery', 'Comics & Graphic Novels']"
9927807989101420.0,tsugumi death personification comic book strip etc fiction translation fantasy graphic novel,['Comics & Graphic Novels']
9928132058901420.0,tsugumi paranormal fiction japanese teenager death personification comic book strip etc graphic novel fantasy japan young adult translation comic_strip work horror horror gothic supernatural,"['Horror & Mystery', 'Comics & Graphic Novels']"
9927885013801420.0,surgery plastic model person erotic comic_strip graphic work comic book strip etc novel,['Comics & Graphic Novels']
9928077081901420.0,high school student bashfulness adolescence speech disorder shyness come age manga comic_strip graphic work novel,['Comedy & Humor']
99220398401421.0,school child gender identity children juvenile young,"['Holocaust & Jewish Studies', 'Children & Young Adult']"
9928329256501420.0,unidentified fly object human alien encounter mushroom japan parasitism graphic novel manga comic book horror comic_strip science fiction horror gothic supernatural,"['Horror & Mystery', 'Comics & Graphic Novels']"
9928407648101420.0,japan outcast social stratification class violence ninja samurai graphic novel comic_strip work manga action and adventure,['Comedy & Humor']
9928150658901420.0,gay teenager high school boy homosexuality friendship acceptance synesthesia mentor graphic novel sexual and gender minority adolescent friend concept homophobia japan fictional work comic_strip psychological manga,"['Comedy & Humor', 'Electronic & Digital Media']"
9927864181401420.0,father and daughter family gay man japan comic book strip etc comic_strip graphic novel work,"['Comedy & Humor', 'Comics & Graphic Novels']"
9928158259601420.0,teenage girl good and evil horror comic book strip etc short story graphic novel comic_strip work horror gothic supernatural,"['Comedy & Humor', 'Horror & Mystery', 'Comics & Graphic Novels']"
9926860690001420.0,teenager superhero comic book strip etc graphic novel,['Comics & Graphic Novels']
9926850600001420.0,graphic novel,['Comedy & Humor']
9926850610001420.0,graphic novel,['Comedy & Humor']
9928197578401420.0,sexual orientation gender identity,"['Electronic & Digital Media', 'Holocaust & Jewish Studies']"
9928121792001420.0,yanagita kunio sasaki kizen mizuki shigeru folklore,[]
9927902013301420.0,tsuge yoshiharu occupation career change japan manner and custom comic book strip etc graphic novel translation autobiographical comic_strip work,"['Comedy & Humor', 'Comics & Graphic Novels']"
9928039776301420.0,dystopias tokyo japan graphic novel comic_strip work,['Comedy & Humor']
9928066673801420.0,girl kidnap miss child storm monster nineteen fifty japan graphic novel historical comic book strip etc detective and mystery comic_strip fiction science work thriller children juvenile young,"['Comics & Graphic Novels', 'Children & Young Adult']"
9928066673701420.0,girl monster japan disaster relief,['Comedy & Humor']
9928066673601420.0,girl monster,['Comedy & Humor']
9928066673501420.0,girl monster sea,['Comedy & Humor']
9928097401901420.0,middle class mother and daughter japan manner custom comic_strip graphic work novel,['Comedy & Humor']
9928046897601420.0,gang criminal psychotropic drug street life vice graphic novel comic book strip etc japan new york state detective and mystery comic_strip work,"['Journalism & Politics', 'Comics & Graphic Novels']"
9928077082301420.0,god ecology end the world comic_strip graphic work novel fantasy apocalyptic,"['Comedy & Humor', 'Comics & Graphic Novels']"
9927899208401420.0,organize crime japan comic book strip etc comic_strip graphic work detective and mystery novel thriller,"['Horror & Mystery', 'Comics & Graphic Novels']"
99215694601421.0,library censorship graphic novel,"['Comedy & Humor', 'Journalism & Politics']"
9927685687601420.0,science fiction comic book strip etc teenager parapsychology world war iii,"['Science Fiction & Fantasy', 'Comics & Graphic Novels']"
9928084281401420.0,akira comic strip world war iii parapsychology teenager book etc tokyo japan translation science fiction comic_strip graphic work,['Comics & Graphic Novels']
9928084584701420.0,swordsman mercenary troop imaginary war and battle good evil comic_strip graphic work novel,['Comics & Graphic Novels']
9928284356901420.0,gautama buddha buddhist caste himalaya mountain nepal india manga historical fiction comic_strip graphic work novel,['Comedy & Humor']
9926860640001420.0,magic caricature and cartoon fantasy graphic novel comic book strip etc child story children juvenile young,"['Comics & Graphic Novels', 'Children & Young Adult']"
99133244601421.0,cartoonist comic book strip etc,['Comics & Graphic Novels']
99141730501421.0,popular culture graphic art design and technology animate film,"['Documentary', 'Popular Culture & Media']"
9927807611001420.0,comic book strip etc japan science fiction translation graphic novel comic_strip work,['Comics & Graphic Novels']
99146208401421.0,graphic novel miyazaki hayao comic book strip etc,['Comics & Graphic Novels']
9927706204501420.0,graphic novel japan,['Comedy & Humor']
9928188358901420.0,astronaut space flight cartoon and comic_strip graphic novel outer science fiction work,['Comics & Graphic Novels']
9928240655101420.0,astronaut space flight debris comic book strip manga paranormal fiction science comic_strip graphic novel work,['Comics & Graphic Novels']
9981367701421.0,japan,[]
9928154058801420.0,comic book strip etc man woman relationship japan,"['Comics & Graphic Novels', 'Mass Media & Communication']"
9928064682701420.0,cat english teacher japan manner and custom,"['Comedy & Humor', 'Broadcasting & Television']"
9928107795901420.0,geek computer enthusiast man woman relationship sex the workplace secrecy,['Mass Media & Communication']
9928329254501420.0,retail trade unfair labor practice movement franchise korea adventure story comic_strip webcomic social issue graphic work action and novel,['Comedy & Humor']
9928412160201420.0,man woman relationship korean war seoul korea historical fiction graphic novel,"['Comedy & Humor', 'Mass Media & Communication']"
9928382818701420.0,dog owner human animal relationship conflict generation,"['Film & Theater', 'Mass Media & Communication']"
9928052295901420.0,family korean war korea comic book strip etc,['Comics & Graphic Novels']
9927993373001420.0,middle aged mother female friendship comic book strip etc korea translation comic_strip graphic work novel,"['Journalism & Politics', 'Comics & Graphic Novels']"
9928065309601420.0,dysfunctional family swindler and swindle storyboard motion picture korea comic_strip graphic work thriller black humor novel comedy humor,['Comedy & Humor']
9928149116101420.0,painter artist comic book strip etc,['Comics & Graphic Novels']
9927879989301420.0,comic book strip etc latin america popular culture graphic novel criticism interpretation history,"['Comics & Graphic Novels', 'Popular Culture & Media']"
99227547901421.0,abirache zeina lebanon beirut,[]
99148300801421.0,comic book strip etc globalization literature art canada,"['Film & Theater', 'Comics & Graphic Novels']"
99124109001421.0,comic book strip etc mexico,['Comics & Graphic Novels']
9928216652601420.0,driessen ype cartoonist gay man,"['Gender & Sexuality Identity', 'Comedy & Humor']"
9928124259201420.0,dust bowl era photographer farmer united states,[]
9927964610101420.0,family secret lagos nigeria comic book strip etc domestic comic_strip graphic novel,"['Comedy & Humor', 'Comics & Graphic Novels']"
9927804605801420.0,hitler adolf murder for hire time travel attempt assassination comic book strip etc graphic novel comic_strip work,['Comics & Graphic Novels']
9927804605501420.0,jason hike christian pilgrim and pilgrimage comic book strip etc graphic novel camino santiago compostela travel norway spain autobiographical comic_strip,"['Comedy & Humor', 'Comics & Graphic Novels']"
9928044550601420.0,hemingway ern author comic book strip etc norway biographical comic_strip graphic work novel,['Comics & Graphic Novels']
9927809113601420.0,dystopias conformity graphic novel book comic strip etc comic_strip work dystopian,['Comics & Graphic Novels']
9928098075401420.0,filipino americans man woman relationship philippine manner and custom travel romance comic book strip etc comic_strip graphic novel,"['Comedy & Humor', 'Comics & Graphic Novels', 'Mass Media & Communication']"
9928216081601420.0,college student mythology philippine folklore good and evil magic manila horror comic_strip graphic novel work horror gothic supernatural,"['Comedy & Humor', 'Horror & Mystery']"
9928098075801420.0,legend mythology philippine comic book strip etc comic_strip graphic work novel,"['Comedy & Humor', 'Comics & Graphic Novels']"
9928091169401420.0,fairy magic spirit danger fourth dimension manila philippine fantasy comic_strip horror science fiction graphic novel work horror gothic supernatural,"['Comedy & Humor', 'Horror & Mystery']"
9928077652101420.0,artist accident life change event great power comic_strip graphic work autobiographical novel bildungsroman,['Comedy & Humor']
9928068373901420.0,pianist woman journalist reminisce mother and son success pay companion household employee family secret france history comic_strip graphic work novel,"['Science Fiction & Fantasy', 'Comedy & Humor']"
9928216080501420.0,stringer mel art student school,['Comedy & Humor']
9928124258801420.0,middle age married people adultery lesbian,"['Gender & Sexuality Identity', 'Journalism & Politics', 'Film & Theater']"
9927906400901420.0,creative ability art body image sweden comic book strip etc graphic novel psychological comic_strip work,['Comics & Graphic Novels']
9927994913001420.0,people with quadriplegia,['Journalism & Politics']
9927902013401420.0,interplanetary voyage interpersonal relation comic book strip etc switzerland comic_strip graphic work novel science fiction,['Comics & Graphic Novels']
9928330050001420.0,stranger mortality time perception beach graphic novel switzerland science fiction comic_strip work translation comic book strip etc,['Comics & Graphic Novels']
9927902613901420.0,medicine graphic novel hiv positive person switzerland comic book strip etc translation,['Comics & Graphic Novels']
9966423301421.0,literature criticism,['Film & Theater']
99220496301421.0,literature medieval english old norse anglo norman,"['Film & Theater', 'Modernism & Postmodernism']"
9930722501421.0,literature medieval and folklore folk oral tradition,"['Journalism & Politics', 'Film & Theater']"
99200081601421.0,literature medieval,['Film & Theater']
99127763501421.0,literature medieval sadomasochism ovid chaucer geoffrey,['Film & Theater']
99200074101421.0,ovid literature medieval human body desire romance english electronic book,"['Electronic & Digital Media', 'Film & Theater']"
9932639501421.0,literature medieval latin knowledge mirror,['Film & Theater']
9957299301421.0,literature medieval modern european,"['Film & Theater', 'Modernism & Postmodernism']"
9932313801421.0,ovid jean guillaume courtly love literature poetry latin medieval and modern,"['Journalism & Politics', 'Film & Theater', 'Poetry']"
9932701801421.0,juvenal literature medieval satire marriage custom and rite misogyny wife woman,"['Comedy & Humor', 'Film & Theater']"
9932700701421.0,literature medieval woman human body feminism and sex symobolism,"['Gender & Sexuality Identity', 'Film & Theater']"
9951837601421.0,literature medieval woman,"['Gender & Sexuality Identity', 'Film & Theater']"
9930914501421.0,literature medieval woman classical catalog,"['Gender & Sexuality Identity', 'Film & Theater', 'Modernism & Postmodernism']"
9956990801421.0,literature medieval woman and book hour,"['Gender & Sexuality Identity', 'Electronic & Digital Media', 'Film & Theater']"
9991449901421.0,literature medieval allegory optics,['Film & Theater']
9927807412901420.0,literature medieval european blood criticism interpretation etc history,"['Film & Theater', 'Modernism & Postmodernism']"
9956378501421.0,character and characteristic literature medieval,"['Gender & Sexuality Identity', 'Electronic & Digital Media', 'Film & Theater']"
99226061101421.0,courtly love literature troubadour,['Film & Theater']
99128391601421.0,literature medieval courtly love sex,"['Film & Theater', 'Popular Culture & Media']"
9928332154701420.0,romance english crusade literature islamophobia violence xenophobia and society england criticism interpretation etc history,"['Holocaust & Jewish Studies', 'Film & Theater']"
9976138001421.0,family violence literature medieval,"['Film & Theater', 'Children & Young Adult']"
9927583698401420.0,literature medieval game criticism interpretation etc,"['Film & Theater', 'Broadcasting & Television']"
9926749660001420.0,gesture literature movement facial expression medieval european,"['Journalism & Politics', 'Film & Theater', 'Modernism & Postmodernism']"
99134187101421.0,literature medieval between lust love chaucer geoffrey,['Film & Theater']
9957409601421.0,literature medieval between seduction love,['Film & Theater']
9928079285201420.0,literature medieval woman hermit angel mysticism criticism interpretation etc,"['Gender & Sexuality Identity', 'Film & Theater']"
99227263501421.0,hero literature romance medieval,['Film & Theater']
9994820801421.0,homosexuality literature sodomy masculinity medieval,"['Gender & Sexuality Identity', 'Film & Theater', 'Popular Culture & Media']"
99111646101421.0,literature medieval homosexuality,"['Gender & Sexuality Identity', 'Film & Theater']"
9927568603801420.0,literature medieval humor comedy humor,"['Comedy & Humor', 'Film & Theater']"
9969070001421.0,incest literature medieval,['Film & Theater']
9992983401421.0,literature medieval love work chaucer geoffrey guillaume alanus gower ovid electronic book,"['Electronic & Digital Media', 'Film & Theater']"
9985790601421.0,love poetry european medieval,"['Poetry', 'Film & Theater', 'Modernism & Postmodernism']"
99133762401421.0,love literature lovesickness medieval european,"['Film & Theater', 'Modernism & Postmodernism']"
9969926701421.0,literature medieval magic,"['Film & Theater', 'Horror & Mystery']"
9927731707601420.0,jean guillaume chaucer geoffrey lydgate vie humaine deguileville romaunt the rose poetry medieval english literature and science religion influence literary artistic etc nature philosophy europe,"['Film & Theater', 'Documentary']"
99198750901421.0,old age literature medieval european,"['Film & Theater', 'Modernism & Postmodernism']"
9927490561001420.0,polo marco chaucer geoffrey boiardo matteo maria spenser edmund milton huon bordeaux romance commerce asia,['Film & Theater']
9958105501421.0,literature medieval peasant,['Film & Theater']
9987725701421.0,queen literature medieval,['Film & Theater']
9928093308401420.0,literature medieval philosophy interpersonal relation europe criticism interpretation etc history,"['Film & Theater', 'Comics & Graphic Novels']"
9943490201421.0,literature medieval renaissance troubadour criticism interpretation etc,"['Film & Theater', 'Modernism & Postmodernism']"
9989906001421.0,literature medieval woman and,"['Gender & Sexuality Identity', 'Film & Theater']"
9986362501421.0,woman literature medieval comedy,"['Gender & Sexuality Identity', 'Comedy & Humor', 'Film & Theater']"
99220823801421.0,literature medieval woman the catholic church and dorothea kempe margery ward mary cary elizabeth,"['Gender & Sexuality Identity', 'Film & Theater']"
9925470890001420.0,woman and literature middle age medievalist,"['Gender & Sexuality Identity', 'Film & Theater']"
9927861304801420.0,arthurian romance criticism interpretation etc,['Film & Theater']
9944190901421.0,arthurian romance comparative literature social ethic conduct life,['Film & Theater']
9932700801421.0,arthurian romance comparative literature,['Film & Theater']
9933424801421.0,grail christian art and symbolism arthurian romance mythology celtic,['Film & Theater']
99220494701421.0,arthur arthurian romance latin literature medieval and modern,['Film & Theater']
9930401701421.0,arthur king arthurian romance,['Film & Theater']
9965769501421.0,arthur arthurian romance king and ruler literature,['Film & Theater']
99133259701421.0,arthurian romance magic literature morgan fay legendary character,"['Electronic & Digital Media', 'Film & Theater', 'Horror & Mystery']"
9928011602401420.0,grail arthurian romance love myth mythology criticism interpretation etc,"['Film & Theater', 'Modernism & Postmodernism']"
99141675201421.0,grail romance,['Film & Theater']
9965770701421.0,arthurian romance lancelot guenevere queen legendary character literature,"['Gender & Sexuality Identity', 'Electronic & Digital Media', 'Film & Theater']"
9927886014001420.0,alexander romance legend,['Film & Theater']
99144077101421.0,alexander,[]
9924654760001420.0,charlemagne literature medieval authority and holy roman empire,['Film & Theater']
99148414801421.0,romance literature medieval name,['Film & Theater']
9928071439901420.0,book sindbad greek fable,"['Gender & Sexuality Identity', 'Electronic & Digital Media']"
99227564301421.0,songbooks poetry medieval lyric illumination book and manuscript art literature,"['Poetry', 'Electronic & Digital Media', 'Film & Theater']"
99133523901421.0,poetry medieval epic european woman literature masculinity,"['Gender & Sexuality Identity', 'Film & Theater', 'Modernism & Postmodernism']"
9932746601421.0,poetry medieval love voyeurism literature point view,"['Poetry', 'Film & Theater']"
99199330901421.0,literature modern,['Film & Theater']
9944979401421.0,literature criticism,['Film & Theater']
9985723301421.0,literature,['Film & Theater']
9931569401421.0,literature teach criticism,['Film & Theater']
9927805991401420.0,literature modern,['Film & Theater']
99225343101421.0,european literature anti americanism america,['Modernism & Postmodernism']
9943977001421.0,regionalism literature american america,['Film & Theater']
9944633701421.0,literature modern author and reader amateurism,"['Science Fiction & Fantasy', 'Film & Theater']"
99133318001421.0,european literature,['Modernism & Postmodernism']
9943136801421.0,literature modern tragedy violence historicism,"['Film & Theater', 'Horror & Mystery']"
99115876901421.0,literature modern,['Film & Theater']
99133558201421.0,literature modern translate and interpreting,['Holocaust & Jewish Studies']
99207519301421.0,european literature fiction and science politic law,"['Science Fiction & Fantasy', 'Journalism & Politics', 'Modernism & Postmodernism']"
9925030230001420.0,hardy barbara critic woman english literature literary form,['Gender & Sexuality Identity']
9927504511101420.0,literature modern,['Film & Theater']
9957585001421.0,literature modern,['Film & Theater']
9928411958301420.0,literature modern,['Film & Theater']
9932177201421.0,literature modern and society,['Holocaust & Jewish Studies']
9943511101421.0,literature modern representation philosophy,['Gender & Sexuality Identity']
9932322701421.0,literature modern,['Film & Theater']
9992720101421.0,european literature emotion,"['Modernism & Postmodernism', 'Broadcasting & Television']"
9942931101421.0,european literature homosexuality mediterranean region electronic book,"['Electronic & Digital Media', 'Modernism & Postmodernism']"
9970626101421.0,literature modern woman and art,['Poetry']
9966971801421.0,literature modern woman,['Poetry']
99207541701421.0,literature modern woman and criticism interpretation etc history,['Poetry']
9929466201421.0,european literature feminism and woman sex role,"['Gender & Sexuality Identity', 'Modernism & Postmodernism', 'Popular Culture & Media']"
9965703401421.0,european literature religious saint hagiography typology theology,"['Modernism & Postmodernism', 'Horror & Mystery']"
99203833701421.0,european literature europe social action political culture and society politic,"['Science Fiction & Fantasy', 'Modernism & Postmodernism']"
9970524401421.0,ovid english poetry drama sex literature human body,"['Poetry', 'Film & Theater', 'Popular Culture & Media']"
99111748901421.0,rhetoric renaissance european literature art,"['Poetry', 'Modernism & Postmodernism']"
9930286401421.0,european literature sex role amazon intersexuality metamorphosis,"['Modernism & Postmodernism', 'Popular Culture & Media']"
9945092201421.0,european literature rhetoric,"['Poetry', 'Modernism & Postmodernism']"
99135462301421.0,european literature rhetoric renaissance aesthetic,"['Poetry', 'Modernism & Postmodernism']"
9927470911401420.0,european literature age old people adult group aged growth and development history medieval humanity name person phenomena process physiological europe criticism interpretation etc,"['Modernism & Postmodernism', 'Children & Young Adult']"
99218889101421.0,european literature english petrarca francesco shakespeare,"['Film & Theater', 'Modernism & Postmodernism']"
9942407801421.0,european literature subjectivity authorship dependency psychology autonomy,"['Science Fiction & Fantasy', 'Modernism & Postmodernism']"
99198350801421.0,literature criticism,['Film & Theater']
9927838503301420.0,digital humanity literature,"['Modernism & Postmodernism', 'Documentary']"
9951858201421.0,european literature will religion,"['Modernism & Postmodernism', 'Popular Culture & Media']"
9927825600201420.0,european literature europe politic and intellectual life,"['Poetry', 'Broadcasting & Television', 'Modernism & Postmodernism']"
9969820101421.0,critic philosopher,['Mass Media & Communication']
99148930901421.0,baroque literature civilization,['Film & Theater']
9930881101421.0,literature modern criticism reader response,['Science Fiction & Fantasy']
9944910601421.0,booth wayne literature and moral rhetoric cultural pluralism,"['Poetry', 'Holocaust & Jewish Studies']"
9957305501421.0,derrida jacque criticism deconstruction literature,['Gender & Sexuality Identity']
9967098101421.0,frye northrop,[]
9943862701421.0,frye northrop literature criticism,['Film & Theater']
9946889301421.0,kermode frank critic,"['Broadcasting & Television', 'Mass Media & Communication']"
9932561001421.0,kristeva julia feminist literary criticism psychoanalysis and literature feminism,"['Gender & Sexuality Identity', 'Holocaust & Jewish Studies']"
9958575001421.0,bakhtin literature criticism language and,['Poetry']
99201543701421.0,bhabha homi,[]
9927489568801420.0,cameron sharon criticism literature,['Film & Theater']
9927492063801420.0,critic college teacher man paul,"['Broadcasting & Television', 'Mass Media & Communication']"
99111650701421.0,frye northrop literature,['Film & Theater']
99227276501421.0,frye northrop criticism,[]
99207183501421.0,frye northrop,[]
9928241402801420.0,garner dwight critic food habit book and read united states cook essay narrative biography autobiography literary work,"['Gender & Sexuality Identity', 'Holocaust & Jewish Studies']"
99201654601421.0,greenblatt stephen new historicism,['Journalism & Politics']
9983876801421.0,hardison literature college teacher,"['Film & Theater', 'Broadcasting & Television']"
99115992501421.0,criticism literature modern,['Film & Theater']
99119640001421.0,jameson fredric,[]
9927590411201420.0,jameson fredric marxist criticism postmodernism literature marxian school sociology dialectical materialism,['Popular Culture & Media']
99201543901421.0,kristeva julia,[]
99198631801421.0,kristeva julia critic electronic book,['Electronic & Digital Media']
9927955857501420.0,say literature critical theory influence literary artistic etc orientalism postcolonialism criticism interpretation,"['Holocaust & Jewish Studies', 'Documentary']"
9927675586901420.0,say criticism postcolonialism literature,"['Holocaust & Jewish Studies', 'Journalism & Politics']"
9927597508901420.0,say geocriticism space literature place philosophy geographical perception geography and,"['Gender & Sexuality Identity', 'Science Fiction & Fantasy', 'Journalism & Politics', 'Comedy & Humor']"
99206116901421.0,say,['Journalism & Politics']
9927814299901420.0,tomalin claire critic editor england biography nonfiction autobiography,"['Poetry', 'Comedy & Humor', 'Mass Media & Communication']"
99116338901421.0,english literature autobiography romanticism,['Holocaust & Jewish Studies']
9927823086001420.0,hellenism philosophy nature romanticism,"['Gender & Sexuality Identity', 'Film & Theater']"
99228790601421.0,romanticism europe,['Holocaust & Jewish Studies']
9944189901421.0,literature modern human body,['Film & Theater']
99135462501421.0,romanticism punishment literature justice death english and society,"['Holocaust & Jewish Studies', 'Modernism & Postmodernism']"
9927825708901420.0,austen jane literature modern humanity england history,['Modernism & Postmodernism']
9943046901421.0,literature modern crime enlightenment,"['Film & Theater', 'Horror & Mystery']"
9943901901421.0,literature modern closure rhetoric,['Poetry']
9932800401421.0,literature romanticism and revolution,['Holocaust & Jewish Studies']
9928149124001420.0,literature modern enlightenment good book,"['Film & Theater', 'Comics & Graphic Novels']"
9944300801421.0,pushkin aleksandr sergeevich scott walter hoffmann literature modern and society authorship anonym pseudonym,"['Holocaust & Jewish Studies', 'Mass Media & Communication']"
99133544301421.0,literature modern criticism,['Film & Theater']
9929154401421.0,literature modern romanticism paganism sex decadence literary movement art electronic book,"['Electronic & Digital Media', 'Journalism & Politics', 'Holocaust & Jewish Studies']"
99145352201421.0,literature modern romanticism art artist travel italy,"['Holocaust & Jewish Studies', 'Modernism & Postmodernism']"
9928294258501420.0,literature modern character,"['Electronic & Digital Media', 'Film & Theater']"
9930689701421.0,literature modern exoticism imperialism,['Modernism & Postmodernism']
99220823401421.0,mignon fictitious character goethe johann wolfgang von european literature,"['Electronic & Digital Media', 'Modernism & Postmodernism']"
9927528109101420.0,european literature collective memory and nationalism author literary landmark,"['Holocaust & Jewish Studies', 'Modernism & Postmodernism']"
9943602701421.0,literature modern imperialism colony culture conflict politic and develop country,"['Popular Culture & Media', 'Mass Media & Communication']"
99133542601421.0,european literature rococo art,['Modernism & Postmodernism']
9931852601421.0,literature modern adolescent,['Film & Theater']
9932562701421.0,european literature smell odor,['Modernism & Postmodernism']
9928259551801420.0,european literature colony imperialism politic and culture criticism interpretation etc,"['Modernism & Postmodernism', 'Mass Media & Communication']"
9932917401421.0,literature modern aids disease homosexuality and gay man writing,['Gender & Sexuality Identity']
9944238601421.0,book literature,"['Electronic & Digital Media', 'Film & Theater']"
99133804501421.0,literature modern deleuze gille,['Gender & Sexuality Identity']
99119526801421.0,literature modern world war,"['Journalism & Politics', 'Film & Theater']"
9996436001421.0,literature modern psychic trauma disaster and society,"['Holocaust & Jewish Studies', 'Journalism & Politics']"
9928009984901420.0,literature modern and society disaster psychic trauma criticism interpretation etc history,"['Holocaust & Jewish Studies', 'Journalism & Politics']"
9930724601421.0,literature modern chaotic behavior system and science,"['Science Fiction & Fantasy', 'Film & Theater']"
9980822801421.0,motion picture europe central,[]
9965719501421.0,literature modern decolonization imperialism colony postcolonialism develop country,"['Holocaust & Jewish Studies', 'Mass Media & Communication']"
9931023501421.0,postmodernism literature time,"['Gender & Sexuality Identity', 'Popular Culture & Media']"
9951857501421.0,literature modern american ethnic group ethnicity minority america,['Modernism & Postmodernism']
9956599101421.0,literature modern postmodernism,"['Film & Theater', 'Popular Culture & Media']"
9932739301421.0,literature modern art,['Film & Theater']
9927471002701420.0,literature modern modernism autonomy philosophy aestheticism,"['Gender & Sexuality Identity', 'Modernism & Postmodernism', 'Children & Young Adult']"
9970685501421.0,literature modern and moral,"['Film & Theater', 'Documentary']"
9931570401421.0,literature modern chaotic behavior system,['Film & Theater']
99144079201421.0,literature modern and the internet,['Modernism & Postmodernism']
9965748401421.0,literature modern anorexia nervosa woman,['Gender & Sexuality Identity']
9930490201421.0,european literature underground movement politic and totalitarianism,['Modernism & Postmodernism']
9930916901421.0,literature modern imagery psychology ideology modernism postmodernism,"['Science Fiction & Fantasy', 'Modernism & Postmodernism', 'Popular Culture & Media']"
9927674937801420.0,literature modern and society,['Holocaust & Jewish Studies']
99143833101421.0,literature modern author nobel prize,['Gender & Sexuality Identity']
99143947301421.0,literature modern author nobel prize,['Gender & Sexuality Identity']
99143887001421.0,literature modern author nobel prize,['Gender & Sexuality Identity']
99143947901421.0,literature modern author nobel prize,['Gender & Sexuality Identity']
9969571301421.0,literature world war,"['Journalism & Politics', 'Film & Theater']"
9958308101421.0,author creation literary artistic etc authorship,['Documentary']
9932155901421.0,literature modern,['Film & Theater']
9969863901421.0,literature modern modernism,"['Modernism & Postmodernism', 'Children & Young Adult']"
9956973101421.0,emmanuel blanchot maurice edmond literature modern alienation social psychology philosophy,"['Gender & Sexuality Identity', 'Science Fiction & Fantasy']"
99148931501421.0,literature modern,['Film & Theater']
9990022701421.0,literature modern modernism,"['Modernism & Postmodernism', 'Children & Young Adult']"
9974166401421.0,literature modern criticism interpretation etc,['Film & Theater']
9957238001421.0,literature modern postmodernism and technology narration rhetoric,"['Poetry', 'Documentary', 'Popular Culture & Media']"
9928005296601420.0,literature modern homosexuality and modernism criticism interpretation etc,"['Gender & Sexuality Identity', 'Modernism & Postmodernism']"
9985481301421.0,blanchot maurice literature modern,['Film & Theater']
9928107796001420.0,english fiction literature modernism space travel geography criticism interpretation etc,"['Gender & Sexuality Identity', 'Modernism & Postmodernism', 'Documentary']"
99147562401421.0,literature modern motherhood utopias dystopias electronic book,"['Electronic & Digital Media', 'Film & Theater']"
9927879979301420.0,cold war literature modern author espionage politic and,['Journalism & Politics']
9931788701421.0,literature modern futurism literary movement,"['Journalism & Politics', 'Film & Theater', 'Documentary']"
9931069201421.0,kafka franz jung literature modern psychoanalysis and,"['Holocaust & Jewish Studies', 'Journalism & Politics']"
9951861101421.0,eliot beckett samuel celan paul european literature mysticism,"['Modernism & Postmodernism', 'Mass Media & Communication']"
9927480009801420.0,auschwitz concentration camp literature modern holocaust jewish,['Holocaust & Jewish Studies']
99219444901421.0,literature modern music paint,['Gender & Sexuality Identity']
99135662101421.0,literature modern,['Film & Theater']
9927583699901420.0,authorship intellectual life adventure story,"['Poetry', 'Electronic & Digital Media', 'Broadcasting & Television']"
9928111050801420.0,literature modern city and town life poverty geographical perception psychoanalysis other philosophy urban poor psychiatric clinic,['Poetry']
99147094001421.0,literature modern nobel prize author winner,['Gender & Sexuality Identity']
9932481901421.0,literature,['Film & Theater']
9933405301421.0,criticism interpretation etc history middle age literature medieval learning and scholarship read transmission text,"['Holocaust & Jewish Studies', 'Film & Theater']"
9965486001421.0,bakhtin criticism,[]
9965747701421.0,criticism,[]
9965714701421.0,criticism,[]
9930767101421.0,criticism pragmatism pluralism,[]
9933148501421.0,literature,['Film & Theater']
99208049901421.0,literature author and reader influence literary artistic etc bloom harold,"['Science Fiction & Fantasy', 'Documentary']"
9944790501421.0,literature criticism interpretation etc,['Film & Theater']
9928071326801420.0,criticism intellectual life melancholy poetry,"['Poetry', 'Broadcasting & Television']"
99119088601421.0,criticism,[]
9958499401421.0,literature,['Film & Theater']
9957035801421.0,criticism culture,['Popular Culture & Media']
9942496901421.0,poetry literature wisdom criticism interpretation etc,['Poetry']
9932004201421.0,criticism literature modern,['Film & Theater']
9932295501421.0,criticism,[]
9927723310401420.0,criticism literature english language literary form terminology term and phrase,['Poetry']
9957769101421.0,criticism literature,['Film & Theater']
9956184201421.0,criticism,[]
9931783801421.0,criticism culture,['Popular Culture & Media']
9931367801421.0,criticism literature popular culture,['Popular Culture & Media']
99201447701421.0,criticism ecology literature nature ecocriticism,['Film & Theater']
99208034601421.0,criticism literature,['Film & Theater']
9942968901421.0,criticism,[]
9958237001421.0,criticism critic,['Mass Media & Communication']
9968854201421.0,criticism,[]
99201665101421.0,good book and read,"['Holocaust & Jewish Studies', 'Comics & Graphic Novels']"
9927614666201420.0,criticism hermeneutic suspicion,[]
99217227801421.0,literature intertextuality influence literary artistic etc dialogue,"['Gender & Sexuality Identity', 'Documentary']"
9931690601421.0,criticism literature modern,['Film & Theater']
9951597801421.0,criticism,[]
9930864101421.0,literature criticism,['Film & Theater']
9958655201421.0,criticism historicism,[]
9957668401421.0,literature criticism,['Film & Theater']
9965765401421.0,criticism literature and society,['Holocaust & Jewish Studies']
99150238601421.0,criticism literature popular and society,"['Holocaust & Jewish Studies', 'Popular Culture & Media']"
9942751701421.0,criticism literature,['Film & Theater']
9944905201421.0,criticism textual hypertext system,"['Broadcasting & Television', 'Documentary']"
9979533101421.0,criticism literature,['Film & Theater']
9932539901421.0,criticism,[]
9944798601421.0,criticism,[]
99111066701421.0,criticism literature,['Film & Theater']
99118318501421.0,criticism literary style,"['Journalism & Politics', 'Documentary']"
99214723801421.0,criticism literature university and college deconstruction,['Gender & Sexuality Identity']
9945787601421.0,criticism literature,['Film & Theater']
9927719394001420.0,criticism literature,['Film & Theater']
9932517701421.0,criticism rhetoric hermeneutic,['Poetry']
9931144801421.0,criticism literature and technology hypertext system,['Documentary']
99124023701421.0,criticism literature and technology hypertext system,['Documentary']
9943641201421.0,criticism,[]
9951513401421.0,criticism,[]
99226491301421.0,literature popular culture motion picture book theater,['Popular Culture & Media']
9930491701421.0,criticism,[]
9951946101421.0,criticism historicism marxist materialism literature,"['Film & Theater', 'Popular Culture & Media']"
9943579701421.0,criticism historicism,[]
9933359701421.0,criticism literature,['Film & Theater']
9927671910601420.0,criticism,[]
9956773301421.0,barthe foucault michel althusser louis criticism knowledge theory,['Science Fiction & Fantasy']
9933554001421.0,lacan jacque derrida kristeva julia criticism,['Gender & Sexuality Identity']
9927685696201420.0,critical theory criticism literature,"['Film & Theater', 'Broadcasting & Television']"
9944088001421.0,criticism,[]
99147559901421.0,criticism,[]
9951888601421.0,derrida jacque criticism psychoanalysis and literature deconstruction,"['Gender & Sexuality Identity', 'Holocaust & Jewish Studies']"
9956182901421.0,criticism literature,['Film & Theater']
9930477201421.0,literature modern humanism poetic,"['Film & Theater', 'Broadcasting & Television']"
9927624066401420.0,criticism philosophy,['Gender & Sexuality Identity']
9944905601421.0,literature,['Film & Theater']
9951859501421.0,literature criticism,['Film & Theater']
9943363001421.0,criticism literature,['Film & Theater']
9942825701421.0,criticism hermeneutic,[]
9967168301421.0,literature criticism hermeneutic,['Film & Theater']
9930443401421.0,criticism literature,['Film & Theater']
99116600601421.0,criticism literature,['Film & Theater']
9957243601421.0,criticism pleonasm,[]
9932645701421.0,criticism literature modern,['Film & Theater']
99119054901421.0,criticism hermeneutic philosophy,['Gender & Sexuality Identity']
9951845301421.0,jonah criticism interpretation etc literary style,"['Journalism & Politics', 'Documentary']"
9942515701421.0,white allon literature,"['Journalism & Politics', 'Film & Theater']"
9957328901421.0,carroll lewis derrida jacque criticism identity psychology literature authorship narration rhetoric,"['Gender & Sexuality Identity', 'Poetry', 'Science Fiction & Fantasy']"
9927611910001420.0,latin american literature holocaust jewish author argentine chilean brazilian anti nazi movement,"['Holocaust & Jewish Studies', 'Journalism & Politics']"
9927663544301420.0,romance language literature jewish judaism and,"['Poetry', 'Holocaust & Jewish Studies', 'Film & Theater', 'Documentary']"
99117888601421.0,romance language poetry surrealism literature art and,"['Poetry', 'Film & Theater', 'Modernism & Postmodernism']"
9990383301421.0,romance language drama,"['Poetry', 'Film & Theater']"
9928010000501420.0,read literature modern criticism interpretation etc,['Holocaust & Jewish Studies']
9996200401421.0,criticism critical thinking,['Broadcasting & Television']
9967807501421.0,book and read marginalia history,['Holocaust & Jewish Studies']
99215437501421.0,read culture study skill,"['Holocaust & Jewish Studies', 'Popular Culture & Media']"
9966570801421.0,read criticism,['Holocaust & Jewish Studies']
99143260301421.0,germanic literature medieval civilization people reference work criticism interpretation etc,"['Comedy & Humor', 'Film & Theater']"
9933475601421.0,literature modern,['Film & Theater']
9990252401421.0,literature,['Film & Theater']
9989486401421.0,literature modern paris france,['Film & Theater']
9927471607201420.0,jewish literature diaspora zionism,['Holocaust & Jewish Studies']
9927731712701420.0,jewish literature illumination book and manuscript jews christian judaism christianity other religion,"['Holocaust & Jewish Studies', 'Documentary']"
9986088801421.0,jewish literature,['Holocaust & Jewish Studies']
9927682364701420.0,old testament criticism interpretation etc jewish literature,"['Holocaust & Jewish Studies', 'Modernism & Postmodernism']"
99150305001421.0,imperialism literature jewish orientalism zionism caribbean area israel,['Holocaust & Jewish Studies']
9927674938901420.0,jewish literature european,"['Holocaust & Jewish Studies', 'Modernism & Postmodernism']"
9931890301421.0,jewish fiction child literature holocaust children juvenile young,"['Holocaust & Jewish Studies', 'Children & Young Adult']"
9928077991401420.0,jewish literature judaism and criticism interpretation etc,"['Holocaust & Jewish Studies', 'Documentary']"
9926690840001420.0,jewish literature jews american israeli judaism and,"['Holocaust & Jewish Studies', 'Documentary']"
9966496001421.0,jewish fiction literature modern jews,"['Holocaust & Jewish Studies', 'Documentary']"
9944748301421.0,jewish literature woman judaism,"['Poetry', 'Holocaust & Jewish Studies', 'Documentary']"
99147239701421.0,america,[]
99119324001421.0,america drama indians literature multiracial people,"['Journalism & Politics', 'Film & Theater']"
9930285201421.0,race literature sex national characteristic america,"['Journalism & Politics', 'Popular Culture & Media', 'Modernism & Postmodernism']"
9956990201421.0,literature and society america,['Holocaust & Jewish Studies']
9930957801421.0,america,[]
9927675587301420.0,america ethnicity literature postcolonialism national characteristic nationalism and narration rhetoric comparative,"['Poetry', 'Holocaust & Jewish Studies']"
9976309401421.0,america american literature latin feminism femmes latino antillais canadien femme,['Gender & Sexuality Identity']
9927529603601420.0,america electronic book,['Electronic & Digital Media']
9928085173701420.0,fiction traveler writing travel america literature male friendship criticism interpretation etc history,"['Journalism & Politics', 'Modernism & Postmodernism']"
9931285901421.0,australian poetry australia,['Poetry']
9931716801421.0,caribbean literature chaos christian theology area,['Film & Theater']
9933534901421.0,indian poetry indie,['Poetry']
9943975201421.0,caribbean literature woman state the ethnicity feminism and,"['Poetry', 'Journalism & Politics']"
9932319101421.0,carpentier alejo harris wilson glissant edouard caribbean fiction myth literature history and,"['Science Fiction & Fantasy', 'Modernism & Postmodernism']"
9931093901421.0,short story caribbean fiction,['Electronic & Digital Media']
9943389701421.0,european poetry,"['Poetry', 'Modernism & Postmodernism']"
9933017401421.0,european poetry,"['Poetry', 'Modernism & Postmodernism']"
9930328701421.0,middle eastern literature arabic hebrew persian turkish comparative,['Film & Theater']
9946334201421.0,pacific island literature,['Film & Theater']
9930982101421.0,stalin soviet literature socialist realism russian intellectual,"['Gender & Sexuality Identity', 'Journalism & Politics', 'Film & Theater', 'Broadcasting & Television']"
9932986701421.0,revolutionary literature and society culture,"['Holocaust & Jewish Studies', 'Popular Culture & Media']"
9984937001421.0,african literature,['Film & Theater']
9984674801421.0,african literature,['Film & Theater']
9927711510101420.0,literature african,['Film & Theater']
99199615701421.0,african fiction woman and literature africa literatur schriftstellerin afrika,"['Gender & Sexuality Identity', 'Science Fiction & Fantasy']"
9927590411301420.0,atlantic ocean region literature and history,['Modernism & Postmodernism']
9933399201421.0,caribbean literature central american,['Film & Theater']
99200052401421.0,caribbean poetry mato luis walcott derek,['Poetry']
9927622611901420.0,revolution haiti caribbean literature and area,['Film & Theater']
9927748912301420.0,caribbean literature antille less cook food criticism interpretation etc,['Gender & Sexuality Identity']
9927710940601420.0,caribbean literature performance perception and society,"['Science Fiction & Fantasy', 'Holocaust & Jewish Studies', 'Film & Theater']"
99146723101421.0,caribbean literature english spanish french national characteristic area and history,"['Gender & Sexuality Identity', 'Film & Theater', 'Modernism & Postmodernism']"
99217135601421.0,caribbean literature lesbianism,"['Film & Theater', 'Popular Culture & Media']"
9980710701421.0,europe eastern central,[]
9958224201421.0,european literature author,['Modernism & Postmodernism']
9968040901421.0,european literature,['Modernism & Postmodernism']
99140603401421.0,european literature and society,"['Holocaust & Jewish Studies', 'Modernism & Postmodernism']"
99142777501421.0,european fiction,"['Science Fiction & Fantasy', 'Journalism & Politics', 'Modernism & Postmodernism']"
9927839104601420.0,latin american fiction dorado literature mineral industry and society natural resource america criticism interpretation etc history,"['Science Fiction & Fantasy', 'Holocaust & Jewish Studies', 'Broadcasting & Television']"
99116137201421.0,pacific island literature the,['Film & Theater']
99211814001421.0,develop country literature modern criticism,"['Film & Theater', 'Mass Media & Communication']"
99108402701421.0,develop country literature modern postcolonialism imperialism decolonization,"['Holocaust & Jewish Studies', 'Mass Media & Communication']"
9969839001421.0,united states,[]
9943530301421.0,criticism literature and society politic culture,"['Holocaust & Jewish Studies', 'Journalism & Politics', 'Popular Culture & Media']"
9927556512501420.0,criticism,[]
9957045701421.0,criticism literature english,['Film & Theater']
9996187801421.0,literature,['Film & Theater']
9927505711301420.0,criticism literature psychic trauma wound and injury,['Journalism & Politics']
9943620401421.0,criticism literature literacy,['Film & Theater']
9944040401421.0,criticism,[]
9927590360701420.0,criticism literature and globalization,['Film & Theater']
9931096901421.0,criticism narration rhetoric discourse analysis narrative semiotic,['Poetry']
9927665159701420.0,read utopia,['Holocaust & Jewish Studies']
9951846401421.0,criticism literature,['Film & Theater']
9928068385601420.0,literature criticism interpretation etc,['Film & Theater']
99134167401421.0,comparative literature cultural relativism,"['Gender & Sexuality Identity', 'Holocaust & Jewish Studies']"
99146155901421.0,criticism,[]
99227780801421.0,literature american english european audiobook,['Modernism & Postmodernism']
99133829801421.0,criticism,[]
99198072401421.0,criticism literature,['Film & Theater']
9944765501421.0,comparative literature modern criticism multiculturalism,['Film & Theater']
9965747901421.0,comparative literature modern multiculturalism outsider,['Film & Theater']
99146068101421.0,comparative literature galicia spain region literatura comparada,"['Gender & Sexuality Identity', 'Modernism & Postmodernism']"
99215917601421.0,comparative literature,['Gender & Sexuality Identity']
99125669201421.0,comparative literature,['Gender & Sexuality Identity']
99133314901421.0,comparative literature,['Gender & Sexuality Identity']
9944442901421.0,comparative literature college teacher,"['Gender & Sexuality Identity', 'Broadcasting & Television']"
9931717901421.0,comparative literature language and hermeneutic criticism textual,"['Gender & Sexuality Identity', 'Poetry']"
9927993013101420.0,literature and globalization comparative,['Film & Theater']
9944446501421.0,exoticism literature comparative india,['Film & Theater']
9927806999301420.0,literature comparative,['Film & Theater']
99125668401421.0,comparative literature,['Gender & Sexuality Identity']
9951825801421.0,comparative literature culture conflict and history develop country,"['Gender & Sexuality Identity', 'Mass Media & Communication']"
99133199001421.0,comparative literature european,"['Gender & Sexuality Identity', 'Modernism & Postmodernism']"
9958352801421.0,criticism european literature,['Modernism & Postmodernism']
9932836801421.0,criticism interpretation etc history source middle age medieval literature classical,"['Film & Theater', 'Modernism & Postmodernism']"
9927881285901420.0,mendelsohn daniel critic film civilization ancient popular culture classical western literature modern united states,"['Modernism & Postmodernism', 'Popular Culture & Media']"
99207604501421.0,translation translate and interpreting chinese literature,['Holocaust & Jewish Studies']
9985318701421.0,drama,['Film & Theater']
9944720301421.0,lesse gotthold ephraim herder johann gottfrie schlegel friedrich von criticism semiotics and literature discourse analysis literary philology,['Poetry']
9986473001421.0,criticism,[]
9942849101421.0,criticism structuralism literary analysis,['Documentary']
9942820201421.0,criticism,[]
9965744001421.0,criticism structuralism literary analysis,['Documentary']
9956693701421.0,book,['Electronic & Digital Media']
9956497201421.0,criticism literature,['Film & Theater']
9966810501421.0,criticism literature modern,['Film & Theater']
9956625801421.0,criticism culture,['Popular Culture & Media']
9930755501421.0,criticism,[]
99128588001421.0,criticism,[]
99215221701421.0,barthe blanchot maurice derrida jacque criticism philosophy literature french electronic book,"['Gender & Sexuality Identity', 'Electronic & Digital Media']"
9990180901421.0,criticism,[]
9931070101421.0,saussure ferdinand criticism literature,['Film & Theater']
9934378801421.0,criticism reader response literature,['Science Fiction & Fantasy']
9968253101421.0,criticism literature modern,['Film & Theater']
9932234901421.0,criticism structuralism literary analysis,['Documentary']
9942404501421.0,davidson donald criticism literature,['Film & Theater']
9931783401421.0,criticism postmodernism literature,['Popular Culture & Media']
9932681801421.0,criticism literature modern develop country,"['Film & Theater', 'Mass Media & Communication']"
9957074401421.0,criticism literature postmodernism,"['Film & Theater', 'Popular Culture & Media']"
9980686601421.0,criticism college teaching intellectual life,"['Poetry', 'Broadcasting & Television']"
9957483101421.0,criticism literature,['Film & Theater']
9956631601421.0,criticism literature modern postmodernism multiculturalism,"['Film & Theater', 'Popular Culture & Media']"
9932098001421.0,criticism textual,['Broadcasting & Television']
9927787374501420.0,criticism neoliberalism history,[]
9931862101421.0,foucault michel criticism,[]
99145352301421.0,criticism,[]
9927674936501420.0,criticism,[]
9978240001421.0,criticism literature modern,['Film & Theater']
9933499401421.0,criticism,[]
99117356201421.0,criticism philosophy,['Gender & Sexuality Identity']
9951858101421.0,criticism,[]
9928149121401420.0,literature criticism humanity interpretation etc,['Modernism & Postmodernism']
9928256258901420.0,history literary study criticism literature,"['Film & Theater', 'Documentary']"
9944315201421.0,mass medium communication islam and state freedom information iran,"['Journalism & Politics', 'Mass Media & Communication']"
9951857701421.0,jameson fredric marxist criticism,['Popular Culture & Media']
9957087801421.0,criticism marxist communism and literature,"['Journalism & Politics', 'Popular Culture & Media']"
9945091701421.0,criticism deconstruction structuralism literary analysis,['Gender & Sexuality Identity']
9930491001421.0,pater walter derrida jacque man paul deconstruction aestheticism literature,"['Gender & Sexuality Identity', 'Mass Media & Communication']"
9933464701421.0,man paul criticism deconstruction,"['Gender & Sexuality Identity', 'Mass Media & Communication']"
9932454601421.0,deconstruction nuclear warfare and literature,['Gender & Sexuality Identity']
9929004101421.0,deconstruction criticism textual literature,['Gender & Sexuality Identity']
9933513001421.0,criticism textual interactive multimedia hypertext system literature and technology humanity electronic book,"['Electronic & Digital Media', 'Modernism & Postmodernism', 'Documentary']"
9945767901421.0,criticism textual interactive multimedia hypertext system,"['Broadcasting & Television', 'Documentary']"
9942469301421.0,criticism formalism literary analysis narration rhetoric,['Poetry']
9933179801421.0,historical criticism literature and history,"['Film & Theater', 'Popular Culture & Media']"
9933513601421.0,book and read literature society literacy,['Holocaust & Jewish Studies']
9929056801421.0,criticism postmodernism literature modern philosophy politic and,"['Gender & Sexuality Identity', 'Journalism & Politics', 'Popular Culture & Media']"
9931389501421.0,criticism postmodernism literature modern,['Popular Culture & Media']
9943159701421.0,criticism postmodernism literature,['Popular Culture & Media']
9956182801421.0,burke kenneth postmodernism literature rhetoric and society modern,"['Poetry', 'Holocaust & Jewish Studies', 'Popular Culture & Media']"
9945047501421.0,wittgenstein ludwig criticism postmodernism,['Popular Culture & Media']
9931838301421.0,postmodernism criticism nuclear warfare,['Popular Culture & Media']
9956183001421.0,postmodernism literature modern theory philosophy,"['Gender & Sexuality Identity', 'Popular Culture & Media']"
9943510701421.0,postmodernism literature modern,['Popular Culture & Media']
9944542801421.0,postmodernism literature utopias,"['Film & Theater', 'Popular Culture & Media']"
9943050601421.0,postmodernism literature criticism,['Popular Culture & Media']
9943010201421.0,postmodernism literature,['Popular Culture & Media']
9942799301421.0,postmodernism literature christianity and theology,['Popular Culture & Media']
9951859801421.0,postmodernism literature,['Popular Culture & Media']
9931056801421.0,postmodernism literature humanism criticism,['Popular Culture & Media']
9933776101421.0,postmodernism literature,['Popular Culture & Media']
9931655401421.0,bowdler thomas expurgate book,['Electronic & Digital Media']
9931407201421.0,lacan jacque psychoanalysis and literature criticism,['Holocaust & Jewish Studies']
9946988201421.0,criticism psychoanalysis and literature gaze voice,"['Holocaust & Jewish Studies', 'Journalism & Politics']"
9931408001421.0,lacan jacque psychoanalysis and literature criticism,['Holocaust & Jewish Studies']
9965770501421.0,lacan jacque psychoanalysis and literature criticism modern,['Holocaust & Jewish Studies']
9932696901421.0,reader response criticism literature book and read,"['Science Fiction & Fantasy', 'Holocaust & Jewish Studies']"
9930847301421.0,reader response criticism textual literature,['Science Fiction & Fantasy']
9932210201421.0,reader response criticism narration rhetoric psychoanalysis literature tragedy erotic,"['Poetry', 'Science Fiction & Fantasy', 'Holocaust & Jewish Studies']"
9951860001421.0,criticism realism literature fiction,"['Journalism & Politics', 'Documentary']"
9931524001421.0,criticism semiotics and literature,['Film & Theater']
9932319501421.0,semiotics and literature criticism discourse analysis literary,['Poetry']
9931768601421.0,criticism discourse analysis philosophy modern,"['Gender & Sexuality Identity', 'Poetry']"
9956183101421.0,criticism critical theory,['Broadcasting & Television']
9930852401421.0,criticism critical theory,['Broadcasting & Television']
9944311301421.0,criticism critical theory,['Broadcasting & Television']
9932562901421.0,feminist literary criticism feminism and literature woman psychoanalysis,['Poetry']
9931487701421.0,feminist literary criticism latin american literature,['Gender & Sexuality Identity']
9943599101421.0,bakhtin feminist literary criticism,['Gender & Sexuality Identity']
9942866201421.0,feminist literary criticism feminism and literature,['Poetry']
9931295301421.0,bakhtin feminist literary criticism woman literature english fiction american,"['Gender & Sexuality Identity', 'Documentary']"
9946274701421.0,feminist literary criticism feminism and literature woman,['Poetry']
9933378101421.0,feminist literary criticism woman and literature feminism,['Gender & Sexuality Identity']
9933282801421.0,feminist literary criticism woman literature and english,['Gender & Sexuality Identity']
9931370901421.0,feminist literary criticism literature feminism and woman,['Gender & Sexuality Identity']
9943730201421.0,woman and literature feminism,['Gender & Sexuality Identity']
9943571401421.0,feminist literary criticism feminism and literature autobiography,['Poetry']
9932636601421.0,feminist literary criticism literature woman,"['Gender & Sexuality Identity', 'Poetry']"
9944450701421.0,feminist literary criticism woman and literature feminism,['Gender & Sexuality Identity']
9957088201421.0,feminist literary criticism feminism and literature theory,['Poetry']
9933278001421.0,feminist literary criticism latin american literature,['Gender & Sexuality Identity']
9933115601421.0,feminist literary criticism critic,['Gender & Sexuality Identity']
9929241001421.0,feminist literary criticism woman literature and,['Gender & Sexuality Identity']
9945057601421.0,feminist literary criticism ecofeminism,['Gender & Sexuality Identity']
9944199201421.0,feminist literary criticism feminism and literature electronic book,"['Poetry', 'Electronic & Digital Media']"
9944704901421.0,feminist literary criticism woman literature space and time set,['Gender & Sexuality Identity']
9944196001421.0,feminist literary criticism woman and literature,['Gender & Sexuality Identity']
9933548701421.0,feminist literary criticism reader response sex literature woman,"['Gender & Sexuality Identity', 'Poetry', 'Science Fiction & Fantasy']"
9930807601421.0,feminist literary criticism feminism and literature woman artist,['Poetry']
9928345579901420.0,close reading literary analysis criticism,['Documentary']
9927896507601420.0,literature marxist criticism interpretation etc,"['Film & Theater', 'Popular Culture & Media']"
9956300501421.0,marxist criticism,['Popular Culture & Media']
9983943601421.0,marxist criticism postcolonialism eurocentrism,"['Holocaust & Jewish Studies', 'Popular Culture & Media']"
9956300401421.0,jameson fredric marxist criticism,['Popular Culture & Media']
9951862901421.0,deconstruction,['Gender & Sexuality Identity']
9958290301421.0,deconstruction literature culture humanity learning and scholarship,"['Gender & Sexuality Identity', 'Modernism & Postmodernism', 'Popular Culture & Media']"
9931966401421.0,derrida jacque heidegger martin blanchot maurice deconstruction literature,['Gender & Sexuality Identity']
9966818401421.0,deconstruction,['Gender & Sexuality Identity']
9931144301421.0,derrida jacque deconstruction literature,['Gender & Sexuality Identity']
9956810701421.0,criticism deconstruction english literature american,['Gender & Sexuality Identity']
9931000101421.0,deconstruction criticism literature holocaust jewish,"['Gender & Sexuality Identity', 'Holocaust & Jewish Studies']"
9928085176201420.0,criticism deconstructivist deconstruction united states,['Gender & Sexuality Identity']
9927647711601420.0,deconstruction interview,"['Gender & Sexuality Identity', 'Broadcasting & Television']"
9967102001421.0,deconstruction derrida jacque,['Gender & Sexuality Identity']
9927621706901420.0,criticism deconstruction,['Gender & Sexuality Identity']
9996089501421.0,deconstruction literature modern,['Gender & Sexuality Identity']
9981551301421.0,deconstruction criticism,['Gender & Sexuality Identity']
9927828193801420.0,american literature cold war ecocriticism nature criticism interpretation etc,"['Journalism & Politics', 'Film & Theater']"
99227258201421.0,ecocriticism,['Film & Theater']
9927519872201420.0,ecocriticism ecology literature environmental protection,['Film & Theater']
9927556394001420.0,conservation natural resource literature ecocriticism ecology philosophy nature,"['Gender & Sexuality Identity', 'Film & Theater']"
9928120775501420.0,literature climatic change ecocriticism criticism interpretation etc literary,"['Science Fiction & Fantasy', 'Film & Theater', 'Documentary']"
9990019001421.0,ecocriticism nature literature modern,['Film & Theater']
9927814287601420.0,english fiction literature literary form and technology,"['Gender & Sexuality Identity', 'Documentary']"
9970651201421.0,criticism textual hypertext system,"['Broadcasting & Television', 'Documentary']"
99125618501421.0,humanity digital,"['Modernism & Postmodernism', 'Documentary']"
9987128501421.0,intertextuality,['Gender & Sexuality Identity']
99146954601421.0,intertextuality mass medium,"['Gender & Sexuality Identity', 'Mass Media & Communication']"
9987638901421.0,intertextuality,['Gender & Sexuality Identity']
99146791501421.0,intertextuality criticism discourse analysis literary,"['Gender & Sexuality Identity', 'Poetry']"
9928109558201420.0,literature borderland collective memory,['Holocaust & Jewish Studies']
9990019401421.0,criticism literature modern,['Film & Theater']
9927749895701420.0,fiction criticism literary ethic literature interpretation etc,['Documentary']
99226561701421.0,new criticism,['Journalism & Politics']
9927683700501420.0,literature and society politic english oriental develop country,"['Holocaust & Jewish Studies', 'Mass Media & Communication']"
99146337201421.0,politic and literature modern culture criticism,"['Journalism & Politics', 'Popular Culture & Media']"
9933229601421.0,cold war literature critical theory criticism politic and skepticism,['Journalism & Politics']
9989771401421.0,postmodernism literature modern,['Popular Culture & Media']
9928235548301420.0,postmodernism conference paper and proceeding,['Popular Culture & Media']
9927656007901420.0,postmodernism literature modern,['Popular Culture & Media']
9957054301421.0,postmodernism literature,['Popular Culture & Media']
9932253001421.0,postmodernism literature,['Popular Culture & Media']
9927987980001420.0,literature post postmodernism,"['Modernism & Postmodernism', 'Popular Culture & Media']"
99119258501421.0,postmodernism literature memory,"['Holocaust & Jewish Studies', 'Popular Culture & Media']"
9927597610601420.0,postmodernism literature race postcolonialism,"['Holocaust & Jewish Studies', 'Journalism & Politics', 'Popular Culture & Media']"
9956314201421.0,postmodernism literature criticism culture,['Popular Culture & Media']
9932612701421.0,jung criticism psychoanalysis and literature,['Holocaust & Jewish Studies']
9924606880001420.0,reader response criticism authorship literature book and read,"['Science Fiction & Fantasy', 'Holocaust & Jewish Studies']"
9985372301421.0,reader response criticism transmission text classical literature,"['Science Fiction & Fantasy', 'Modernism & Postmodernism']"
9991082301421.0,reader response criticism literature and society book read,"['Science Fiction & Fantasy', 'Holocaust & Jewish Studies']"
9967099701421.0,reader response criticism mass medium,"['Science Fiction & Fantasy', 'Mass Media & Communication']"
9958516201421.0,criticism theory philosophy poststructuralism,['Gender & Sexuality Identity']
9966112001421.0,structuralism literary analysis criticism linguistic,['Documentary']
99128663601421.0,feminist literary criticism,['Gender & Sexuality Identity']
99128210201421.0,woman critic critical theory electronic book,"['Gender & Sexuality Identity', 'Electronic & Digital Media']"
9928009988201420.0,literature feminism and criticism interpretation etc,['Gender & Sexuality Identity']
99133499601421.0,feminist literary criticism feminism and literature woman,['Poetry']
9985996201421.0,feminist criticism feminism and literature woman,['Poetry']
99199401901421.0,feminist literary criticism feminism and literature woman,['Poetry']
9965874901421.0,feminist literary criticism,['Gender & Sexuality Identity']
9984447901421.0,feminist literary criticism sexual harassment university and college,"['Gender & Sexuality Identity', 'Electronic & Digital Media']"
9927665412901420.0,fairy tale english literature feminism and feminist literary criticism persuasion rhetoric great britain,"['Gender & Sexuality Identity', 'Children & Young Adult']"
99145306401421.0,feminist criticism woman literature witch,"['Gender & Sexuality Identity', 'Children & Young Adult']"
9956625101421.0,feminist literary criticism human body literature woman sex feminism and the art,"['Gender & Sexuality Identity', 'Poetry', 'Film & Theater', 'Popular Culture & Media']"
9957052001421.0,feminist literary criticism and literature exoticism,['Gender & Sexuality Identity']
9957678701421.0,fable,[]
9943093601421.0,feminist literary criticism feminism and literature structuralism analysis,['Poetry']
99197092201421.0,fable russian,['Gender & Sexuality Identity']
9946766201421.0,criticism woman and literature,['Gender & Sexuality Identity']
99119264301421.0,criticism medievalism,[]
9928348154401420.0,criticism intellect intelligence test literature proust marcel paul benjamin walter literary,"['Journalism & Politics', 'Documentary', 'Mass Media & Communication']"
9957999601421.0,criticism literature,['Film & Theater']
9973540101421.0,criticism literature modern english philology,['Film & Theater']
9927516412601420.0,criticism intellectual literature electronic book,"['Electronic & Digital Media', 'Film & Theater', 'Broadcasting & Television']"
99201543301421.0,criticism fiction,['Science Fiction & Fantasy']
